Date,Ticker,Avg_Sentiment,Sentiment_STD,News_Count,Positive_Ratio,Neutral_Ratio,Negative_Ratio
2011-03-03,NVDA,-1.0,0.0,1,0.015090342,0.15981364,0.8250961
2011-03-07,NVDA,0.0,0.0,2,0.064805,0.9094386,0.025756404
2011-03-08,NVDA,0.25,0.9574271077563381,4,0.33130816,0.37451112,0.2941807
2011-03-09,NVDA,0.0,0.0,3,0.060044866,0.92254114,0.017413996
2011-03-11,NVDA,0.0,0.0,2,0.07036708,0.8881717,0.04146122
2011-03-15,NVDA,0.0,0.0,2,0.04597436,0.9400281,0.013997639
2011-03-16,NVDA,-0.5,0.5773502691896257,4,0.020999629,0.50919133,0.46980903
2011-03-23,NVDA,0.0,0.0,1,0.030990353,0.9008706,0.068139024
2011-03-24,NVDA,0.0,0.0,1,0.033382062,0.94705087,0.019567156
2011-03-25,NVDA,0.0,0.0,2,0.055074975,0.90977037,0.03515462
2011-03-28,NVDA,0.25,0.5,4,0.3903255,0.577937,0.031737544
2011-03-29,NVDA,0.0,0.0,1,0.043670464,0.92140174,0.03492785
2011-03-30,NVDA,-1.0,0.0,1,0.032295477,0.20619577,0.7615087
2011-04-04,NVDA,-1.0,0.0,1,0.02778692,0.035228483,0.93698466
2011-04-05,NVDA,0.0,0.0,1,0.029107962,0.9348628,0.03602931
2011-04-06,NVDA,0.0,0.0,1,0.02177762,0.7407196,0.23750283
2011-04-07,NVDA,1.0,0.0,1,0.9418919,0.029607363,0.028500684
2011-04-11,NVDA,-1.0,0.0,1,0.012530705,0.03800094,0.9494684
2011-04-12,NVDA,0.0,1.4142135623730951,2,0.3748467,0.11994362,0.5052097
2011-04-15,NVDA,0.0,0.0,1,0.029950835,0.9093148,0.06073447
2011-04-16,NVDA,0.0,0.0,1,0.05602159,0.93167627,0.01230212
2011-04-19,NVDA,0.0,0.0,2,0.054317713,0.8990114,0.046670943
2011-04-26,NVDA,1.0,0.0,1,0.9183584,0.071811765,0.0098298155
2011-04-27,NVDA,0.0,0.0,2,0.051443674,0.93276453,0.015791893
2011-04-28,NVDA,0.0,0.0,3,0.05726022,0.9135601,0.029179787
2011-04-29,NVDA,0.0,0.0,1,0.035697285,0.8771597,0.08714292
2011-05-09,NVDA,0.0,0.0,3,0.045943856,0.9188921,0.035164062
2011-05-10,NVDA,0.0,0.0,2,0.04029406,0.90664935,0.05305655
2011-05-11,NVDA,0.0,0.0,1,0.03632755,0.9124984,0.051174
2011-05-12,NVDA,-0.25,0.5,4,0.053425357,0.6869503,0.25962433
2011-05-13,NVDA,-0.047619047619047616,0.5895922723535711,21,0.20160028,0.58841753,0.20998217
2011-05-16,NVDA,-0.3333333333333333,0.5773502691896258,3,0.047598917,0.6432319,0.30916914
2011-05-17,NVDA,0.0,0.0,3,0.104545005,0.74360067,0.15185432
2011-05-18,NVDA,0.0,0.0,1,0.08123104,0.8865964,0.032172594
2011-05-23,NVDA,0.0,0.0,1,0.061858233,0.91629654,0.021845236
2011-05-25,NVDA,0.0,0.0,1,0.033997376,0.9467597,0.019242939
2011-05-26,NVDA,0.0,0.0,1,0.024534596,0.92782736,0.047638033
2011-05-31,NVDA,0.5,0.7071067811865476,2,0.4742407,0.50246793,0.02329134
2011-06-01,NVDA,0.0,0.0,1,0.030534063,0.9165497,0.052916348
2011-06-02,NVDA,-1.0,0.0,1,0.0076287626,0.040161643,0.95220953
2011-06-09,NVDA,0.6666666666666666,0.5773502691896258,3,0.45801637,0.51370364,0.02828
2011-06-15,NVDA,-1.0,0.0,1,0.016440729,0.032272395,0.9512869
2011-06-24,NVDA,0.0,0.0,2,0.093485735,0.8653321,0.0411821
2011-06-27,NVDA,0.0,0.0,1,0.025451694,0.94020516,0.034343183
2011-06-28,NVDA,0.0,0.0,1,0.11369035,0.85433257,0.031977102
2011-06-30,NVDA,0.0,0.0,1,0.028475134,0.91061884,0.060905997
2011-07-05,NVDA,0.0,0.0,1,0.025982255,0.91172576,0.06229197
2011-07-19,NVDA,0.0,0.0,3,0.04660803,0.9236602,0.029731756
2011-07-21,NVDA,-0.5,0.7071067811865476,2,0.17904224,0.3724921,0.44846568
2011-07-26,NVDA,0.0,0.0,1,0.22835885,0.7532511,0.01839013
2011-07-28,NVDA,0.0,0.0,1,0.13196677,0.8551878,0.012845396
2011-08-02,NVDA,0.0,0.0,3,0.06524059,0.79194826,0.14281115
2011-08-04,NVDA,0.0,0.0,2,0.08724776,0.8844342,0.028318094
2011-08-07,NVDA,0.0,0.0,1,0.03587971,0.78456867,0.17955159
2011-08-08,NVDA,1.0,0.0,2,0.8614937,0.12427586,0.01423048
2011-08-10,NVDA,1.0,0.0,1,0.77925766,0.20719045,0.01355195
2011-08-11,NVDA,0.5,0.5477225575051661,6,0.4071106,0.5464537,0.04643568
2011-08-12,NVDA,0.045454545454545456,0.7854190708679774,22,0.32810378,0.4016905,0.2702057
2011-08-15,NVDA,0.0,0.0,4,0.10954187,0.861892,0.028566169
2011-08-23,NVDA,0.6666666666666666,0.5773502691896258,3,0.5914271,0.33717546,0.0713975
2011-08-24,NVDA,0.0,0.0,2,0.059980955,0.8971189,0.042900138
2011-08-29,NVDA,0.0,0.0,1,0.15051459,0.83163846,0.017846989
2011-08-31,NVDA,0.0,0.0,1,0.0984167,0.876209,0.025374325
2011-09-05,NVDA,0.0,0.0,2,0.036299348,0.7762671,0.18743356
2011-09-07,NVDA,0.4,0.5477225575051661,5,0.4197734,0.5461549,0.034071665
2011-09-08,NVDA,0.5,0.7071067811865476,2,0.4452209,0.48863587,0.06614326
2011-09-12,NVDA,0.0,0.0,1,0.06548328,0.56477284,0.36974385
2011-09-13,NVDA,1.0,0.0,1,0.727333,0.26631522,0.006351702
2011-09-14,NVDA,0.0,0.0,1,0.18470721,0.7845614,0.030731425
2011-09-15,NVDA,0.0,0.0,2,0.06433398,0.9009249,0.034741122
2011-09-19,NVDA,0.0,0.0,1,0.22835898,0.7532509,0.018390125
2011-09-20,NVDA,0.0,0.0,1,0.22835898,0.7532509,0.018390125
2011-09-26,NVDA,0.0,0.0,1,0.04660051,0.63186187,0.32153764
2011-09-28,NVDA,0.0,0.0,1,0.3587787,0.6282755,0.012945815
2011-09-29,NVDA,-1.0,0.0,1,0.06631974,0.028889198,0.904791
2011-10-04,NVDA,0.0,0.0,1,0.031607103,0.8936362,0.074756734
2011-10-05,NVDA,0.0,0.0,1,0.061883427,0.91133827,0.026778294
2011-10-11,NVDA,0.5,0.7071067811865476,2,0.47606152,0.4810351,0.042903364
2011-10-14,NVDA,0.0,0.0,2,0.06506704,0.8933728,0.041560207
2011-10-21,NVDA,0.0,0.0,3,0.062144224,0.9030923,0.034763534
2011-10-27,NVDA,0.0,0.0,1,0.15304513,0.8171723,0.029782508
2011-10-31,NVDA,0.0,0.0,1,0.026182264,0.91806686,0.055750914
2011-11-01,NVDA,-1.0,0.0,1,0.016494574,0.16290492,0.82060045
2011-11-04,NVDA,0.0,0.0,1,0.123757794,0.85653585,0.019706355
2011-11-08,NVDA,1.0,0.0,1,0.9062198,0.027686134,0.06609412
2011-11-10,NVDA,0.5,0.7071067811865476,2,0.27902642,0.45415038,0.26682323
2011-11-11,NVDA,0.2777777777777778,0.6691131580686884,18,0.36858281,0.51408935,0.11732785
2011-11-14,NVDA,0.0,0.0,2,0.058668107,0.853585,0.08774687
2011-11-17,NVDA,0.0,0.0,1,0.057507068,0.89321715,0.049275745
2011-11-21,NVDA,0.0,1.0,3,0.3130438,0.41912034,0.26783583
2011-11-22,NVDA,0.0,1.0,3,0.26848426,0.3897237,0.34179202
2011-11-28,NVDA,0.0,0.0,1,0.10201607,0.88429147,0.0136924125
2011-12-01,NVDA,-0.3333333333333333,0.5773502691896258,3,0.114568144,0.5667681,0.31866378
2011-12-12,NVDA,-1.0,0.0,2,0.030354202,0.20238851,0.76725733
2011-12-14,NVDA,0.0,0.0,1,0.08640302,0.8988167,0.014780274
2011-12-19,NVDA,-1.0,0.0,1,0.15437213,0.030423354,0.81520456
2011-12-23,NVDA,0.0,0.0,2,0.034146383,0.9092237,0.056629974
2012-01-06,NVDA,0.0,0.0,2,0.08205938,0.8884883,0.029452331
2012-01-11,NVDA,0.0,0.0,2,0.052378498,0.8556601,0.091961384
2012-01-17,NVDA,0.0,0.0,1,0.057748046,0.9215843,0.02066764
2012-01-25,NVDA,-0.2857142857142857,0.7559289460184545,7,0.21125564,0.39285782,0.39588657
2012-02-06,NVDA,0.0,0.0,1,0.40323347,0.58243906,0.0143274665
2012-02-08,NVDA,1.0,0.0,3,0.90870863,0.07005641,0.021234961
2012-02-09,NVDA,0.5,0.7071067811865476,2,0.48517627,0.3655423,0.14928147
2012-02-12,NVDA,0.0,0.0,1,0.035969537,0.70771974,0.25631076
2012-02-13,NVDA,0.8,0.4472135954999579,5,0.78543675,0.18345289,0.031110361
2012-02-16,NVDA,-0.375,0.9161253813129042,8,0.35127854,0.14541784,0.50330365
2012-02-22,NVDA,-1.0,0.0,1,0.053618554,0.22408605,0.72229546
2012-03-07,NVDA,-1.0,0.0,1,0.009350319,0.022074068,0.96857566
2012-03-13,NVDA,-1.0,0.0,1,0.010111765,0.029833872,0.96005434
2012-04-02,NVDA,0.5,0.7071067811865476,2,0.455173,0.29318893,0.25163808
2012-04-03,NVDA,0.0,0.0,1,0.02022182,0.93997526,0.039802954
2012-04-05,NVDA,0.0,0.0,2,0.27441263,0.71333444,0.012252928
2012-04-13,NVDA,0.0,0.0,1,0.031841375,0.9417127,0.026445929
2012-04-16,NVDA,-1.0,0.0,1,0.026774881,0.4625899,0.51063526
2012-04-24,NVDA,0.0,0.0,1,0.025647733,0.9467755,0.027576784
2012-05-06,NVDA,0.0,0.0,1,0.026185451,0.8573601,0.11645449
2012-05-10,NVDA,0.0,0.0,1,0.02247844,0.85057676,0.12694488
2012-05-11,NVDA,0.3,0.8232726023485646,10,0.46855682,0.3010952,0.23034795
2012-05-14,NVDA,-0.6,0.5477225575051662,5,0.089545295,0.4395647,0.47089
2012-05-15,NVDA,0.3333333333333333,0.5773502691896258,3,0.35647026,0.6292627,0.014267069
2012-05-21,NVDA,1.0,0.0,1,0.6347981,0.35315531,0.012046591
2012-05-25,NVDA,0.0,0.0,1,0.024808746,0.9236,0.05159125
2012-05-27,NVDA,-1.0,0.0,1,0.025067769,0.18393111,0.79100114
2012-05-29,NVDA,0.0,0.0,1,0.02943065,0.9134763,0.057093043
2012-05-30,NVDA,0.0,0.0,1,0.020475417,0.93705446,0.042470157
2012-05-31,NVDA,0.0,0.0,3,0.089327216,0.891243,0.01942973
2012-06-04,NVDA,0.0,0.0,1,0.24566007,0.74414885,0.010191005
2012-06-07,NVDA,-1.0,0.0,2,0.015329088,0.030767033,0.9539039
2012-06-11,NVDA,-0.09090909090909091,0.7006490497453707,11,0.24372903,0.5027986,0.25347236
2012-06-13,NVDA,0.0,0.0,1,0.043383166,0.9321034,0.024513476
2012-06-15,NVDA,0.0,0.0,1,0.3112796,0.67835873,0.01036168
2012-06-19,NVDA,0.6666666666666666,0.5773502691896258,3,0.4526333,0.4791602,0.06820649
2012-06-20,NVDA,0.0,1.4142135623730951,2,0.41328123,0.28204873,0.30467007
2012-06-25,NVDA,0.6666666666666666,0.5773502691896258,3,0.57588226,0.4091361,0.014981584
2012-06-27,NVDA,-0.3333333333333333,0.5773502691896258,3,0.031397898,0.6326212,0.3359809
2012-06-28,NVDA,0.0,0.0,1,0.06948936,0.9202293,0.010281346
2012-07-03,NVDA,0.0,0.0,1,0.02272898,0.88109875,0.0961723
2012-07-10,NVDA,-0.5,0.7071067811865476,2,0.15286271,0.39810687,0.4490304
2012-07-16,NVDA,-0.5,0.7071067811865476,2,0.08116274,0.4494315,0.46940574
2012-07-18,NVDA,1.0,0.0,1,0.7683944,0.21900713,0.012598447
2012-07-19,NVDA,0.0,0.0,1,0.07585126,0.9103055,0.0138433
2012-07-31,NVDA,0.0,0.0,1,0.19664681,0.7871578,0.016195426
2012-08-07,NVDA,1.0,0.0,1,0.91889155,0.043622073,0.037486393
2012-08-08,NVDA,0.0,1.4142135623730951,2,0.5614354,0.19330043,0.24526414
2012-08-09,NVDA,0.5,0.7071067811865476,2,0.40412667,0.48237562,0.11349769
2012-08-10,NVDA,0.4166666666666667,0.90033663737852,12,0.6171135,0.15188788,0.23099862
2012-08-13,NVDA,-0.5,0.7071067811865476,2,0.19749573,0.43870378,0.3638005
2012-08-15,NVDA,0.0,0.0,1,0.058403604,0.9234776,0.018118838
2012-08-21,NVDA,0.0,0.0,1,0.04800812,0.9292587,0.022733198
2012-08-27,NVDA,0.0,0.0,1,0.22835885,0.7532511,0.01839013
2012-09-04,NVDA,0.0,0.0,1,0.017554777,0.9066078,0.07583739
2012-09-06,NVDA,0.0,0.0,1,0.29284188,0.69604355,0.011114548
2012-09-07,NVDA,-0.5,0.7071067811865476,2,0.047833353,0.4572429,0.4949237
2012-09-13,NVDA,0.3333333333333333,0.816496580927726,6,0.38975564,0.35830963,0.2519347
2012-09-25,NVDA,0.0,0.0,1,0.09225175,0.8707052,0.03704303
2012-09-27,NVDA,0.0,0.0,1,0.16662106,0.8191204,0.014258559
2012-09-28,NVDA,0.0,0.0,1,0.03677567,0.9463647,0.016859628
2012-10-01,NVDA,-1.0,0.0,1,0.036144216,0.43521175,0.5286441
2012-10-05,NVDA,1.0,0.0,1,0.800967,0.1858559,0.013177117
2012-10-10,NVDA,-1.0,0.0,1,0.097018935,0.20687452,0.69610655
2012-10-16,NVDA,0.0,0.0,1,0.22254781,0.7525188,0.02493337
2012-10-19,NVDA,-1.0,0.0,2,0.028274989,0.052614562,0.9191104
2012-10-23,NVDA,0.0,0.0,1,0.10328348,0.8869649,0.009751591
2012-11-05,NVDA,-0.6666666666666666,0.5773502691896258,3,0.12393562,0.39773086,0.4783335
2012-11-06,NVDA,-1.0,0.0,1,0.16597478,0.27708662,0.5569386
2012-11-07,NVDA,-1.0,0.0,2,0.04269286,0.025613407,0.9316938
2012-11-08,NVDA,-0.6666666666666666,0.5773502691896258,3,0.03012731,0.3329202,0.6369525
2012-11-09,NVDA,-0.125,0.991031208965115,8,0.38470498,0.2443471,0.37094793
2012-11-19,NVDA,0.0,0.0,1,0.071453564,0.9160903,0.012456077
2012-11-28,NVDA,1.0,0.0,1,0.65388006,0.33817628,0.007943552
2012-12-05,NVDA,-1.0,0.0,2,0.014818396,0.08949772,0.8956839
2012-12-11,NVDA,0.0,0.0,1,0.03720624,0.91054153,0.05225226
2012-12-12,NVDA,0.5,0.7071067811865476,2,0.49074844,0.3601693,0.14908229
2012-12-14,NVDA,1.0,0.0,1,0.800967,0.18585597,0.013177129
2012-12-17,NVDA,0.0,0.0,1,0.0831439,0.8558809,0.060975157
2012-12-19,NVDA,0.0,0.0,1,0.037435062,0.68720806,0.2753569
2012-12-20,NVDA,0.0,0.0,1,0.032269713,0.8970784,0.070651904
2012-12-26,NVDA,0.0,0.0,1,0.028667862,0.93066597,0.04066617
2012-12-28,NVDA,-1.0,0.0,1,0.02895032,0.34404024,0.62700945
2013-01-03,NVDA,0.0,0.0,1,0.024857853,0.8543902,0.12075196
2013-01-07,NVDA,0.0,0.0,4,0.08978565,0.87924117,0.030973176
2013-01-08,NVDA,0.0,0.0,1,0.031187067,0.56726176,0.4015512
2013-01-09,NVDA,0.0,0.0,1,0.047265008,0.77617913,0.17655583
2013-01-23,NVDA,0.0,0.0,1,0.118804276,0.85879266,0.022403063
2013-01-28,NVDA,0.0,0.0,1,0.077580184,0.8823936,0.040026147
2013-01-29,NVDA,0.0,0.0,2,0.114897326,0.815061,0.07004173
2013-02-01,NVDA,0.0,0.0,1,0.28338772,0.7076753,0.008937015
2013-02-06,NVDA,0.0,0.0,1,0.0580171,0.8410401,0.10094278
2013-02-12,NVDA,-1.0,0.0,1,0.11567247,0.22793771,0.65638983
2013-02-13,NVDA,0.25,0.5,4,0.24928053,0.6749276,0.0757919
2013-02-14,NVDA,-0.3333333333333333,0.8660254037844386,9,0.2273531,0.30909726,0.4635496
2013-02-15,NVDA,-0.5,0.7071067811865476,2,0.07955402,0.5207596,0.3996864
2013-02-21,NVDA,0.0,0.0,1,0.09617631,0.85933495,0.044488758
2013-02-27,NVDA,0.0,0.0,1,0.03958674,0.80634356,0.15406972
2013-03-02,NVDA,0.0,0.0,1,0.07294273,0.9089674,0.0180899
2013-03-04,NVDA,0.0,0.0,1,0.04641198,0.675944,0.2776441
2013-03-06,NVDA,0.0,0.0,2,0.072089836,0.7339473,0.1939629
2013-03-07,NVDA,1.0,0.0,1,0.5085439,0.47332063,0.01813539
2013-03-11,NVDA,-0.5,0.7071067811865476,2,0.12886201,0.4409318,0.43020624
2013-03-13,NVDA,-0.5,0.7071067811865476,2,0.060888577,0.55034804,0.38876334
2013-03-14,NVDA,0.0,0.0,1,0.05842674,0.8353721,0.10620123
2013-03-15,NVDA,1.0,0.0,1,0.53398746,0.45801488,0.007997687
2013-03-18,NVDA,1.0,0.0,1,0.8288399,0.14150736,0.029652761
2013-03-19,NVDA,-0.3333333333333333,0.5773502691896258,3,0.15598886,0.5233405,0.32067063
2013-03-20,NVDA,-1.0,0.0,1,0.037259717,0.07577954,0.88696074
2013-03-25,NVDA,0.0,0.0,1,0.40323266,0.5824398,0.01432746
2013-03-26,NVDA,1.0,0.0,1,0.6698379,0.20842656,0.121735476
2013-03-31,NVDA,-1.0,0.0,1,0.06690548,0.13579243,0.79730207
2013-04-01,NVDA,0.0,0.0,1,0.025668522,0.9394408,0.034890663
2013-04-03,NVDA,0.0,0.0,1,0.11433251,0.87555754,0.010109939
2013-04-10,NVDA,-1.0,0.0,1,0.014776383,0.12033345,0.8648902
2013-04-11,NVDA,0.25,0.5,4,0.33740568,0.6020247,0.060569674
2013-04-16,NVDA,1.0,0.0,1,0.9513327,0.02428717,0.02438011
2013-04-25,NVDA,0.0,0.0,1,0.027251652,0.92972136,0.043026995
2013-04-26,NVDA,0.0,0.0,1,0.046014182,0.89291894,0.06106692
2013-05-06,NVDA,0.0,0.0,1,0.09653201,0.8771884,0.026279587
2013-05-09,NVDA,0.0,0.0,1,0.02327997,0.85796237,0.1187576
2013-05-10,NVDA,-0.6,0.5477225575051661,5,0.11828196,0.4009513,0.4807667
2013-05-13,NVDA,1.0,0.0,1,0.94316703,0.04653861,0.010294423
2013-05-14,NVDA,0.6666666666666666,0.5773502691896258,3,0.4821191,0.5020638,0.01581703
2013-05-22,NVDA,-1.0,0.0,1,0.025392191,0.012286307,0.9623216
2013-05-23,NVDA,0.0,0.0,2,0.06632775,0.9192694,0.014402856
2013-05-29,NVDA,1.0,0.0,1,0.6136963,0.2377195,0.14858422
2013-06-04,NVDA,-1.0,0.0,1,0.0140705,0.02176005,0.96416944
2013-06-14,NVDA,0.0,0.0,1,0.040085193,0.79743296,0.16248184
2013-06-18,NVDA,0.0,0.0,2,0.12687248,0.86150753,0.011620002
2013-06-19,NVDA,0.0,0.0,2,0.11216663,0.8783152,0.009518186
2013-06-26,NVDA,-1.0,0.0,3,0.068436556,0.13885103,0.7927124
2013-07-05,NVDA,0.0,0.0,1,0.08433567,0.8999628,0.015701571
2013-07-11,NVDA,0.0,0.0,1,0.23571421,0.6978031,0.06648271
2013-07-23,NVDA,0.0,0.0,1,0.035321966,0.8999013,0.06477672
2013-07-24,NVDA,0.0,0.0,2,0.09584725,0.8837684,0.020384386
2013-07-25,NVDA,-1.0,0.0,1,0.0099845175,0.030715715,0.95929974
2013-07-31,NVDA,-0.5,0.7071067811865476,2,0.019751266,0.5019437,0.47830498
2013-08-01,NVDA,0.0,0.0,1,0.035829302,0.8872515,0.07691917
2013-08-05,NVDA,0.0,0.0,1,0.038744926,0.77960765,0.18164739
2013-08-06,NVDA,0.5,0.7071067811865476,2,0.54594475,0.44099638,0.013058815
2013-08-07,NVDA,0.0,0.0,1,0.023698151,0.8942518,0.08204993
2013-08-08,NVDA,0.0,0.0,1,0.023924375,0.85743755,0.11863812
2013-08-09,NVDA,0.25,0.9574271077563381,4,0.3743999,0.29733884,0.32826126
2013-08-12,NVDA,0.0,0.0,2,0.20063862,0.75205135,0.047310032
2013-08-19,NVDA,0.0,0.0,1,0.092244215,0.89562774,0.012127953
2013-08-21,NVDA,0.0,1.4142135623730951,2,0.34613633,0.17012286,0.48374084
2013-08-22,NVDA,0.0,0.0,1,0.0589604,0.9267897,0.01424988
2013-08-27,NVDA,-1.0,0.0,1,0.012798992,0.126553,0.86064804
2013-09-09,NVDA,0.5,0.7071067811865476,2,0.36882675,0.61598146,0.01519181
2013-09-12,NVDA,0.0,0.0,1,0.058922727,0.6972181,0.24385916
2013-09-15,NVDA,0.0,0.0,1,0.076009355,0.9000931,0.023897618
2013-09-17,NVDA,0.0,0.0,2,0.028703209,0.9248862,0.046410475
2013-09-27,NVDA,0.0,1.4142135623730951,2,0.50173074,0.074205846,0.42406344
2013-10-09,NVDA,0.0,0.0,1,0.24658494,0.70186263,0.05155244
2013-10-11,NVDA,-0.4,0.8944271909999159,5,0.16187926,0.23631194,0.60180885
2013-10-22,NVDA,0.0,0.0,2,0.10685542,0.75123405,0.1419105
2013-10-26,NVDA,0.0,0.0,1,0.02117224,0.54216665,0.43666115
2013-10-29,NVDA,0.0,0.0,1,0.056126337,0.9305009,0.013372736
2013-11-07,NVDA,0.0,0.0,1,0.023179574,0.86423796,0.11258254
2013-11-08,NVDA,0.75,0.5,4,0.6366899,0.24398366,0.11932644
2013-11-13,NVDA,-1.0,0.0,1,0.18394956,0.07184099,0.7442094
2013-11-18,NVDA,-0.4,0.8944271909999159,5,0.23269232,0.2584043,0.5089033
2013-11-19,NVDA,0.0,0.0,1,0.084594585,0.8891723,0.026233086
2013-11-26,NVDA,0.0,0.0,1,0.06607151,0.92302996,0.010898528
2013-12-03,NVDA,0.0,1.4142135623730951,2,0.48143685,0.023944702,0.49461848
2013-12-11,NVDA,1.0,0.0,1,0.95281726,0.027085222,0.020097513
2013-12-19,NVDA,-1.0,0.0,1,0.012363645,0.04670715,0.94092923
2014-01-09,NVDA,-0.3333333333333333,0.5773502691896258,3,0.07584387,0.5400272,0.38412893
2014-01-13,NVDA,0.0,0.0,1,0.019667702,0.909856,0.07047634
2014-01-14,NVDA,0.0,0.0,1,0.032039046,0.9369527,0.03100825
2014-01-21,NVDA,0.5,0.5773502691896257,4,0.50219536,0.4648624,0.032942206
2014-02-03,NVDA,1.0,0.0,1,0.87231034,0.10926208,0.01842766
2014-02-10,NVDA,0.0,0.0,1,0.03751946,0.9050894,0.05739117
2014-02-12,NVDA,0.0,0.0,1,0.024740076,0.8281978,0.1470622
2014-02-13,NVDA,0.9090909090909091,0.30151134457776363,11,0.756942,0.1796027,0.063455336
2014-02-14,NVDA,0.0,0.0,1,0.38183707,0.6104286,0.007734359
2014-02-21,NVDA,1.0,0.0,1,0.7134158,0.18481204,0.10177219
2014-02-24,NVDA,0.0,0.0,1,0.066559605,0.90508926,0.028351123
2014-03-19,NVDA,0.5,0.7071067811865476,2,0.42107588,0.5609446,0.017979492
2014-03-20,NVDA,1.0,0.0,1,0.80998486,0.052951623,0.13706344
2014-03-21,NVDA,-1.0,0.0,1,0.271707,0.09613464,0.63215834
2014-03-24,NVDA,-0.6666666666666666,0.5773502691896258,3,0.047292877,0.3511536,0.6015535
2014-03-25,NVDA,0.0,0.0,2,0.25263962,0.719593,0.027767362
2014-04-01,NVDA,0.3333333333333333,0.5773502691896258,3,0.3931311,0.5488977,0.05797117
2014-04-03,NVDA,-0.25,0.5,4,0.063556224,0.59340286,0.34304094
2014-04-11,NVDA,0.5,0.7071067811865476,2,0.35728046,0.62840116,0.014318424
2014-05-06,NVDA,-0.6666666666666666,0.5773502691896258,3,0.052804533,0.33600593,0.61118954
2014-05-07,NVDA,0.0,0.0,1,0.06954215,0.7749535,0.15550436
2014-05-09,NVDA,1.0,0.0,1,0.5281708,0.10195147,0.36987767
2014-05-19,NVDA,0.3333333333333333,0.5773502691896258,3,0.40473866,0.57901543,0.016245903
2014-05-28,NVDA,0.0,0.0,1,0.05376309,0.89361936,0.05261753
2014-06-09,NVDA,0.0,0.0,1,0.419465,0.5353153,0.0452197
2014-06-19,NVDA,-0.6,0.5477225575051661,5,0.06699682,0.4792419,0.45376128
2014-06-23,NVDA,-0.2,0.8366600265340756,5,0.1687606,0.47853002,0.35270944
2014-07-17,NVDA,-1.0,0.0,1,0.036063846,0.19513892,0.7687972
2014-08-04,NVDA,1.0,0.0,2,0.68558437,0.17349516,0.14092049
2014-08-07,NVDA,0.0,0.0,1,0.026221143,0.8393242,0.13445465
2014-08-08,NVDA,0.3076923076923077,0.7510676161988107,13,0.4128547,0.3864632,0.20068206
2014-08-09,NVDA,-1.0,0.0,1,0.018674688,0.10454971,0.87677556
2014-08-11,NVDA,1.0,0.0,1,0.49610436,0.12810522,0.3757904
2014-08-26,NVDA,0.0,0.0,3,0.09255203,0.7912245,0.11622346
2014-10-02,NVDA,0.0,0.0,1,0.07110825,0.90053916,0.028352575
2014-10-10,NVDA,-1.0,0.0,1,0.07167277,0.018224359,0.91010284
2014-10-13,NVDA,1.0,0.0,1,0.9136626,0.056335922,0.030001443
2014-10-21,NVDA,0.0,0.0,2,0.113102086,0.63590765,0.25099027
2014-10-22,NVDA,0.0,0.0,1,0.021068076,0.935983,0.04294901
2014-11-03,NVDA,0.0,0.816496580927726,4,0.34191218,0.39310357,0.26498425
2014-11-04,NVDA,0.5,0.7071067811865476,2,0.46601677,0.401909,0.13207427
2014-11-06,NVDA,0.0,0.0,4,0.03038278,0.89162004,0.07799719
2014-11-07,NVDA,0.75,0.5,4,0.61124045,0.2906276,0.09813191
2014-11-13,NVDA,0.0,0.0,1,0.061940894,0.7833105,0.1547486
2014-11-19,NVDA,-1.0,0.0,1,0.013403578,0.13212413,0.85447234
2014-11-21,NVDA,0.0,0.0,1,0.053333692,0.91330224,0.033364024
2014-12-08,NVDA,0.0,0.0,2,0.06919192,0.89247954,0.038328636
2014-12-19,NVDA,0.16666666666666666,0.752772652709081,6,0.3570081,0.4688333,0.17415863
2014-12-23,NVDA,0.0,0.0,1,0.02233829,0.6518788,0.32578292
2015-01-05,NVDA,0.0,0.0,1,0.050079085,0.92417806,0.025742905
2015-01-06,NVDA,0.0,0.0,1,0.035426166,0.919814,0.044759784
2015-01-09,NVDA,0.0,0.0,1,0.15651177,0.83470213,0.00878612
2015-01-23,NVDA,0.0,0.0,1,0.11539448,0.6301601,0.2544454
2015-01-29,NVDA,0.0,0.0,1,0.15839277,0.7955132,0.04609406
2015-02-08,NVDA,0.0,0.0,1,0.024862012,0.92614526,0.048992682
2015-02-09,NVDA,1.0,0.0,1,0.93160206,0.05277266,0.015625319
2015-02-11,NVDA,0.0,0.0,3,0.034602944,0.8942926,0.07110446
2015-02-12,NVDA,0.6,0.5163977794943222,10,0.48215055,0.4353117,0.08253772
2015-02-27,NVDA,-1.0,0.0,1,0.13764325,0.2256532,0.6367035
2015-03-05,NVDA,0.0,0.0,1,0.07841305,0.90612566,0.015461196
2015-03-10,NVDA,0.5,0.7071067811865476,2,0.45023498,0.49275327,0.05701177
2015-03-12,NVDA,0.0,0.0,1,0.030836307,0.6238519,0.34531173
2015-03-16,NVDA,1.0,0.0,1,0.846416,0.14404817,0.0095358575
2015-03-17,NVDA,0.0,0.0,1,0.04531226,0.9120804,0.04260736
2015-03-19,NVDA,0.0,1.0,3,0.33391607,0.3683283,0.2977556
2015-03-23,NVDA,-0.5,0.7071067811865476,2,0.01607398,0.44760534,0.5363206
2015-03-24,NVDA,0.0,0.0,1,0.0783189,0.9037977,0.017883452
2015-03-30,NVDA,0.0,0.0,1,0.3441676,0.6477685,0.008063878
2015-04-01,NVDA,0.0,0.0,1,0.11447743,0.8295548,0.055967867
2015-04-06,NVDA,1.0,0.0,1,0.9359712,0.033150543,0.030878214
2015-04-15,NVDA,1.0,0.0,1,0.8704896,0.036295,0.093215466
2015-04-20,NVDA,0.0,0.0,1,0.060136106,0.88239676,0.057467155
2015-05-01,NVDA,0.0,0.0,1,0.059404675,0.927255,0.013340291
2015-05-06,NVDA,-0.5,0.7071067811865476,2,0.017319957,0.4976961,0.48498395
2015-05-07,NVDA,0.25,0.5,4,0.24428512,0.6705332,0.08518168
2015-05-08,NVDA,0.0,0.816496580927726,13,0.31784156,0.32903826,0.35312018
2015-05-11,NVDA,-1.0,0.0,1,0.01928539,0.035291847,0.9454228
2015-05-14,NVDA,-1.0,0.0,1,0.12952194,0.047404047,0.823074
2015-05-27,NVDA,0.0,0.0,2,0.08094089,0.89010185,0.028957253
2015-05-28,NVDA,0.0,0.0,1,0.054382406,0.9251273,0.020490298
2015-06-04,NVDA,-1.0,0.0,1,0.012411309,0.08687464,0.9007141
2015-06-10,NVDA,-1.0,0.0,3,0.024055146,0.19908501,0.7768598
2015-06-11,NVDA,0.0,0.0,1,0.15887052,0.8328045,0.008324916
2015-06-12,NVDA,0.5,0.7071067811865476,2,0.43702042,0.5423106,0.020669006
2015-06-15,NVDA,0.0,0.0,1,0.04339862,0.928005,0.02859647
2015-06-17,NVDA,0.0,0.0,1,0.12042906,0.86656356,0.013007394
2015-06-20,NVDA,0.0,0.0,1,0.080769405,0.8852072,0.034023426
2015-06-29,NVDA,0.0,0.0,1,0.055975392,0.90188205,0.042142533
2015-07-02,NVDA,0.0,0.0,2,0.0772453,0.8044884,0.11826627
2015-07-07,NVDA,0.0,0.0,1,0.22670598,0.7413255,0.031968534
2015-07-17,NVDA,-1.0,0.0,1,0.007943277,0.025489472,0.9665672
2015-07-20,NVDA,1.0,0.0,1,0.81351155,0.17388555,0.012602898
2015-07-30,NVDA,0.0,0.0,1,0.03860312,0.8104706,0.15092622
2015-08-03,NVDA,0.4,0.5477225575051661,5,0.4258431,0.54936326,0.02479369
2015-08-06,NVDA,0.0,0.0,2,0.039735045,0.88340485,0.07686011
2015-08-07,NVDA,0.2,0.7745966692414834,15,0.3918721,0.38065204,0.22747582
2015-08-10,NVDA,0.0,0.0,1,0.02512212,0.902623,0.07225484
2015-08-11,NVDA,-0.5,0.7071067811865476,2,0.2528466,0.43754867,0.30960473
2015-08-13,NVDA,1.0,0.0,1,0.94930255,0.034911186,0.015786313
2015-08-21,NVDA,-1.0,0.0,1,0.031591695,0.033764835,0.93464345
2015-08-24,NVDA,1.0,0.0,1,0.91100544,0.07578334,0.013211265
2015-08-26,NVDA,1.0,0.0,1,0.9418664,0.04400367,0.01412987
2015-08-27,NVDA,1.0,0.0,1,0.5935109,0.1763596,0.23012951
2015-09-01,NVDA,-1.0,0.0,1,0.008270114,0.018254533,0.9734753
2015-09-17,NVDA,0.25,0.9574271077563381,4,0.43815887,0.3138853,0.24795583
2015-09-23,NVDA,0.5,0.7071067811865476,2,0.5178073,0.473337,0.008855739
2015-09-25,NVDA,1.0,0.0,1,0.7134155,0.18481214,0.10177228
2015-09-28,NVDA,0.0,0.0,1,0.0798075,0.89131695,0.028875638
2015-09-30,NVDA,1.0,0.0,1,0.7134155,0.18481214,0.10177228
2015-10-01,NVDA,0.0,0.0,1,0.07925496,0.8241,0.09664503
2015-10-05,NVDA,1.0,0.0,1,0.7134155,0.18481214,0.10177228
2015-10-09,NVDA,-1.0,0.0,1,0.15563828,0.029357914,0.81500375
2015-10-12,NVDA,0.0,0.0,2,0.0701974,0.9157034,0.014099134
2015-10-14,NVDA,0.0,1.4142135623730951,2,0.5222534,0.17545033,0.30229622
2015-10-16,NVDA,0.0,0.0,2,0.09759534,0.76987445,0.13253021
2015-10-28,NVDA,0.0,0.0,1,0.051746525,0.9053614,0.042892117
2015-10-30,NVDA,0.6666666666666666,0.5773502691896258,3,0.64526755,0.31007242,0.044659976
2015-11-03,NVDA,-1.0,0.0,3,0.03393388,0.23359448,0.73247164
2015-11-04,NVDA,0.0,0.0,1,0.035075307,0.7623524,0.20257227
2015-11-05,NVDA,0.0,0.0,5,0.0290409,0.88111556,0.08984363
2015-11-06,NVDA,0.25,0.7745966692414834,16,0.39300647,0.41814905,0.1888445
2015-11-09,NVDA,0.0,0.0,1,0.061373394,0.9214863,0.017140305
2015-11-13,NVDA,0.0,0.0,1,0.043285903,0.9255887,0.031125393
2015-11-16,NVDA,0.3333333333333333,0.5773502691896258,3,0.37258145,0.60380137,0.023617206
2015-11-30,NVDA,0.0,0.0,1,0.031962883,0.93017197,0.037865207
2015-12-09,NVDA,0.0,0.0,1,0.03542646,0.904817,0.059756514
2015-12-14,NVDA,-1.0,0.0,1,0.008556982,0.05192474,0.9395183
2015-12-16,NVDA,0.0,0.0,1,0.14359188,0.84643126,0.009976823
2015-12-17,NVDA,0.0,0.0,1,0.036534198,0.8985467,0.06491915
2015-12-22,NVDA,0.3333333333333333,0.5773502691896258,3,0.42658985,0.5648585,0.008551664
2015-12-24,NVDA,1.0,0.0,2,0.9344302,0.024377394,0.041192442
2015-12-28,NVDA,0.75,0.5,4,0.6432538,0.31911132,0.037634887
2015-12-29,NVDA,0.0,0.0,1,0.049407013,0.8773903,0.073202565
2015-12-30,NVDA,1.0,0.0,1,0.71341527,0.18481238,0.1017724
2016-01-05,NVDA,0.0,0.0,1,0.13235338,0.85366386,0.013982732
2016-01-06,NVDA,0.3333333333333333,0.5773502691896258,3,0.23449092,0.73198014,0.033528913
2016-01-13,NVDA,0.0,0.0,1,0.06641078,0.8118554,0.1217338
2016-01-14,NVDA,-0.25,0.9574271077563381,4,0.24635357,0.409156,0.34449038
2016-01-15,NVDA,1.0,0.0,1,0.89904416,0.035493206,0.06546263
2016-01-19,NVDA,0.0,0.0,1,0.052617144,0.85176843,0.09561447
2016-01-20,NVDA,-1.0,0.0,1,0.006781558,0.025321867,0.96789664
2016-01-21,NVDA,1.0,0.0,3,0.64934033,0.3406159,0.010043793
2016-01-22,NVDA,1.0,0.0,1,0.6524092,0.31522125,0.032369506
2016-02-05,NVDA,0.0,0.0,1,0.03656992,0.9451565,0.018273667
2016-02-12,NVDA,0.0,0.0,1,0.17072886,0.52477074,0.30450037
2016-02-17,NVDA,0.0,0.0,5,0.120415375,0.70997727,0.1696074
2016-02-18,NVDA,0.09090909090909091,0.5393598899705937,11,0.24772333,0.59386945,0.1584072
2016-02-19,NVDA,-1.0,0.0,1,0.062326584,0.05928135,0.87839204
2016-02-24,NVDA,-1.0,0.0,1,0.014808202,0.023884093,0.96130776
2016-02-29,NVDA,0.0,0.0,1,0.026871903,0.90163004,0.07149815
2016-03-08,NVDA,0.0,0.0,2,0.04868937,0.88712,0.06419057
2016-03-14,NVDA,0.0,0.0,2,0.051612798,0.8583325,0.09005463
2016-03-18,NVDA,0.0,0.0,2,0.10281938,0.87356865,0.023611937
2016-03-21,NVDA,0.5,0.7071067811865476,2,0.39985883,0.57325923,0.026881974
2016-03-23,NVDA,0.3333333333333333,0.5773502691896258,3,0.50541633,0.4809573,0.013626337
2016-03-24,NVDA,0.0,0.0,2,0.1593866,0.8039024,0.03671099
2016-03-29,NVDA,0.3333333333333333,0.5773502691896258,3,0.28290075,0.6956632,0.021436006
2016-04-04,NVDA,0.6666666666666666,0.5773502691896258,3,0.49782228,0.45688978,0.045288008
2016-04-06,NVDA,-0.6666666666666666,0.5773502691896258,3,0.05132763,0.27095196,0.67772037
2016-04-08,NVDA,0.0,0.0,1,0.22459386,0.7628628,0.012543329
2016-04-13,NVDA,0.0,0.0,1,0.23963125,0.731894,0.028474675
2016-04-28,NVDA,0.0,0.0,1,0.031456187,0.9490855,0.019458309
2016-05-02,NVDA,0.0,0.0,1,0.107945874,0.8690571,0.022996997
2016-05-03,NVDA,0.0,0.0,1,0.023247905,0.9439542,0.032797873
2016-05-12,NVDA,0.0,0.0,3,0.071038485,0.80047685,0.12848459
2016-05-13,NVDA,0.08695652173913043,0.668311541278118,23,0.2994619,0.50452304,0.19601509
2016-05-16,NVDA,0.3333333333333333,0.5773502691896258,3,0.26653603,0.6623494,0.07111451
2016-05-19,NVDA,0.0,0.0,2,0.20758411,0.7636018,0.028814139
2016-05-20,NVDA,1.0,0.0,1,0.71341467,0.18481278,0.10177251
2016-05-26,NVDA,0.0,0.0,1,0.06835681,0.86636335,0.065279886
2016-06-02,NVDA,0.4,0.5477225575051661,5,0.33124727,0.6328978,0.035854883
2016-06-03,NVDA,0.0,0.0,1,0.06513727,0.92292273,0.011940079
2016-06-13,NVDA,0.0,0.0,3,0.13775446,0.81319076,0.049054787
2016-06-14,NVDA,0.0,0.0,1,0.051466208,0.8289695,0.119564325
2016-06-15,NVDA,0.0,0.0,1,0.20881014,0.78287995,0.008309873
2016-06-16,NVDA,0.0,0.0,1,0.1272387,0.85506546,0.017695786
2016-06-17,NVDA,0.0,0.0,2,0.04678487,0.9002756,0.05293949
2016-06-20,NVDA,0.0,0.0,1,0.041976113,0.9365713,0.021452647
2016-06-21,NVDA,0.5,0.7071067811865476,2,0.28274673,0.6691465,0.048106812
2016-06-22,NVDA,0.0,0.0,1,0.017696677,0.8150115,0.16729185
2016-06-27,NVDA,0.0,0.0,1,0.24849106,0.7390518,0.01245711
2016-06-28,NVDA,-1.0,0.0,1,0.012299634,0.031210188,0.95649016
2016-07-06,NVDA,0.0,0.0,1,0.03265506,0.92420197,0.043142907
2016-07-08,NVDA,0.0,0.0,1,0.06518865,0.861124,0.07368741
2016-07-11,NVDA,1.0,0.0,1,0.8363306,0.054515507,0.109153956
2016-07-15,NVDA,-0.5,0.5477225575051661,6,0.0640871,0.4881947,0.44771823
2016-07-18,NVDA,0.5,0.7071067811865476,2,0.49366367,0.48851898,0.017817318
2016-07-19,NVDA,0.0,0.0,2,0.19994612,0.786729,0.013324942
2016-07-27,NVDA,0.5,0.7071067811865476,2,0.4336918,0.5495264,0.016781826
2016-08-04,NVDA,0.0,0.0,1,0.1391428,0.7318689,0.12898822
2016-08-05,NVDA,0.0,0.0,2,0.0733012,0.83191687,0.09478195
2016-08-07,NVDA,0.0,0.0,1,0.049345497,0.92456084,0.026093734
2016-08-08,NVDA,0.3333333333333333,0.5773502691896258,3,0.19591217,0.7407548,0.06333304
2016-08-09,NVDA,0.0,0.0,1,0.118839994,0.75276107,0.12839894
2016-08-10,NVDA,0.0,0.0,3,0.059030067,0.9210482,0.01992169
2016-08-11,NVDA,0.2,0.447213595499958,5,0.17626144,0.6532262,0.17051236
2016-08-12,NVDA,0.29411764705882354,0.6859943405700354,17,0.4211891,0.4082825,0.1705284
2016-08-15,NVDA,0.0,0.0,1,0.25857255,0.7268666,0.01456087
2016-08-18,NVDA,0.0,0.0,1,0.078371815,0.89937216,0.022256065
2016-08-19,NVDA,0.0,0.0,1,0.18654664,0.7955034,0.017949942
2016-08-24,NVDA,0.0,0.0,1,0.072453886,0.91260177,0.014944302
2016-08-25,NVDA,1.0,0.0,1,0.889118,0.07216782,0.038714137
2016-09-01,NVDA,0.0,0.0,1,0.37070727,0.61950976,0.00978296
2016-09-07,NVDA,0.0,0.0,1,0.034902148,0.7921839,0.17291401
2016-09-09,NVDA,-1.0,0.0,1,0.017429115,0.26697996,0.7155909
2016-09-13,NVDA,0.0,0.0,1,0.06644213,0.82926035,0.10429757
2016-09-16,NVDA,-0.2,0.8366600265340756,5,0.35964373,0.44167814,0.19867815
2016-09-20,NVDA,0.0,0.0,3,0.077149265,0.90161973,0.021230998
2016-09-22,NVDA,0.0,0.0,1,0.04852714,0.93589056,0.015582312
2016-09-28,NVDA,1.0,0.0,1,0.5514385,0.44040957,0.0081519475
2016-09-29,NVDA,1.0,0.0,1,0.8913999,0.078572966,0.030027123
2016-10-04,NVDA,-0.5,0.7071067811865476,2,0.10327999,0.49420547,0.40251458
2016-10-05,NVDA,0.0,0.0,1,0.041117717,0.93773085,0.021151455
2016-10-06,NVDA,-0.6666666666666666,0.5773502691896258,3,0.036226626,0.4512143,0.512559
2016-10-07,NVDA,-1.0,0.0,1,0.04116704,0.020156957,0.93867606
2016-10-10,NVDA,1.0,0.0,1,0.8997317,0.09360325,0.0066650505
2016-10-13,NVDA,0.0,0.0,1,0.059591707,0.9260639,0.014344457
2016-10-17,NVDA,1.0,0.0,1,0.9508236,0.03264601,0.016530385
2016-10-20,NVDA,0.5,0.7071067811865476,2,0.4734185,0.49532038,0.03126113
2016-10-24,NVDA,0.5,0.7071067811865476,2,0.49421144,0.4909306,0.014857872
2016-10-25,NVDA,0.5,0.7071067811865476,2,0.37710947,0.6081142,0.014776375
2016-10-27,NVDA,0.5,0.7071067811865476,2,0.64380866,0.3414452,0.014746055
2016-11-02,NVDA,0.0,0.0,3,0.08201316,0.8935798,0.024407009
2016-11-04,NVDA,0.5,0.7071067811865476,2,0.4363915,0.5133953,0.05021315
2016-11-07,NVDA,0.25,0.9574271077563382,4,0.47589862,0.28531384,0.23878753
2016-11-10,NVDA,-0.3333333333333333,0.5773502691896258,3,0.03287075,0.6142282,0.35290113
2016-11-11,NVDA,0.2222222222222222,0.7510676161988107,27,0.39905205,0.36739877,0.23354919
2016-11-13,NVDA,1.0,0.0,1,0.8663914,0.116716646,0.01689195
2016-11-14,NVDA,-0.16666666666666666,0.752772652709081,6,0.16096206,0.49122593,0.34781206
2016-11-16,NVDA,0.25,0.9574271077563381,4,0.4689615,0.20609689,0.3249416
2016-11-17,NVDA,0.0,0.0,1,0.041382633,0.8997184,0.058898933
2016-11-18,NVDA,0.0,0.0,3,0.1924938,0.61238873,0.19511747
2016-11-22,NVDA,0.5,0.7071067811865476,2,0.4803924,0.4537738,0.06583381
2016-11-23,NVDA,0.0,0.0,1,0.14178154,0.5846328,0.27358562
2016-11-28,NVDA,0.0,0.0,2,0.04147494,0.9085603,0.04996472
2016-11-30,NVDA,0.0,0.0,1,0.48558396,0.5033135,0.011102494
2016-12-01,NVDA,-1.0,0.0,2,0.014028199,0.042513248,0.94345856
2016-12-05,NVDA,1.0,0.0,2,0.8764907,0.06954182,0.05396752
2016-12-06,NVDA,0.0,0.0,1,0.07148299,0.86406255,0.064454414
2016-12-07,NVDA,0.0,0.0,2,0.05456747,0.9273559,0.018076632
2016-12-08,NVDA,-1.0,0.0,1,0.023905,0.0653992,0.91069573
2016-12-09,NVDA,-1.0,0.0,1,0.14303729,0.19706534,0.6598974
2016-12-12,NVDA,-0.75,0.5,4,0.0520232,0.23541139,0.7125654
2016-12-13,NVDA,0.0,0.0,2,0.12989876,0.8421813,0.027919926
2016-12-14,NVDA,0.2222222222222222,0.6666666666666666,9,0.39412665,0.47489855,0.13097483
2016-12-15,NVDA,0.3333333333333333,0.5773502691896258,3,0.26456335,0.6742287,0.06120786
2016-12-19,NVDA,0.0,0.0,3,0.050761726,0.8106478,0.1385905
2016-12-20,NVDA,0.6666666666666666,0.5773502691896258,3,0.41153753,0.43849495,0.14996748
2016-12-22,NVDA,0.0,0.0,1,0.36874065,0.6218773,0.009382055
2016-12-27,NVDA,0.5,0.5773502691896257,4,0.5171536,0.4217532,0.0610931
2016-12-28,NVDA,-0.1,0.5525062514530825,20,0.14951259,0.660719,0.18976846
2016-12-29,NVDA,-0.1,0.875595035770913,10,0.2710217,0.31125814,0.41772017
2016-12-30,NVDA,0.0,0.7071067811865476,5,0.30186608,0.58513904,0.11299487
2017-01-02,NVDA,0.0,0.0,2,0.07594198,0.72002304,0.20403507
2017-01-03,NVDA,0.0,1.4142135623730951,2,0.4137973,0.14943372,0.43676904
2017-01-04,NVDA,0.0,0.0,1,0.051762536,0.86002815,0.0882094
2017-01-05,NVDA,0.25,0.5,4,0.30182698,0.5961654,0.102007635
2017-01-06,NVDA,0.0,0.7071067811865476,5,0.18428473,0.61347395,0.20224127
2017-01-09,NVDA,0.16666666666666666,0.408248290463863,6,0.19284274,0.76402926,0.043128017
2017-01-10,NVDA,-0.6666666666666666,0.5773502691896258,3,0.015957782,0.35788622,0.6261559
2017-01-11,NVDA,-0.25,0.5,4,0.04406461,0.6961726,0.25976282
2017-01-13,NVDA,0.0,0.0,1,0.024280977,0.71266365,0.26305538
2017-01-18,NVDA,0.0,0.0,1,0.41166225,0.58024853,0.008089185
2017-01-19,NVDA,0.0,0.0,2,0.104359664,0.8424551,0.053185277
2017-01-23,NVDA,0.0,0.0,1,0.0800413,0.887348,0.032610793
2017-01-24,NVDA,0.0,0.0,1,0.14310305,0.83368796,0.023208989
2017-01-27,NVDA,0.0,0.0,1,0.040517643,0.9209642,0.038518224
2017-01-30,NVDA,0.0,0.0,1,0.03943814,0.9245217,0.03604021
2017-02-01,NVDA,-1.0,0.0,1,0.008145202,0.02443815,0.96741664
2017-02-03,NVDA,-1.0,0.0,1,0.026879655,0.32441956,0.6487008
2017-02-05,NVDA,0.0,0.0,1,0.033385556,0.9451652,0.021449275
2017-02-06,NVDA,-0.75,0.5,4,0.0275545,0.31339258,0.6590529
2017-02-07,NVDA,1.0,0.0,4,0.7598601,0.122954905,0.11718499
2017-02-08,NVDA,0.0,1.4142135623730951,2,0.47051004,0.06249167,0.4669983
2017-02-09,NVDA,0.0,0.6324555320336759,6,0.16630673,0.65258557,0.18110774
2017-02-10,NVDA,0.15789473684210525,0.8342100651206134,19,0.43779248,0.3087623,0.25344524
2017-02-13,NVDA,0.3333333333333333,0.5773502691896258,3,0.3513212,0.61686397,0.031814862
2017-02-14,NVDA,0.0,0.0,1,0.087353304,0.7965781,0.11606859
2017-02-15,NVDA,0.0,0.0,1,0.06473178,0.91780347,0.017464751
2017-02-16,NVDA,0.0,0.0,1,0.025742253,0.9099475,0.064310215
2017-02-23,NVDA,-0.29411764705882354,0.6859943405700353,17,0.13234073,0.42567742,0.44198185
2017-02-24,NVDA,0.0,0.0,7,0.04483993,0.8996838,0.05547634
2017-02-27,NVDA,0.0,0.0,3,0.029600712,0.9336774,0.03672188
2017-02-28,NVDA,0.0,0.0,1,0.022935355,0.9368278,0.040236946
2017-03-01,NVDA,0.0,0.0,5,0.22567908,0.6982481,0.076072864
2017-03-02,NVDA,0.0,1.0,3,0.39253306,0.4683864,0.13908051
2017-03-03,NVDA,0.0,0.0,1,0.017956438,0.8925535,0.0894901
2017-03-06,NVDA,0.5,0.7071067811865476,2,0.5218062,0.44757298,0.030620798
2017-03-07,NVDA,0.3333333333333333,0.5773502691896258,3,0.22423553,0.74045306,0.03531136
2017-03-09,NVDA,1.0,0.0,1,0.9483416,0.033282127,0.01837622
2017-03-10,NVDA,1.0,0.0,1,0.8359726,0.12952717,0.034500223
2017-03-13,NVDA,0.0,0.816496580927726,4,0.25337714,0.5078639,0.238759
2017-03-14,NVDA,0.0,0.0,2,0.073529266,0.7308783,0.19559248
2017-03-15,NVDA,0.0,0.0,2,0.2641231,0.7258822,0.0099947695
2017-03-16,NVDA,0.5,0.7071067811865476,2,0.43296498,0.55448574,0.012549308
2017-03-17,NVDA,-0.5,0.7071067811865476,2,0.12321083,0.4412409,0.43554825
2017-03-20,NVDA,0.5,0.7071067811865476,2,0.4739307,0.49250665,0.033562627
2017-03-21,NVDA,0.0,0.0,2,0.0384129,0.9343601,0.027226962
2017-03-22,NVDA,0.0,0.0,1,0.07073377,0.65413654,0.2751297
2017-03-23,NVDA,-0.6666666666666666,0.5773502691896258,3,0.021311102,0.32619876,0.65249014
2017-03-24,NVDA,0.0,0.0,2,0.09033367,0.8895786,0.020087803
2017-03-30,NVDA,0.0,0.0,1,0.04780378,0.9365789,0.0156171825
2017-03-31,NVDA,0.0,0.0,1,0.069386415,0.92088705,0.00972651
2017-04-03,NVDA,0.0,0.0,1,0.02991262,0.7105769,0.2595105
2017-04-04,NVDA,-0.6666666666666666,0.5163977794943222,6,0.04085271,0.36610794,0.59303933
2017-04-05,NVDA,-1.0,0.0,2,0.015135564,0.040207926,0.9446565
2017-04-06,NVDA,-0.5,0.7071067811865476,2,0.02624071,0.47892317,0.49483615
2017-04-07,NVDA,1.0,0.0,1,0.8387941,0.1460477,0.015158161
2017-04-09,NVDA,0.0,0.0,1,0.08754286,0.8994144,0.013042664
2017-04-10,NVDA,-0.6666666666666666,0.5773502691896258,3,0.029689455,0.421591,0.5487196
2017-04-11,NVDA,0.0,0.0,1,0.06376132,0.8821749,0.054063804
2017-04-12,NVDA,1.0,0.0,1,0.5162228,0.42443237,0.0593448
2017-04-17,NVDA,0.0,0.0,1,0.031360075,0.940471,0.028168907
2017-05-01,NVDA,-1.0,0.0,1,0.05302129,0.45733994,0.48963872
2017-05-02,NVDA,0.6666666666666666,0.5773502691896258,3,0.52001864,0.35063538,0.12934601
2017-05-03,NVDA,0.0,0.0,1,0.026898172,0.84830505,0.1247968
2017-05-08,NVDA,-0.6,0.5477225575051661,5,0.08535291,0.4425456,0.4721015
2017-05-09,NVDA,0.16666666666666666,0.408248290463863,6,0.20810328,0.6880632,0.1038335
2017-05-10,NVDA,0.0,0.7453559924999299,19,0.28321373,0.42933515,0.28745112
2017-05-11,NVDA,0.25,0.5,4,0.27149716,0.7071007,0.021402169
2017-05-12,NVDA,-0.25,0.9574271077563381,4,0.18344374,0.33629987,0.48025644
2017-05-13,NVDA,0.0,0.0,2,0.0707735,0.9052105,0.024016004
2017-05-16,NVDA,0.0,0.7071067811865476,5,0.20214884,0.55858505,0.23926611
2017-05-17,NVDA,-0.3333333333333333,0.5773502691896258,3,0.07814034,0.6580591,0.26380053
2017-05-18,NVDA,-0.3333333333333333,0.5773502691896258,3,0.032390807,0.7523994,0.21520984
2017-05-19,NVDA,0.0,0.8944271909999159,6,0.38019407,0.33104575,0.28876013
2017-05-22,NVDA,0.0,0.0,4,0.03328082,0.92289937,0.04381981
2017-05-23,NVDA,0.0,0.0,1,0.025322951,0.9438329,0.030844191
2017-05-24,NVDA,0.0,0.0,6,0.1524941,0.7832158,0.06429004
2017-05-25,NVDA,0.0,0.0,1,0.034593347,0.94673395,0.018672694
2017-05-26,NVDA,1.0,0.0,1,0.93124825,0.04532059,0.02343121
2017-06-01,NVDA,0.0,0.0,1,0.14508,0.84501123,0.009908866
2017-06-02,NVDA,-0.5,0.7071067811865476,2,0.103821255,0.44118136,0.4549974
2017-06-05,NVDA,0.2,0.8366600265340756,5,0.37604982,0.444884,0.17906615
2017-06-06,NVDA,1.0,0.0,1,0.95124614,0.027140586,0.021613345
2017-06-08,NVDA,0.0,0.0,2,0.19516948,0.72542715,0.07940341
2017-06-09,NVDA,-0.3,0.48304589153964794,10,0.09114037,0.5939964,0.31486323
2017-06-12,NVDA,0.0,1.0,3,0.31558067,0.3694603,0.314959
2017-06-13,NVDA,1.0,0.0,3,0.78166336,0.086656876,0.13167979
2017-06-14,NVDA,-0.4,0.5477225575051662,5,0.068160616,0.53503,0.3968094
2017-06-16,NVDA,0.5,0.7071067811865476,2,0.29693592,0.6624767,0.040587336
2017-06-19,NVDA,0.0,0.0,2,0.31155315,0.6759083,0.0125385
2017-06-20,NVDA,0.16666666666666666,0.983192080250175,6,0.45338967,0.32182816,0.22478217
2017-06-21,NVDA,0.3333333333333333,0.5773502691896258,3,0.28420857,0.6309412,0.084850214
2017-06-22,NVDA,0.0,0.0,1,0.1241384,0.86463636,0.011225192
2017-06-26,NVDA,0.0,1.0,3,0.21525525,0.44591877,0.33882597
2017-06-27,NVDA,-0.25,0.9574271077563381,4,0.22373699,0.32802838,0.44823465
2017-06-28,NVDA,0.6666666666666666,0.5773502691896258,3,0.5013352,0.46747538,0.031189395
2017-07-05,NVDA,0.5,1.0,4,0.6158642,0.21759996,0.16653585
2017-07-06,NVDA,0.5,0.7071067811865476,2,0.47232127,0.50032616,0.027352579
2017-07-07,NVDA,0.0,0.0,2,0.04768706,0.92107046,0.031242426
2017-07-10,NVDA,0.2,0.4472135954999579,5,0.2794908,0.69260585,0.02790333
2017-07-11,NVDA,0.5,0.7071067811865476,2,0.5340581,0.44761786,0.018324018
2017-07-12,NVDA,0.2857142857142857,0.7559289460184545,7,0.38994932,0.48998705,0.12006364
2017-07-13,NVDA,0.3333333333333333,0.5773502691896258,3,0.36719683,0.5802788,0.05252439
2017-07-17,NVDA,-0.3333333333333333,0.5773502691896258,3,0.032623008,0.6058404,0.36153665
2017-07-18,NVDA,-0.3333333333333333,0.5773502691896258,3,0.03162268,0.68123895,0.2871383
2017-07-19,NVDA,0.0,0.0,1,0.04745276,0.93708384,0.015463343
2017-07-20,NVDA,0.0,0.0,1,0.15419202,0.8146644,0.031143535
2017-07-22,NVDA,0.0,0.0,1,0.067882665,0.8600213,0.07209608
2017-07-25,NVDA,0.0,0.0,1,0.038510624,0.9263281,0.03516122
2017-07-27,NVDA,0.5,0.7071067811865476,2,0.3893279,0.5708234,0.039848723
2017-07-28,NVDA,0.0,0.0,1,0.03797187,0.9145375,0.047490574
2017-07-31,NVDA,0.0,0.0,3,0.068843305,0.90965635,0.021500297
2017-08-01,NVDA,-1.0,0.0,1,0.0083421245,0.026099602,0.9655583
2017-08-03,NVDA,-1.0,0.0,1,0.11660727,0.3417299,0.5416629
2017-08-07,NVDA,0.0,1.4142135623730951,2,0.48346326,0.048550215,0.46798655
2017-08-08,NVDA,0.0,0.0,5,0.052248616,0.83028567,0.11746576
2017-08-09,NVDA,0.0,0.0,3,0.04818057,0.89628786,0.055531617
2017-08-10,NVDA,-0.375,0.5175491695067657,8,0.049333014,0.5731587,0.37750828
2017-08-11,NVDA,-0.16666666666666666,0.7177405625652734,12,0.18663271,0.4197118,0.3936555
2017-08-14,NVDA,0.0,0.0,5,0.17690179,0.75336325,0.06973502
2017-08-15,NVDA,0.0,0.0,2,0.06348979,0.9176574,0.018852834
2017-08-16,NVDA,0.5,0.7071067811865476,2,0.3269211,0.65937346,0.013705486
2017-08-17,NVDA,-0.5,0.7071067811865476,2,0.14351588,0.51786184,0.33862218
2017-08-19,NVDA,0.0,0.0,1,0.07752723,0.9055617,0.016911164
2017-08-21,NVDA,0.0,0.0,2,0.08869153,0.8824825,0.028825967
2017-08-24,NVDA,1.0,0.0,1,0.8895222,0.09358252,0.0168952
2017-08-29,NVDA,1.0,0.0,2,0.78980446,0.19331017,0.01688533
2017-08-30,NVDA,-1.0,0.0,1,0.015053425,0.03823636,0.9467102
2017-08-31,NVDA,0.0,0.0,2,0.047411248,0.9095336,0.04305517
2017-09-01,NVDA,0.0,0.0,1,0.043604765,0.92804635,0.028348966
2017-09-06,NVDA,0.5,0.7071067811865476,2,0.33464015,0.6411487,0.024211204
2017-09-11,NVDA,0.0,0.0,1,0.042591926,0.82876575,0.12864237
2017-09-12,NVDA,-1.0,0.0,1,0.08631085,0.35478178,0.55890733
2017-09-13,NVDA,0.0,0.0,2,0.026386349,0.9117039,0.061909743
2017-09-14,NVDA,0.0,0.0,2,0.042307995,0.9336659,0.024026167
2017-09-15,NVDA,0.2,0.8366600265340756,5,0.37769142,0.38185,0.24045856
2017-09-18,NVDA,0.1111111111111111,0.33333333333333337,9,0.09760838,0.8274408,0.074950844
2017-09-19,NVDA,0.25,0.5,4,0.27702397,0.6003022,0.12267379
2017-09-20,NVDA,-0.6666666666666666,0.5773502691896258,3,0.026841054,0.31694,0.65621895
2017-09-21,NVDA,-0.3333333333333333,0.5163977794943222,6,0.1531309,0.56198555,0.28488353
2017-09-22,NVDA,-1.0,0.0,1,0.011787165,0.03226396,0.9559488
2017-09-25,NVDA,0.0,0.0,2,0.052576475,0.72117364,0.22624987
2017-09-26,NVDA,0.6666666666666666,0.5773502691896258,3,0.6225338,0.32773066,0.049735595
2017-09-27,NVDA,0.5,0.7071067811865476,2,0.35463205,0.58959055,0.05577738
2017-09-28,NVDA,0.0,0.0,2,0.19983548,0.78652763,0.013636878
2017-09-29,NVDA,0.0,0.0,1,0.053669248,0.80890745,0.13742335
2017-10-02,NVDA,0.5,0.7071067811865476,2,0.37837043,0.47239512,0.14923446
2017-10-03,NVDA,1.0,0.0,1,0.81958073,0.16791518,0.012504051
2017-10-05,NVDA,0.5,0.5773502691896257,4,0.45130706,0.5018754,0.046817526
2017-10-06,NVDA,0.0,0.0,1,0.041208193,0.92901546,0.029776372
2017-10-09,NVDA,0.0,0.0,2,0.24445479,0.69856954,0.05697573
2017-10-10,NVDA,0.3,0.48304589153964794,10,0.33077413,0.6524385,0.01678732
2017-10-11,NVDA,0.0,0.0,2,0.058877528,0.9194329,0.021689571
2017-10-12,NVDA,0.5,0.5773502691896257,4,0.6095563,0.36332726,0.027116429
2017-10-16,NVDA,1.0,0.0,1,0.95031273,0.027522555,0.022164734
2017-10-18,NVDA,-0.3333333333333333,0.5773502691896258,3,0.039774507,0.7232235,0.23700197
2017-10-19,NVDA,0.0,0.0,2,0.03809069,0.9168398,0.04506951
2017-10-20,NVDA,0.0,0.0,1,0.038601328,0.930127,0.03127162
2017-10-23,NVDA,0.0,0.6324555320336759,6,0.22174399,0.67525786,0.10299822
2017-10-24,NVDA,1.0,0.0,1,0.68184966,0.30641955,0.011730809
2017-10-25,NVDA,-0.6666666666666666,0.5773502691896258,3,0.16059463,0.3443371,0.4950683
2017-10-26,NVDA,0.25,0.5,4,0.2960168,0.6428559,0.0611273
2017-10-27,NVDA,0.0,0.0,3,0.032796606,0.9202855,0.04691787
2017-10-30,NVDA,-1.0,0.0,1,0.089865126,0.3163038,0.5938311
2017-10-31,NVDA,-1.0,0.0,1,0.036195617,0.47032142,0.49348295
2017-11-06,NVDA,0.0,0.0,2,0.09594831,0.8872324,0.01681926
2017-11-07,NVDA,0.0,0.0,3,0.072318286,0.9060774,0.02160432
2017-11-08,NVDA,0.5,0.5773502691896257,4,0.41612774,0.39064667,0.19322559
2017-11-09,NVDA,-0.25,0.46291004988627577,8,0.03995275,0.6718832,0.288164
2017-11-10,NVDA,0.1111111111111111,0.8006407690254357,27,0.37083754,0.39881954,0.23034294
2017-11-13,NVDA,0.14285714285714285,0.6900655593423543,7,0.26828104,0.56044924,0.17126969
2017-11-14,NVDA,1.0,0.0,1,0.90942174,0.071944766,0.0186335
2017-11-16,NVDA,0.0,0.0,1,0.09569684,0.8888113,0.015491877
2017-11-17,NVDA,0.0,0.816496580927726,4,0.20515992,0.5277479,0.26709217
2017-11-21,NVDA,1.0,0.0,1,0.93799996,0.048409127,0.013590826
2017-11-27,NVDA,0.6666666666666666,0.5773502691896258,3,0.55061525,0.44010034,0.009284343
2017-11-28,NVDA,-0.3333333333333333,0.5773502691896258,3,0.18467593,0.33404288,0.4812812
2017-11-29,NVDA,-0.5,0.7071067811865476,2,0.09088546,0.38406122,0.5250533
2017-11-30,NVDA,0.0,0.0,3,0.19537455,0.71681005,0.08781537
2017-12-04,NVDA,-0.2,0.8366600265340756,5,0.18412383,0.37555435,0.44032183
2017-12-05,NVDA,0.14285714285714285,0.8997354108424372,7,0.36363083,0.40446547,0.23190369
2017-12-07,NVDA,0.0,0.0,1,0.05963301,0.89792824,0.042438846
2017-12-08,NVDA,0.25,0.7071067811865476,8,0.40141973,0.5110772,0.087503016
2017-12-09,NVDA,-1.0,0.0,1,0.023148993,0.2059846,0.7708664
2017-12-11,NVDA,0.0,0.0,2,0.09821847,0.8731158,0.028665688
2017-12-12,NVDA,-0.6666666666666666,0.5163977794943222,6,0.031239925,0.30006555,0.6686945
2017-12-13,NVDA,0.5,0.7071067811865476,2,0.44186604,0.5474686,0.010665341
2017-12-17,NVDA,0.0,0.0,1,0.02815331,0.9493003,0.022546384
2017-12-18,NVDA,0.0,0.0,1,0.1365148,0.85424465,0.009240511
2017-12-20,NVDA,1.0,0.0,1,0.9444371,0.03274069,0.02282229
2017-12-21,NVDA,0.0,0.0,1,0.03349113,0.9373366,0.029172175
2017-12-22,NVDA,-1.0,0.0,2,0.014803338,0.029227758,0.95596886
2017-12-23,NVDA,0.0,0.0,1,0.137025,0.85027134,0.012703693
2017-12-27,NVDA,0.0,0.0,1,0.06751184,0.9125594,0.019928746
2017-12-28,NVDA,0.3333333333333333,0.5773502691896258,3,0.40503755,0.5135985,0.081363894
2017-12-30,NVDA,0.0,0.0,1,0.109177895,0.86438924,0.026432835
2018-01-02,NVDA,-1.0,0.0,1,0.38729686,0.04151273,0.5711905
2018-01-03,NVDA,-0.3333333333333333,1.1547005383792517,3,0.24305964,0.12587008,0.6310703
2018-01-04,NVDA,-0.3333333333333333,0.5773502691896258,3,0.05433664,0.5449791,0.40068424
2018-01-05,NVDA,0.0,0.0,1,0.02204951,0.93652135,0.041429155
2018-01-06,NVDA,0.0,0.0,1,0.028947106,0.94623095,0.024821946
2018-01-07,NVDA,0.0,0.0,1,0.035772175,0.93843263,0.025795192
2018-01-08,NVDA,0.375,0.5175491695067657,8,0.37894323,0.6077781,0.013278672
2018-01-09,NVDA,0.0,0.0,2,0.22139902,0.7162945,0.062306494
2018-01-10,NVDA,0.0,0.0,1,0.07066695,0.9079726,0.021360505
2018-01-11,NVDA,-1.0,0.0,1,0.069040075,0.13739237,0.7935676
2018-01-12,NVDA,0.5,0.7071067811865476,2,0.5157174,0.44262493,0.04165766
2018-01-15,NVDA,0.25,0.5,4,0.26777536,0.69748324,0.034741428
2018-01-17,NVDA,0.0,0.0,2,0.13546056,0.7230761,0.14146332
2018-01-19,NVDA,0.5,0.7071067811865476,2,0.47930428,0.40711808,0.1135776
2018-01-22,NVDA,0.5,0.7071067811865476,2,0.40204683,0.5689986,0.028954655
2018-01-23,NVDA,0.0,1.0,3,0.40456486,0.34248194,0.2529533
2018-01-24,NVDA,-0.3333333333333333,0.5773502691896258,3,0.06390393,0.67553025,0.26056582
2018-01-25,NVDA,0.0,0.0,2,0.30460313,0.6783918,0.017005064
2018-01-26,NVDA,0.0,0.0,2,0.030321706,0.9366299,0.033048384
2018-01-29,NVDA,-0.5,0.7071067811865476,2,0.1742965,0.36346334,0.46224016
2018-01-31,NVDA,0.0,0.0,2,0.07200119,0.91357774,0.014421064
2018-02-01,NVDA,-0.5,1.0,4,0.32560843,0.050433975,0.6239576
2018-02-02,NVDA,0.0,0.816496580927726,4,0.22201115,0.4523641,0.32562473
2018-02-05,NVDA,0.7142857142857143,0.48795003647426666,7,0.5539172,0.37107342,0.07500938
2018-02-06,NVDA,0.0,0.0,2,0.0524816,0.86598885,0.08152953
2018-02-07,NVDA,-0.5,0.7071067811865476,2,0.026688736,0.5175522,0.45575908
2018-02-08,NVDA,0.0,0.0,6,0.045391634,0.8122409,0.1423675
2018-02-09,NVDA,0.10344827586206896,0.8169991950602302,29,0.3721094,0.34501684,0.28287375
2018-02-12,NVDA,-0.25,0.5,4,0.058682665,0.7043038,0.23701347
2018-02-14,NVDA,-0.5,0.7071067811865476,2,0.016332056,0.47486302,0.5088049
2018-02-16,NVDA,-0.5,0.7071067811865476,2,0.072243296,0.5441988,0.38355786
2018-02-18,NVDA,0.0,0.0,1,0.06147815,0.86692125,0.071600646
2018-02-20,NVDA,0.5,0.7071067811865476,2,0.51673204,0.44494113,0.038326863
2018-02-22,NVDA,0.0,0.0,1,0.029433522,0.9295458,0.041020747
2018-02-23,NVDA,0.0,0.0,1,0.028977448,0.9192456,0.051776946
2018-02-24,NVDA,-1.0,0.0,1,0.098780945,0.028936885,0.8722821
2018-02-25,NVDA,0.0,0.0,1,0.13962595,0.8519305,0.008443524
2018-02-27,NVDA,1.0,0.0,2,0.7526973,0.23202376,0.015278986
2018-03-06,NVDA,0.0,0.0,1,0.0586645,0.8199005,0.121434964
2018-03-07,NVDA,-1.0,0.0,1,0.011839057,0.02260875,0.96555215
2018-03-08,NVDA,-0.5,0.7071067811865476,2,0.029165752,0.46279952,0.50803477
2018-03-09,NVDA,0.0,0.0,1,0.03563388,0.9499638,0.0144022675
2018-03-12,NVDA,0.0,0.0,1,0.11129788,0.8634394,0.025262747
2018-03-13,NVDA,-0.8,0.4472135954999579,5,0.10022819,0.25233215,0.64743966
2018-03-14,NVDA,0.0,0.0,1,0.034023836,0.9470447,0.018931475
2018-03-19,NVDA,1.0,0.0,1,0.94624037,0.038890142,0.014869465
2018-03-20,NVDA,0.0,0.0,1,0.06449203,0.7556961,0.17981185
2018-03-21,NVDA,1.0,0.0,1,0.9321763,0.030449584,0.037374113
2018-03-22,NVDA,0.0,0.0,2,0.09742759,0.68749005,0.21508233
2018-03-23,NVDA,1.0,0.0,1,0.9321763,0.030449584,0.037374113
2018-03-26,NVDA,0.0,0.816496580927726,4,0.25690296,0.4789251,0.26417193
2018-03-27,NVDA,-0.2857142857142857,0.9511897312113418,7,0.23546445,0.2627991,0.50173646
2018-03-28,NVDA,0.2857142857142857,0.48795003647426666,7,0.3252272,0.5985547,0.07621814
2018-04-01,NVDA,0.0,0.0,1,0.025198178,0.93798405,0.036817838
2018-04-02,NVDA,-1.0,0.0,3,0.01682443,0.038240857,0.94493467
2018-04-03,NVDA,0.5,0.7071067811865476,2,0.5039451,0.43870598,0.05734886
2018-04-04,NVDA,-0.4,0.8944271909999159,5,0.22993393,0.29485834,0.47520766
2018-04-05,NVDA,-0.5,0.5773502691896257,4,0.113293886,0.516178,0.3705281
2018-04-06,NVDA,0.0,0.0,1,0.13612379,0.8533503,0.010525899
2018-04-08,NVDA,0.0,0.0,1,0.029867794,0.94111586,0.029016342
2018-04-10,NVDA,0.16666666666666666,0.752772652709081,6,0.36206794,0.4508853,0.18704678
2018-04-11,NVDA,0.0,0.0,2,0.097836316,0.8653035,0.036860123
2018-04-13,NVDA,0.0,0.0,2,0.07376809,0.87056386,0.055668067
2018-04-16,NVDA,0.5,0.7071067811865476,2,0.46147245,0.52501607,0.013511502
2018-04-18,NVDA,0.0,0.0,1,0.054828007,0.92960995,0.015561943
2018-04-19,NVDA,-1.0,0.0,3,0.009814807,0.01851497,0.9716702
2018-04-20,NVDA,0.0,0.0,2,0.13216472,0.67572695,0.19210832
2018-04-23,NVDA,0.0,0.0,5,0.105335034,0.8714404,0.023224557
2018-04-25,NVDA,-1.0,0.0,1,0.024532171,0.010377151,0.9650907
2018-04-26,NVDA,-1.0,0.0,1,0.019202964,0.14249744,0.8382996
2018-04-27,NVDA,0.0,0.0,2,0.14124177,0.8258252,0.032933027
2018-04-30,NVDA,0.5,0.7071067811865476,2,0.6827954,0.29916036,0.01804428
2018-05-01,NVDA,0.0,0.0,2,0.028414369,0.9181192,0.05346643
2018-05-03,NVDA,0.2857142857142857,0.7559289460184545,7,0.34367427,0.478281,0.17804475
2018-05-04,NVDA,0.0,1.0,3,0.36835408,0.30244866,0.32919726
2018-05-07,NVDA,0.0,0.0,3,0.05589838,0.92363787,0.02046373
2018-05-08,NVDA,-0.2,0.8366600265340756,5,0.21062183,0.43070927,0.35866892
2018-05-09,NVDA,-0.5,0.7071067811865476,2,0.020365056,0.37055492,0.60908
2018-05-10,NVDA,0.42857142857142855,0.5345224838248488,7,0.38978475,0.5588667,0.051348526
2018-05-11,NVDA,0.3333333333333333,0.7958224257542215,21,0.4879005,0.31387895,0.19822052
2018-05-14,NVDA,0.0,0.0,1,0.035274647,0.93578374,0.02894155
2018-05-16,NVDA,0.3333333333333333,0.5773502691896258,3,0.25696492,0.7269421,0.016092902
2018-05-18,NVDA,0.25,0.9574271077563381,4,0.36135286,0.38369608,0.25495097
2018-05-20,NVDA,0.0,0.0,1,0.056337234,0.9250622,0.018600572
2018-05-22,NVDA,-0.5,0.7071067811865476,2,0.02108682,0.47708675,0.5018264
2018-05-30,NVDA,0.0,0.0,1,0.20694022,0.78196067,0.0110992
2018-05-31,NVDA,1.0,0.0,1,0.94699174,0.035236776,0.017771527
2018-06-04,NVDA,0.0,0.0,2,0.3084281,0.67684186,0.014730072
2018-06-05,NVDA,0.0,0.0,1,0.15903556,0.8141629,0.026801502
2018-06-06,NVDA,0.5,0.7071067811865476,2,0.39407876,0.47276345,0.13315779
2018-06-07,NVDA,0.0,0.0,1,0.032867424,0.9304489,0.03668377
2018-06-12,NVDA,0.0,0.0,1,0.0366965,0.5691829,0.39412066
2018-06-13,NVDA,0.0,0.0,1,0.07792997,0.90516907,0.016900998
2018-06-14,NVDA,0.0,0.0,2,0.074486725,0.90205026,0.023463067
2018-06-19,NVDA,0.0,0.0,2,0.10593195,0.84816474,0.045903347
2018-06-25,NVDA,1.0,0.0,1,0.50084877,0.47157225,0.027578961
2018-06-26,NVDA,-0.25,0.9574271077563382,4,0.22760671,0.40059128,0.371802
2018-06-27,NVDA,1.0,0.0,1,0.8494089,0.07452322,0.076067835
2018-06-28,NVDA,0.0,0.0,1,0.3799059,0.53653413,0.08355996
2018-07-02,NVDA,0.0,1.4142135623730951,2,0.19323073,0.2830184,0.52375084
2018-07-05,NVDA,0.0,0.0,1,0.036777005,0.91811895,0.04510395
2018-07-09,NVDA,1.0,0.0,1,0.7123897,0.2735742,0.014036168
2018-07-12,NVDA,-1.0,0.0,1,0.010523367,0.029653631,0.95982295
2018-07-13,NVDA,-0.5,0.7071067811865476,2,0.019041687,0.4407877,0.5401706
2018-07-17,NVDA,1.0,0.0,1,0.8175603,0.17358685,0.00885288
2018-07-19,NVDA,-1.0,0.0,1,0.011590114,0.026999202,0.96141064
2018-07-20,NVDA,0.0,0.0,2,0.03388361,0.91216063,0.053955812
2018-07-23,NVDA,0.0,0.0,2,0.057199262,0.9141558,0.028644959
2018-07-25,GOOGL,0.0,0.0,1,0.16412245,0.82462686,0.011250666
2018-07-26,GOOGL,0.0,0.8944271909999159,6,0.24452336,0.41047022,0.34500644
2018-07-26,NVDA,0.5,0.7071067811865476,2,0.48804554,0.4836398,0.028314743
2018-07-27,GOOGL,1.0,0.0,1,0.5779473,0.3757278,0.046324853
2018-07-30,GOOGL,0.3333333333333333,0.5773502691896258,3,0.3241262,0.6384039,0.037469823
2018-07-30,NVDA,0.0,0.0,1,0.035102695,0.9450547,0.019842532
2018-07-31,GOOGL,0.3333333333333333,0.816496580927726,6,0.4469824,0.36194155,0.19107603
2018-07-31,NVDA,0.0,0.0,2,0.060888555,0.8021824,0.13692912
2018-08-01,GOOGL,0.16666666666666666,0.752772652709081,6,0.3453201,0.41805923,0.23662068
2018-08-01,NVDA,0.0,0.0,1,0.037562165,0.8726684,0.089769416
2018-08-02,GOOGL,0.0,1.4142135623730951,2,0.40007934,0.12856181,0.47135884
2018-08-02,NVDA,-1.0,0.0,1,0.014244479,0.013012923,0.97274256
2018-08-03,GOOGL,0.0,0.0,2,0.07543218,0.9091586,0.015409225
2018-08-03,NVDA,-1.0,0.0,1,0.24967475,0.085554965,0.6647703
2018-08-05,GOOGL,0.0,0.0,1,0.023095705,0.9444237,0.032480612
2018-08-06,GOOGL,0.0,0.0,1,0.1432003,0.8465055,0.010294189
2018-08-07,GOOGL,0.0,0.0,1,0.063743226,0.89976865,0.036488026
2018-08-08,NVDA,-1.0,0.0,1,0.12753338,0.094413586,0.778053
2018-08-10,GOOGL,-1.0,0.0,1,0.01627529,0.10581066,0.877914
2018-08-10,NVDA,0.0,0.0,1,0.033941973,0.94304013,0.023017889
2018-08-13,GOOGL,-0.25,0.5,4,0.13201384,0.6231303,0.24485585
2018-08-13,NVDA,0.0,0.0,1,0.096187875,0.64415497,0.25965714
2018-08-14,GOOGL,0.25,0.5,4,0.2262862,0.64478755,0.12892628
2018-08-14,NVDA,0.0,0.0,1,0.0336652,0.93131495,0.035019815
2018-08-15,GOOGL,-0.3333333333333333,0.5773502691896258,3,0.08936837,0.5883257,0.32230595
2018-08-15,NVDA,0.2222222222222222,0.6666666666666666,9,0.38431144,0.5091166,0.10657198
2018-08-16,GOOGL,0.0,0.0,1,0.14314605,0.8405691,0.016284851
2018-08-16,NVDA,0.2,0.447213595499958,5,0.22532041,0.7113559,0.0633237
2018-08-17,NVDA,0.1,0.7880689256524124,20,0.33107919,0.36854103,0.30037978
2018-08-18,NVDA,0.0,0.0,1,0.034217294,0.93272823,0.03305442
2018-08-19,NVDA,0.0,0.0,1,0.027644038,0.9416147,0.030741202
2018-08-20,GOOGL,-1.0,0.0,1,0.013051939,0.08282609,0.90412194
2018-08-20,NVDA,0.25,0.4629100498862757,8,0.29512587,0.68623644,0.018637668
2018-08-21,GOOGL,0.0,0.0,1,0.07582741,0.9101839,0.013988659
2018-08-21,NVDA,-0.14285714285714285,0.37796447300922725,7,0.082039185,0.69059193,0.22736886
2018-08-22,GOOGL,0.3333333333333333,0.5773502691896258,3,0.42283073,0.50769943,0.06946981
2018-08-22,NVDA,0.0,0.0,2,0.114692464,0.86243045,0.022877062
2018-08-23,GOOGL,0.0,0.816496580927726,4,0.28238082,0.45411497,0.2635042
2018-08-23,NVDA,0.25,0.5,4,0.23337287,0.6634042,0.10322288
2018-08-24,NVDA,0.3333333333333333,0.5773502691896258,3,0.2854602,0.6887083,0.025831515
2018-08-27,NVDA,0.5,0.7071067811865476,2,0.4153328,0.5586831,0.025984094
2018-08-28,GOOGL,-0.25,0.4629100498862757,8,0.031596996,0.6520353,0.31636775
2018-08-29,GOOGL,0.5,0.5773502691896257,4,0.41982642,0.39397776,0.18619579
2018-08-29,NVDA,1.0,0.0,1,0.6417563,0.042032976,0.31621072
2018-08-30,GOOGL,0.0,0.6324555320336759,6,0.20621644,0.5724116,0.22137195
2018-08-30,NVDA,0.5,0.7071067811865476,2,0.43669465,0.5354244,0.027880918
2018-08-31,GOOGL,0.0,0.0,2,0.052418776,0.7034846,0.24409659
2018-08-31,NVDA,1.0,0.0,1,0.8019961,0.17151324,0.02649068
2018-09-02,GOOGL,0.0,0.0,1,0.038190026,0.9361645,0.025645476
2018-09-04,GOOGL,0.0,0.7071067811865476,5,0.23344667,0.6111634,0.15539
2018-09-05,GOOGL,-0.42857142857142855,0.5345224838248488,7,0.023624783,0.511721,0.46465418
2018-09-05,NVDA,0.5,0.7071067811865476,2,0.3958567,0.5406012,0.0635421
2018-09-06,GOOGL,1.0,0.0,1,0.8025872,0.024303146,0.17310962
2018-09-07,GOOGL,0.0,0.0,1,0.06796862,0.9205056,0.011525771
2018-09-10,NVDA,1.0,0.0,1,0.93703365,0.043567393,0.01939898
2018-09-11,GOOGL,0.0,0.0,1,0.29914612,0.6919738,0.008880087
2018-09-11,NVDA,-0.5,0.7071067811865476,2,0.13812067,0.52735245,0.33452687
2018-09-12,GOOGL,0.0,0.0,3,0.10396246,0.86731386,0.028723644
2018-09-13,GOOGL,0.0,1.4142135623730951,2,0.34136277,0.25314778,0.40548941
2018-09-13,NVDA,0.0,0.0,1,0.08677745,0.8948111,0.018411433
2018-09-14,GOOGL,0.0,0.0,1,0.26571324,0.6359461,0.09834065
2018-09-14,NVDA,1.0,0.0,1,0.95215875,0.028967768,0.018873502
2018-09-18,GOOGL,0.5,0.7071067811865476,2,0.5106688,0.44933242,0.039998755
2018-09-19,GOOGL,0.0,0.0,1,0.15102853,0.7908581,0.058113355
2018-09-20,GOOGL,0.0,0.0,1,0.25962853,0.7147473,0.02562412
2018-09-20,NVDA,-1.0,0.0,1,0.127883,0.030776834,0.8413401
2018-09-21,GOOGL,0.0,1.0,3,0.19159657,0.4877049,0.32069853
2018-09-24,GOOGL,0.0,0.0,2,0.063063875,0.88571066,0.05122544
2018-09-24,NVDA,0.0,0.0,1,0.06491339,0.9054476,0.029639086
2018-09-25,GOOGL,0.375,0.5175491695067657,8,0.37405324,0.54532105,0.08062569
2018-09-25,NVDA,-0.25,0.9574271077563382,4,0.32331514,0.4050607,0.27162415
2018-09-26,GOOGL,0.2,0.4472135954999579,5,0.28856826,0.69451594,0.016915811
2018-09-27,GOOGL,0.0,0.0,1,0.03203165,0.92570233,0.04226602
2018-09-27,NVDA,0.0,0.0,1,0.084722616,0.894652,0.020625468
2018-09-28,GOOGL,0.0,0.0,2,0.11152257,0.85539407,0.033083376
2018-09-28,NVDA,0.5,1.0,4,0.60341823,0.22666754,0.16991426
2018-10-01,GOOGL,-0.3333333333333333,0.5773502691896258,3,0.19053806,0.61399096,0.195471
2018-10-01,NVDA,-0.5,0.7071067811865476,2,0.13206285,0.2333465,0.6345906
2018-10-02,GOOGL,0.0,0.0,2,0.028062787,0.9488231,0.023114175
2018-10-02,NVDA,1.0,0.0,1,0.7569918,0.21489051,0.028117666
2018-10-03,GOOGL,0.0,0.0,2,0.13335775,0.8545178,0.012124496
2018-10-03,NVDA,1.0,0.0,2,0.8238654,0.1289199,0.047214735
2018-10-04,GOOGL,0.0,0.0,2,0.086838305,0.6478365,0.2653252
2018-10-05,GOOGL,0.0,0.0,1,0.031424176,0.9400918,0.028484069
2018-10-05,NVDA,-1.0,0.0,1,0.026878286,0.09340359,0.87971807
2018-10-08,GOOGL,-0.3,0.6749485577105528,10,0.10479543,0.47566637,0.4195382
2018-10-08,NVDA,1.0,0.0,2,0.78307754,0.20461003,0.012312461
2018-10-09,GOOGL,-0.3333333333333333,0.5163977794943222,6,0.06977046,0.64930534,0.28092417
2018-10-09,NVDA,0.0,0.0,1,0.050503917,0.86056095,0.08893514
2018-10-10,GOOGL,0.5,0.7071067811865476,2,0.23670723,0.5976848,0.16560797
2018-10-10,NVDA,0.0,1.0,3,0.35359454,0.3177215,0.32868394
2018-10-11,GOOGL,0.3333333333333333,1.1547005383792517,3,0.480768,0.13889658,0.38033542
2018-10-12,GOOGL,1.0,0.0,4,0.78300685,0.14763851,0.06935462
2018-10-12,NVDA,1.0,0.0,1,0.9459032,0.027594762,0.026502036
2018-10-15,GOOGL,-1.0,0.0,1,0.012584703,0.027026787,0.96038854
2018-10-15,NVDA,-1.0,0.0,1,0.35980532,0.27363414,0.36656052
2018-10-16,GOOGL,1.0,0.0,1,0.5905146,0.036782537,0.37270284
2018-10-16,NVDA,1.0,0.0,1,0.8844584,0.054886498,0.060655
2018-10-17,GOOGL,-0.25,0.9574271077563381,4,0.24895306,0.20289733,0.54814965
2018-10-18,GOOGL,-0.16666666666666666,0.752772652709081,6,0.16372056,0.5921421,0.24413735
2018-10-18,NVDA,0.3333333333333333,0.5773502691896258,3,0.37845626,0.60208887,0.019454887
2018-10-19,GOOGL,0.0,0.0,1,0.065300606,0.9230725,0.011626946
2018-10-22,GOOGL,-0.25,0.5,4,0.10474606,0.5634622,0.33179176
2018-10-23,GOOGL,0.0,1.0,3,0.17016196,0.3914276,0.43841037
2018-10-24,GOOGL,-0.25,0.5,4,0.073443115,0.70251375,0.22404313
2018-10-25,GOOGL,0.375,0.5175491695067657,8,0.32750952,0.6119227,0.060567785
2018-10-26,GOOGL,-0.38461538461538464,0.5063696835418333,13,0.084923655,0.55727345,0.3578029
2018-10-28,GOOGL,0.0,0.0,1,0.031249166,0.94420147,0.024549404
2018-10-29,GOOGL,-0.5,0.7071067811865476,2,0.063303165,0.44496003,0.49173683
2018-10-29,NVDA,-1.0,0.0,1,0.009845342,0.017246127,0.9729085
2018-10-30,GOOGL,0.3333333333333333,0.5773502691896258,3,0.4758774,0.5119977,0.012124847
2018-10-30,NVDA,-0.2857142857142857,0.9511897312113419,7,0.23730086,0.21097139,0.5517278
2018-10-31,GOOGL,1.0,0.0,2,0.8277656,0.1618479,0.010386415
2018-11-01,GOOGL,0.25,0.9574271077563381,4,0.4361744,0.31938416,0.24444145
2018-11-02,GOOGL,-0.6666666666666666,0.5773502691896258,3,0.06176412,0.33703688,0.601199
2018-11-02,NVDA,0.5,0.7071067811865476,2,0.46920308,0.48538658,0.045410354
2018-11-04,GOOGL,0.0,0.0,1,0.03872493,0.9433655,0.01790958
2018-11-06,GOOGL,0.0,0.0,1,0.17641008,0.76081514,0.06277473
2018-11-07,GOOGL,0.5,0.5773502691896257,4,0.40582702,0.5824303,0.011742715
2018-11-07,NVDA,-1.0,0.0,1,0.482774,0.029538522,0.48768753
2018-11-08,GOOGL,0.0,0.0,1,0.04055214,0.9247113,0.034736548
2018-11-08,NVDA,-0.3333333333333333,1.1547005383792517,3,0.33785328,0.119039916,0.54310685
2018-11-09,NVDA,-1.0,0.0,1,0.045982577,0.06377084,0.89024657
2018-11-12,NVDA,0.5,0.7071067811865476,2,0.541854,0.24814214,0.2100039
2018-11-13,GOOGL,0.5,0.7071067811865476,2,0.59788555,0.38910368,0.013010803
2018-11-13,NVDA,0.25,0.9574271077563381,4,0.5138897,0.2733389,0.21277142
2018-11-14,GOOGL,-0.25,0.9574271077563381,4,0.29721966,0.31058055,0.39219978
2018-11-14,NVDA,0.0,0.0,2,0.06162338,0.79695606,0.14142059
2018-11-15,GOOGL,-0.16666666666666666,0.408248290463863,6,0.1385448,0.69833016,0.16312505
2018-11-15,NVDA,0.16666666666666666,0.408248290463863,6,0.24084015,0.68333405,0.075825825
2018-11-16,GOOGL,-0.3333333333333333,1.1547005383792517,3,0.31708935,0.18326609,0.49964455
2018-11-16,NVDA,-0.3076923076923077,0.7310355363903913,39,0.19004716,0.35731515,0.4526377
2018-11-17,GOOGL,0.0,0.0,1,0.028879797,0.9416733,0.029446892
2018-11-19,GOOGL,-1.0,0.0,1,0.010533114,0.016971763,0.97249514
2018-11-19,NVDA,-0.5,0.5773502691896257,4,0.041913144,0.47120878,0.48687807
2018-11-20,GOOGL,-1.0,0.0,1,0.016933894,0.024965089,0.958101
2018-11-20,NVDA,-0.5,0.5477225575051662,6,0.14186957,0.44766638,0.41046405
2018-11-21,GOOGL,0.3333333333333333,0.5773502691896258,3,0.32344875,0.65461785,0.021933377
2018-11-21,NVDA,0.0,0.8944271909999159,6,0.24999137,0.4531108,0.29689777
2018-11-23,GOOGL,0.0,0.0,1,0.25698093,0.7266712,0.016347894
2018-11-26,GOOGL,-0.2,0.8366600265340756,5,0.24488565,0.34563658,0.40947777
2018-11-26,NVDA,0.25,0.9574271077563381,4,0.39690962,0.40776348,0.1953269
2018-11-27,GOOGL,-0.4,0.8944271909999159,5,0.1511096,0.34757572,0.5013147
2018-11-27,NVDA,-1.0,0.0,1,0.013181061,0.061658844,0.9251601
2018-11-28,GOOGL,0.3333333333333333,0.5773502691896258,3,0.3433713,0.484116,0.1725127
2018-11-28,NVDA,0.0,0.0,1,0.019941133,0.93832695,0.04173193
2018-11-29,GOOGL,0.0,0.0,1,0.072306514,0.9091906,0.01850286
2018-11-29,NVDA,0.0,0.0,2,0.0358646,0.91741973,0.046715673
2018-11-30,GOOGL,0.0,0.0,1,0.060024787,0.92169935,0.018275851
2018-11-30,NVDA,1.0,0.0,3,0.8350179,0.103654005,0.061328053
2018-12-03,GOOGL,0.0,0.0,2,0.10425716,0.8691776,0.026565291
2018-12-03,NVDA,0.0,0.0,1,0.0709266,0.91298616,0.016087223
2018-12-04,GOOGL,0.5,0.7071067811865476,2,0.5706218,0.42037746,0.009000681
2018-12-04,NVDA,1.0,0.0,1,0.6414968,0.3502376,0.008265589
2018-12-05,GOOGL,0.5,0.7071067811865476,2,0.46932876,0.5164825,0.014188811
2018-12-06,GOOGL,-0.25,0.5,4,0.100626625,0.62368095,0.2756924
2018-12-07,GOOGL,0.0,0.0,1,0.06689469,0.9201728,0.012932442
2018-12-10,GOOGL,-0.5,0.7071067811865476,2,0.026180252,0.46136487,0.51245487
2018-12-11,GOOGL,0.25,0.5,4,0.28891987,0.57996887,0.1311113
2018-12-11,NVDA,-0.6666666666666666,0.5773502691896258,3,0.022591187,0.3286745,0.64873433
2018-12-12,GOOGL,-0.5,0.7071067811865476,2,0.13119085,0.51737565,0.35143358
2018-12-12,NVDA,0.25,0.9574271077563381,4,0.39051104,0.29724234,0.31224668
2018-12-13,GOOGL,0.3333333333333333,1.1547005383792517,3,0.46762538,0.22685142,0.30552322
2018-12-13,NVDA,0.25,0.5,4,0.3805396,0.60018796,0.019272419
2018-12-14,GOOGL,0.0,0.0,1,0.14777963,0.84195423,0.010266119
2018-12-17,GOOGL,-0.5,0.7071067811865476,2,0.04245901,0.4676063,0.48993468
2018-12-18,GOOGL,-0.5,0.7071067811865476,2,0.03385566,0.4466025,0.51954186
2018-12-19,NVDA,-1.0,0.0,2,0.009354385,0.017940164,0.9727055
2018-12-20,GOOGL,-0.5,0.7071067811865476,2,0.03489456,0.5121939,0.45291156
2018-12-20,NVDA,1.0,0.0,1,0.63435334,0.04062487,0.3250218
2018-12-23,GOOGL,-0.5,0.7071067811865476,2,0.03042518,0.47210464,0.49747023
2018-12-24,GOOGL,-1.0,0.0,1,0.0359705,0.04988028,0.9141492
2018-12-26,GOOGL,0.0,0.0,1,0.24868628,0.7438453,0.0074684164
2018-12-27,GOOGL,-0.3333333333333333,0.5773502691896258,3,0.035480395,0.47707847,0.4874411
2018-12-27,NVDA,-1.0,0.0,3,0.080312304,0.039350796,0.88033694
2018-12-28,GOOGL,0.0,0.0,1,0.09157453,0.8949044,0.013521058
2018-12-30,GOOGL,0.0,0.0,1,0.028709995,0.9440069,0.027283052
2018-12-31,NVDA,1.0,0.0,1,0.3533296,0.3120495,0.33462095
2019-01-01,NVDA,0.0,0.0,1,0.12745768,0.8462238,0.02631852
2019-01-02,NVDA,-0.5,0.7071067811865476,2,0.018297484,0.46229586,0.5194067
2019-01-03,GOOGL,-0.3333333333333333,0.5773502691896258,3,0.10448226,0.5634721,0.33204558
2019-01-03,NVDA,-1.0,0.0,2,0.007931817,0.020706525,0.97136164
2019-01-04,GOOGL,0.4,0.5477225575051661,5,0.41155776,0.56503826,0.023403961
2019-01-06,GOOGL,0.0,0.0,1,0.036807556,0.94231087,0.020881502
2019-01-07,GOOGL,0.16666666666666666,0.752772652709081,6,0.33027557,0.5360804,0.13364393
2019-01-07,NVDA,0.5,0.7071067811865476,2,0.66753095,0.3106651,0.021803971
2019-01-08,NVDA,-0.5,0.8366600265340756,6,0.13533662,0.28080824,0.58385515
2019-01-09,GOOGL,1.0,0.0,1,0.46762422,0.20460683,0.32776895
2019-01-10,GOOGL,-0.5,0.7071067811865476,2,0.034352574,0.44059858,0.5250489
2019-01-10,NVDA,-1.0,0.0,1,0.02779719,0.0630295,0.90917337
2019-01-11,GOOGL,-1.0,0.0,2,0.031203,0.033417404,0.9353796
2019-01-11,NVDA,0.0,0.0,1,0.091003396,0.89180684,0.017189732
2019-01-12,NVDA,0.0,0.0,1,0.040135693,0.9371357,0.022728581
2019-01-14,GOOGL,-0.6666666666666666,0.5773502691896258,3,0.028574778,0.35499707,0.61642814
2019-01-16,GOOGL,0.0,0.0,1,0.052397754,0.92602,0.02158217
2019-01-16,NVDA,-1.0,0.0,1,0.010958831,0.06356573,0.9254755
2019-01-17,GOOGL,-0.5,0.7071067811865476,2,0.0559066,0.50263083,0.44146252
2019-01-17,NVDA,1.0,0.0,1,0.9066211,0.038789794,0.054589085
2019-01-18,NVDA,1.0,0.0,1,0.95277125,0.02035333,0.026875474
2019-01-22,GOOGL,0.0,0.0,3,0.18064791,0.8059494,0.013402723
2019-01-22,NVDA,-1.0,0.0,1,0.008832405,0.019087622,0.97208
2019-01-23,GOOGL,1.0,0.0,1,0.91182107,0.07556431,0.012614567
2019-01-23,NVDA,-0.5,0.7071067811865476,2,0.22070833,0.24957475,0.52971685
2019-01-24,GOOGL,-1.0,0.0,2,0.020062843,0.035526585,0.94441056
2019-01-24,NVDA,0.5,0.7071067811865476,2,0.51009333,0.36948445,0.12042217
2019-01-25,GOOGL,-0.5,0.7071067811865476,2,0.13698527,0.42220697,0.4408077
2019-01-25,NVDA,-0.5,0.8366600265340756,6,0.16803728,0.16599931,0.6659634
2019-01-28,GOOGL,0.3333333333333333,0.5773502691896258,3,0.33803645,0.63727343,0.024690114
2019-01-28,NVDA,-0.9,0.31622776601683794,10,0.048566494,0.1321097,0.81932384
2019-01-29,NVDA,-0.23529411764705882,0.8313702367707394,17,0.24921642,0.3077569,0.4430267
2019-01-30,GOOGL,0.3333333333333333,0.5773502691896258,3,0.31813303,0.628931,0.052935984
2019-01-30,NVDA,0.0,1.0,3,0.4204179,0.23828137,0.34130076
2019-01-31,GOOGL,0.0,0.0,1,0.4256275,0.5590433,0.015329184
2019-01-31,NVDA,0.0,0.0,1,0.03064845,0.9381033,0.031248316
2019-02-01,GOOGL,-0.3333333333333333,1.1547005383792517,3,0.25164053,0.28595218,0.46240726
2019-02-01,NVDA,1.0,0.0,1,0.9479188,0.02714011,0.0249412
2019-02-04,GOOGL,0.2,0.447213595499958,5,0.28172606,0.66361463,0.054659307
2019-02-05,GOOGL,0.32,0.6904105059069326,25,0.39077508,0.42375615,0.1854688
2019-02-05,NVDA,0.0,0.0,1,0.06435749,0.5518814,0.38376114
2019-02-06,GOOGL,0.0,0.0,1,0.21100022,0.76898056,0.020019243
2019-02-06,NVDA,1.0,0.0,1,0.9495317,0.022023438,0.028444963
2019-02-07,GOOGL,-0.6666666666666666,0.5773502691896258,3,0.044445083,0.42839637,0.52715844
2019-02-07,NVDA,-1.0,0.0,2,0.0116139045,0.019072773,0.9693134
2019-02-08,NVDA,-1.0,0.0,1,0.016111773,0.029259825,0.9546284
2019-02-11,NVDA,-0.7142857142857143,0.4879500364742666,7,0.029544275,0.36827955,0.6021762
2019-02-12,GOOGL,0.0,1.0,3,0.20701504,0.52392715,0.26905784
2019-02-13,GOOGL,0.5,0.7071067811865476,2,0.5074646,0.47976625,0.012769165
2019-02-14,GOOGL,-0.25,0.5,4,0.051976234,0.5474808,0.4005429
2019-02-14,NVDA,-0.25,0.5,4,0.024460612,0.6768988,0.29864067
2019-02-15,GOOGL,-0.2,0.4472135954999579,5,0.08979438,0.64267814,0.26752752
2019-02-15,NVDA,0.0,0.7844645405527362,14,0.3034255,0.3926063,0.30396822
2019-02-19,GOOGL,1.0,0.0,2,0.8263932,0.1656617,0.007945109
2019-02-19,NVDA,0.0,0.0,1,0.12052168,0.8656707,0.013807598
2019-02-20,GOOGL,0.0,0.0,2,0.021335073,0.93076056,0.047904298
2019-02-21,GOOGL,-0.5,0.5773502691896257,4,0.021733098,0.42768422,0.5505827
2019-02-22,GOOGL,-1.0,0.0,1,0.03964349,0.17583741,0.7845191
2019-02-22,NVDA,0.3333333333333333,0.5773502691896258,3,0.5043526,0.46634242,0.029304937
2019-02-25,GOOGL,0.0,0.0,1,0.070239834,0.91613096,0.013629224
2019-02-25,NVDA,0.5,0.7071067811865476,2,0.43338397,0.5511132,0.01550285
2019-02-26,GOOGL,1.0,0.0,1,0.68498284,0.30436888,0.010648338
2019-02-28,GOOGL,0.0,0.0,1,0.0162202,0.66293997,0.32083982
2019-03-01,GOOGL,0.0,0.0,1,0.050701447,0.93838865,0.010909984
2019-03-04,GOOGL,0.0,1.4142135623730951,2,0.46063915,0.11173004,0.42763078
2019-03-05,GOOGL,-0.3333333333333333,0.5773502691896258,3,0.07918968,0.5993652,0.3214452
2019-03-06,GOOGL,0.0,0.0,1,0.25442743,0.73436356,0.0112089785
2019-03-06,NVDA,-1.0,0.0,1,0.008948346,0.01613135,0.9749203
2019-03-07,NVDA,-1.0,0.0,1,0.0116423415,0.022758378,0.9655993
2019-03-08,GOOGL,0.5,0.7071067811865476,2,0.34067646,0.64130884,0.018014695
2019-03-08,NVDA,0.0,0.0,1,0.047236945,0.89859945,0.054163735
2019-03-10,NVDA,0.0,0.0,1,0.19644569,0.7946367,0.008917614
2019-03-11,NVDA,0.2727272727272727,0.6466697906828632,11,0.43722343,0.47297147,0.08980507
2019-03-12,GOOGL,-0.25,0.5,4,0.08130543,0.615134,0.30356055
2019-03-12,NVDA,-0.5,0.7071067811865476,2,0.13064758,0.41150087,0.45785156
2019-03-13,GOOGL,0.0,0.0,2,0.12213889,0.85594094,0.021920148
2019-03-13,NVDA,0.0,0.0,2,0.029565986,0.9408171,0.029616833
2019-03-14,GOOGL,0.0,0.0,1,0.038807195,0.82878363,0.13240921
2019-03-14,NVDA,-0.6666666666666666,0.5773502691896258,3,0.20161118,0.24653594,0.5518529
2019-03-15,GOOGL,0.25,0.5,4,0.23626904,0.7439542,0.019776769
2019-03-15,NVDA,1.0,0.0,1,0.95344704,0.022204783,0.024348246
2019-03-19,GOOGL,0.0,0.6324555320336759,11,0.23457532,0.64713746,0.11828721
2019-03-19,NVDA,0.14285714285714285,0.6900655593423543,7,0.37525034,0.4902791,0.1344706
2019-03-20,GOOGL,-0.6,0.894427190999916,5,0.20013666,0.09304212,0.7068212
2019-03-20,NVDA,0.0,0.816496580927726,4,0.28266954,0.41092286,0.30640763
2019-03-21,GOOGL,0.0,0.0,1,0.107431576,0.88287586,0.009692528
2019-03-21,NVDA,1.0,0.0,1,0.7419727,0.020567404,0.23746
2019-03-22,NVDA,-0.6666666666666666,0.5773502691896258,3,0.042309087,0.3262592,0.6314317
2019-03-25,GOOGL,-1.0,0.0,1,0.010325961,0.10718702,0.882487
2019-03-26,GOOGL,0.0,0.816496580927726,4,0.333648,0.42478943,0.24156258
2019-03-26,NVDA,0.4,0.894427190999916,5,0.60850966,0.25429782,0.13719247
2019-03-27,GOOGL,-0.5,0.7071067811865476,2,0.10428857,0.42244002,0.4732714
2019-03-28,GOOGL,-0.3333333333333333,0.5773502691896258,3,0.05159987,0.7279628,0.22043736
2019-03-31,NVDA,-1.0,0.0,1,0.01820824,0.38731158,0.59448016
2019-04-01,GOOGL,-0.3333333333333333,0.5773502691896258,3,0.055378694,0.6283024,0.3163189
2019-04-01,NVDA,1.0,0.0,2,0.6787505,0.04611449,0.275135
2019-04-02,GOOGL,0.5,0.7071067811865476,2,0.54317856,0.44589388,0.010927621
2019-04-03,NVDA,0.2,0.8366600265340756,5,0.41047615,0.4732972,0.11622661
2019-04-04,GOOGL,-1.0,0.0,1,0.1284182,0.08644303,0.7851388
2019-04-05,GOOGL,0.0,0.0,1,0.066567235,0.8549241,0.07850871
2019-04-08,GOOGL,0.0,1.0,3,0.29230055,0.37261128,0.33508816
2019-04-09,GOOGL,0.5,0.5773502691896257,4,0.36918744,0.61926657,0.011545985
2019-04-09,NVDA,-1.0,0.0,1,0.030897882,0.18010534,0.7889968
2019-04-10,GOOGL,0.25,0.5,4,0.2819035,0.70568377,0.012412756
2019-04-11,NVDA,0.0,0.0,1,0.24587636,0.74340594,0.010717707
2019-04-12,GOOGL,0.0,0.0,1,0.042332716,0.92906153,0.028605742
2019-04-12,NVDA,-1.0,0.0,1,0.030814983,0.28922802,0.679957
2019-04-15,GOOGL,0.0,1.4142135623730951,2,0.45810902,0.2740563,0.2678347
2019-04-16,GOOGL,0.0,0.0,3,0.15113963,0.8349511,0.013909265
2019-04-17,GOOGL,0.0,0.0,1,0.1718005,0.81265473,0.0155448215
2019-04-17,NVDA,0.0,0.0,1,0.28058657,0.7028107,0.016602702
2019-04-18,GOOGL,0.0,0.0,3,0.064624555,0.8363902,0.098985285
2019-04-18,NVDA,0.0,0.0,1,0.049947318,0.9364831,0.013569662
2019-04-19,NVDA,0.0,0.0,1,0.44752088,0.48535988,0.06711926
2019-04-22,GOOGL,0.0,0.0,2,0.2422308,0.7493911,0.008378095
2019-04-23,GOOGL,0.3333333333333333,0.5773502691896258,3,0.50815517,0.4763389,0.015505913
2019-04-23,NVDA,1.0,0.0,1,0.6252285,0.3655674,0.009204105
2019-04-24,GOOGL,0.5,0.7071067811865476,2,0.37971205,0.49125737,0.12903056
2019-04-24,NVDA,1.0,0.0,1,0.94888306,0.023806423,0.027310507
2019-04-25,GOOGL,0.0,1.4142135623730951,2,0.37365106,0.18756793,0.43878102
2019-04-25,NVDA,-0.5,0.5773502691896257,4,0.10049342,0.3394939,0.5600127
2019-04-26,NVDA,-0.3333333333333333,1.1547005383792517,3,0.30033925,0.019197928,0.68046284
2019-04-29,GOOGL,0.25,0.9574271077563381,4,0.49596062,0.3218174,0.18222196
2019-04-30,GOOGL,-0.5,0.6324555320336759,16,0.116465755,0.3621217,0.52141255
2019-04-30,NVDA,0.0,0.0,1,0.06512254,0.8860788,0.04879871
2019-05-01,GOOGL,-0.2222222222222222,0.44095855184409843,9,0.044639573,0.61549133,0.3398691
2019-05-01,NVDA,1.0,0.0,2,0.9505987,0.025157433,0.024243778
2019-05-02,GOOGL,-0.25,0.5,4,0.09520541,0.70108026,0.20371431
2019-05-03,NVDA,0.0,0.0,1,0.022455385,0.9370272,0.040517386
2019-05-05,GOOGL,0.0,0.0,1,0.03253356,0.9420257,0.025440674
2019-05-06,GOOGL,0.0,1.4142135623730951,2,0.46860465,0.0580978,0.47329757
2019-05-06,NVDA,-1.0,0.0,2,0.014519921,0.050331615,0.9351485
2019-05-07,GOOGL,0.0,0.0,3,0.18795466,0.7879855,0.024059867
2019-05-07,NVDA,-1.0,0.0,1,0.009256168,0.022537475,0.9682064
2019-05-08,GOOGL,0.0,0.816496580927726,4,0.22102317,0.5240494,0.25492746
2019-05-08,NVDA,0.0,0.0,1,0.12318125,0.8600609,0.016757863
2019-05-09,GOOGL,0.0,1.0,3,0.3545154,0.31202307,0.33346155
2019-05-09,NVDA,0.0,1.0,3,0.3672605,0.27183986,0.3608996
2019-05-10,GOOGL,0.0,0.0,1,0.03284995,0.70237017,0.26477993
2019-05-10,NVDA,-1.0,0.0,2,0.013677187,0.022892885,0.9634299
2019-05-13,NVDA,-0.5,1.0,4,0.2466328,0.15178207,0.60158515
2019-05-14,GOOGL,0.0,0.0,1,0.09585596,0.8718683,0.03227566
2019-05-14,NVDA,0.5,0.7071067811865476,2,0.54205006,0.26138735,0.19656259
2019-05-15,GOOGL,0.25,0.9574271077563381,4,0.3595804,0.26981497,0.3706046
2019-05-15,NVDA,-0.5,0.7071067811865476,2,0.13125208,0.23116772,0.6375802
2019-05-16,GOOGL,0.5,0.7071067811865476,2,0.51489437,0.43661386,0.04849174
2019-05-16,NVDA,-0.3333333333333333,0.5773502691896258,3,0.022194019,0.60554826,0.37225774
2019-05-17,GOOGL,-0.3333333333333333,0.5773502691896258,3,0.23220189,0.52953285,0.23826522
2019-05-17,NVDA,-0.058823529411764705,0.8269362305593851,17,0.29414722,0.31959736,0.38625544
2019-05-18,GOOGL,0.0,0.0,1,0.033674214,0.94003814,0.026287647
2019-05-20,GOOGL,-0.6,0.5477225575051661,5,0.08936996,0.35816208,0.55246794
2019-05-20,NVDA,-1.0,0.0,2,0.009654506,0.026807774,0.9635377
2019-05-21,GOOGL,0.3333333333333333,0.5773502691896258,3,0.28280148,0.70143086,0.015767666
2019-05-21,NVDA,1.0,0.0,2,0.78519523,0.12158017,0.09322466
2019-05-22,GOOGL,0.0,0.816496580927726,4,0.30409715,0.51645935,0.17944354
2019-05-23,GOOGL,0.25,0.9574271077563381,4,0.35452718,0.3946006,0.25087225
2019-05-23,NVDA,-1.0,0.0,1,0.00825885,0.01950444,0.9722367
2019-05-24,GOOGL,-0.5,0.7071067811865476,2,0.044889845,0.6468926,0.30821759
2019-05-27,GOOGL,0.0,0.0,1,0.04355154,0.9340747,0.022373723
2019-05-28,GOOGL,0.0,0.0,1,0.068029,0.89890426,0.03306676
2019-05-28,NVDA,1.0,0.0,1,0.90054625,0.092151634,0.007302234
2019-05-29,GOOGL,-0.16666666666666666,0.752772652709081,6,0.23948012,0.49968863,0.26083127
2019-05-29,NVDA,-1.0,0.0,1,0.009025373,0.019420411,0.9715542
2019-05-30,GOOGL,0.0,0.0,1,0.05665024,0.6997521,0.24359769
2019-05-30,NVDA,0.0,0.0,2,0.13451947,0.8518765,0.013604041
2019-05-31,GOOGL,0.0,1.4142135623730951,2,0.4843866,0.02737419,0.4882392
2019-05-31,NVDA,-1.0,0.0,1,0.019888332,0.02489791,0.9552138
2019-06-01,GOOGL,0.0,0.0,1,0.029320545,0.91835487,0.0523246
2019-06-02,GOOGL,-1.0,0.0,1,0.03300302,0.19388199,0.773115
2019-06-03,GOOGL,-0.21428571428571427,0.6992932067530679,14,0.16345286,0.46387503,0.3726721
2019-06-04,GOOGL,-0.16666666666666666,0.408248290463863,6,0.09706265,0.7962832,0.10665417
2019-06-04,NVDA,1.0,0.0,1,0.9424028,0.024927111,0.03267009
2019-06-05,GOOGL,0.0,0.0,2,0.064490706,0.91736436,0.01814496
2019-06-05,NVDA,0.0,1.0,3,0.3542213,0.31251997,0.33325875
2019-06-06,GOOGL,0.0,0.0,4,0.04521904,0.9318818,0.02289921
2019-06-06,NVDA,0.5,0.7071067811865476,2,0.39143428,0.43682286,0.17174286
2019-06-07,GOOGL,0.0,0.0,2,0.12092808,0.7190739,0.15999798
2019-06-08,GOOGL,0.0,0.0,1,0.03700179,0.93592703,0.027071241
2019-06-10,GOOGL,0.1,0.5676462121975466,10,0.2454985,0.62575483,0.12874666
2019-06-10,NVDA,0.5,0.7071067811865476,2,0.47813222,0.48884746,0.03302033
2019-06-11,GOOGL,-0.3333333333333333,0.816496580927726,6,0.19456746,0.3119906,0.49344197
2019-06-11,NVDA,1.0,0.0,3,0.89251643,0.09153234,0.015951177
2019-06-12,GOOGL,0.0,1.0,3,0.31337145,0.26345643,0.42317212
2019-06-12,NVDA,-1.0,0.0,1,0.008623458,0.020390967,0.97098565
2019-06-13,GOOGL,0.0,0.0,4,0.1638977,0.7756596,0.060442705
2019-06-13,NVDA,0.5,0.7071067811865476,2,0.46528673,0.2969781,0.23773515
2019-06-14,GOOGL,0.0,0.0,2,0.06734359,0.7177186,0.21493779
2019-06-14,NVDA,-1.0,0.0,2,0.010529206,0.023117958,0.9663528
2019-06-17,GOOGL,0.0,0.0,3,0.06328896,0.8834343,0.05327673
2019-06-17,NVDA,0.0,0.0,3,0.11003219,0.8562142,0.033753585
2019-06-18,GOOGL,0.3333333333333333,0.5163977794943222,6,0.3503994,0.6285242,0.021076431
2019-06-18,NVDA,0.5,1.0,4,0.6202104,0.12552989,0.2542597
2019-06-19,GOOGL,0.0,0.0,2,0.11236001,0.75100774,0.13663223
2019-06-20,GOOGL,-0.3333333333333333,1.1547005383792517,3,0.33145663,0.2385651,0.42997825
2019-06-20,NVDA,1.0,0.0,1,0.9484879,0.022922147,0.028589904
2019-06-21,GOOGL,0.0,0.0,2,0.12593815,0.8051082,0.06895368
2019-06-24,GOOGL,-0.25,0.9574271077563381,4,0.19815971,0.31365255,0.48818773
2019-06-24,NVDA,0.0,0.0,1,0.08005208,0.8929989,0.02694912
2019-06-25,GOOGL,-1.0,0.0,1,0.015486666,0.17226715,0.81224614
2019-06-26,GOOGL,-0.3333333333333333,0.5163977794943223,6,0.03863104,0.64901227,0.31235662
2019-06-26,NVDA,1.0,0.0,1,0.9531264,0.023658367,0.023215238
2019-06-27,GOOGL,-0.5,0.7071067811865476,2,0.02308783,0.7032467,0.2736655
2019-06-27,NVDA,0.0,1.0,3,0.4153832,0.37927628,0.20534056
2019-07-01,GOOGL,0.0,0.0,1,0.035903607,0.910773,0.053323366
2019-07-01,NVDA,0.6666666666666666,0.5773502691896258,3,0.6170008,0.34268272,0.040316485
2019-07-02,GOOGL,-0.3333333333333333,0.5773502691896258,3,0.11290297,0.68824345,0.19885357
2019-07-02,NVDA,0.0,0.0,1,0.037571143,0.85802585,0.104403116
2019-07-05,NVDA,-1.0,0.0,1,0.011932208,0.036092535,0.9519753
2019-07-08,GOOGL,0.0,0.0,1,0.108315304,0.8804022,0.011282434
2019-07-08,NVDA,0.0,0.0,1,0.0363667,0.9390413,0.024592008
2019-07-09,GOOGL,0.0,0.0,4,0.034920722,0.92861223,0.03646707
2019-07-09,NVDA,0.3333333333333333,0.5773502691896258,3,0.37157366,0.51206726,0.11635915
2019-07-11,GOOGL,-0.25,0.9574271077563381,4,0.15473972,0.39544883,0.44981146
2019-07-11,NVDA,0.3333333333333333,0.5773502691896258,3,0.631221,0.34990966,0.018869324
2019-07-12,GOOGL,0.0,0.0,3,0.07073073,0.9130866,0.016182685
2019-07-12,NVDA,1.0,0.0,4,0.79022044,0.030000605,0.17977898
2019-07-13,NVDA,0.0,0.0,1,0.028785544,0.94307685,0.028137596
2019-07-15,GOOGL,-1.0,0.0,2,0.1117408,0.16609123,0.72216797
2019-07-16,GOOGL,0.0,0.0,4,0.05526025,0.8048623,0.1398774
2019-07-16,NVDA,0.0,0.0,1,0.42687383,0.5660234,0.007102751
2019-07-17,GOOGL,-0.16666666666666666,0.983192080250175,6,0.34177184,0.18548137,0.47274685
2019-07-18,GOOGL,-0.3333333333333333,0.5773502691896258,3,0.082752176,0.601881,0.31536677
2019-07-19,GOOGL,-0.5,0.7071067811865476,2,0.0593292,0.5946044,0.3460664
2019-07-22,GOOGL,-0.3333333333333333,0.5773502691896258,3,0.087175936,0.6317251,0.28109902
2019-07-22,NVDA,1.0,0.0,1,0.91253245,0.023956092,0.06351147
2019-07-23,NVDA,0.0,0.0,1,0.041569263,0.9368663,0.021564499
2019-07-24,GOOGL,-0.5,0.5477225575051661,6,0.043586295,0.43174604,0.5246676
2019-07-24,NVDA,1.0,0.0,1,0.9542262,0.022657543,0.023116257
2019-07-25,GOOGL,0.0,0.0,2,0.15753832,0.8232176,0.019244099
2019-07-25,NVDA,-1.0,0.0,1,0.01412981,0.020314343,0.96555585
2019-07-26,GOOGL,0.5454545454545454,0.5640760748177662,33,0.5006423,0.41829836,0.081059314
2019-07-26,NVDA,0.0,1.4142135623730951,2,0.50702107,0.21473385,0.2782451
2019-07-27,GOOGL,0.3333333333333333,0.5773502691896258,3,0.22770698,0.5930119,0.17928119
2019-07-28,GOOGL,0.0,0.0,1,0.20727542,0.7828275,0.009897117
2019-07-29,GOOGL,0.0,0.0,3,0.16683893,0.7569962,0.07616485
2019-07-29,NVDA,-1.0,0.0,1,0.008009814,0.019362474,0.97262776
2019-07-30,GOOGL,-0.14285714285714285,0.6900655593423543,7,0.15046178,0.6183058,0.23123242
2019-07-30,NVDA,1.0,0.0,1,0.86907685,0.1005432,0.030379925
2019-07-31,GOOGL,0.0,0.0,3,0.11592362,0.8620816,0.02199482
2019-07-31,NVDA,-0.5,0.5773502691896257,4,0.020235335,0.4699307,0.50983393
2019-08-01,GOOGL,-0.5,0.7071067811865476,2,0.021678986,0.5114431,0.46687794
2019-08-01,NVDA,1.0,0.0,1,0.84871393,0.01978364,0.13150242
2019-08-02,GOOGL,0.0,0.0,1,0.08776609,0.88181645,0.030417431
2019-08-02,NVDA,-0.5,0.7071067811865476,2,0.06316811,0.49500865,0.44182327
2019-08-05,GOOGL,-0.5,0.7071067811865476,2,0.03181992,0.45074227,0.5174378
2019-08-05,NVDA,-1.0,0.0,1,0.01014367,0.02221562,0.9676407
2019-08-06,GOOGL,0.0,0.0,2,0.08155953,0.8898704,0.02857014
2019-08-07,GOOGL,0.0,0.0,2,0.060546495,0.88131547,0.058138087
2019-08-08,GOOGL,1.0,0.0,4,0.76593983,0.19955048,0.034509696
2019-08-08,NVDA,1.0,0.0,1,0.9338999,0.018545637,0.04755454
2019-08-09,GOOGL,0.0,0.0,2,0.07648766,0.7501003,0.17341205
2019-08-09,NVDA,-0.5,0.7071067811865476,2,0.06441386,0.44373435,0.49185184
2019-08-11,GOOGL,-1.0,0.0,1,0.02123504,0.3817578,0.5970072
2019-08-12,NVDA,-0.5,0.7071067811865476,2,0.20347877,0.40166453,0.39485672
2019-08-13,GOOGL,0.0,1.4142135623730951,2,0.47033057,0.02911364,0.5005558
2019-08-13,NVDA,1.0,0.0,1,0.88590854,0.029546501,0.08454491
2019-08-14,GOOGL,-0.5,0.7071067811865476,2,0.07880324,0.4672268,0.45396996
2019-08-14,NVDA,-1.0,0.0,2,0.06589031,0.027845247,0.9062644
2019-08-15,GOOGL,0.0,0.0,3,0.091504596,0.88897985,0.019515516
2019-08-15,NVDA,0.0,0.0,2,0.027091429,0.898895,0.07401358
2019-08-16,GOOGL,0.5,0.7071067811865476,2,0.48135915,0.47883007,0.039810732
2019-08-16,NVDA,0.42857142857142855,0.6761234037828132,21,0.46814483,0.39359474,0.13826044
2019-08-17,NVDA,0.0,0.0,1,0.031962283,0.93394345,0.034094255
2019-08-19,GOOGL,0.0,0.816496580927726,4,0.26003855,0.4018922,0.33806926
2019-08-19,NVDA,0.25,0.5,4,0.38506314,0.4968567,0.11808015
2019-08-20,GOOGL,0.5,0.7071067811865476,2,0.5449609,0.42895234,0.026086764
2019-08-20,NVDA,0.5,0.7071067811865476,2,0.3545364,0.5060279,0.13943568
2019-08-21,NVDA,0.6666666666666666,0.5773502691896258,3,0.6554689,0.31820562,0.026325488
2019-08-22,GOOGL,0.0,0.6324555320336759,6,0.29789272,0.5309529,0.17115444
2019-08-23,GOOGL,-1.0,0.0,1,0.009037804,0.01997593,0.9709863
2019-08-23,NVDA,-1.0,0.0,3,0.054646462,0.14283808,0.8025155
2019-08-26,GOOGL,0.6666666666666666,0.5773502691896258,3,0.602112,0.3812096,0.016678445
2019-08-26,NVDA,1.0,0.0,2,0.9267502,0.03426733,0.038982507
2019-08-27,GOOGL,-0.25,0.9574271077563382,4,0.26198703,0.3592552,0.37875777
2019-08-28,GOOGL,-0.75,0.5,4,0.09511661,0.2569394,0.647944
2019-08-29,GOOGL,-1.0,0.0,1,0.024960846,0.08101583,0.8940233
2019-08-29,NVDA,0.5,0.7071067811865476,2,0.51823235,0.38823748,0.09353012
2019-08-30,GOOGL,0.0,0.0,3,0.08299597,0.8869017,0.030102292
2019-08-30,NVDA,1.0,0.0,1,0.9408849,0.043346528,0.01576858
2019-09-03,GOOGL,0.0,0.0,2,0.089092955,0.7361423,0.17476472
2019-09-03,NVDA,-0.3333333333333333,0.5773502691896258,3,0.088998556,0.527309,0.38369247
2019-09-04,GOOGL,-0.16666666666666666,0.752772652709081,6,0.11967393,0.5203399,0.3599862
2019-09-04,NVDA,-0.5,0.7071067811865476,2,0.1333018,0.4697827,0.39691553
2019-09-05,GOOGL,0.5,0.5773502691896257,4,0.402124,0.578174,0.019702021
2019-09-05,NVDA,0.0,1.0,3,0.34767628,0.25157556,0.40074816
2019-09-06,GOOGL,-0.2857142857142857,0.48795003647426666,7,0.055202823,0.65936464,0.28543255
2019-09-07,GOOGL,0.0,0.0,1,0.034476895,0.92898077,0.03654231
2019-09-09,GOOGL,-0.125,0.3535533905932738,8,0.06611669,0.7726648,0.16121852
2019-09-10,GOOGL,0.5,0.7071067811865476,2,0.31216654,0.66375273,0.024080727
2019-09-10,NVDA,0.0,0.0,1,0.37124124,0.6148383,0.01392046
2019-09-11,NVDA,1.0,0.0,1,0.94422626,0.036,0.019773709
2019-09-12,GOOGL,-0.5,0.5773502691896257,4,0.08033232,0.5728714,0.34679627
2019-09-13,GOOGL,0.0,0.0,3,0.030017251,0.8149077,0.15507506
2019-09-15,NVDA,0.0,0.0,1,0.19922425,0.7859191,0.014856637
2019-09-16,GOOGL,0.0,0.0,4,0.057419237,0.8685464,0.074034296
2019-09-18,NVDA,0.0,0.0,1,0.23304676,0.74648654,0.020466745
2019-09-19,GOOGL,0.0,0.0,2,0.04778914,0.73359644,0.2186144
2019-09-19,NVDA,-1.0,0.0,1,0.089470334,0.06581844,0.8447112
2019-09-20,GOOGL,1.0,0.0,1,0.7793229,0.21252458,0.008152479
2019-09-23,GOOGL,0.0,0.0,3,0.08233821,0.85395926,0.06370254
2019-09-23,NVDA,1.0,0.0,1,0.70587,0.27480605,0.01932403
2019-09-24,GOOGL,-0.2,0.447213595499958,5,0.09752192,0.74631757,0.1561605
2019-09-24,NVDA,-1.0,0.0,1,0.009120959,0.021105874,0.9697732
2019-09-25,NVDA,0.5,0.7071067811865476,2,0.50493926,0.41297916,0.08208157
2019-09-26,GOOGL,0.0,0.0,2,0.10034255,0.83116114,0.06849628
2019-09-27,NVDA,-1.0,0.0,1,0.00806655,0.02102866,0.9709048
2019-09-30,GOOGL,-0.3333333333333333,0.5773502691896258,3,0.04725604,0.68924206,0.26350197
2019-10-01,NVDA,1.0,0.0,1,0.8271019,0.054068387,0.1188297
2019-10-02,GOOGL,0.0,0.816496580927726,4,0.21023987,0.5393367,0.25042346
2019-10-02,NVDA,-1.0,0.0,1,0.007939724,0.021877581,0.9701827
2019-10-03,GOOGL,0.0,0.0,2,0.04500366,0.9329952,0.022001045
2019-10-03,NVDA,1.0,0.0,2,0.93017447,0.025899084,0.043926448
2019-10-04,GOOGL,0.0,0.0,2,0.18438312,0.80548275,0.010134203
2019-10-07,NVDA,0.3333333333333333,0.5,9,0.38756028,0.5088344,0.10360532
2019-10-08,GOOGL,0.0,0.0,2,0.068151325,0.90613174,0.025716927
2019-10-08,NVDA,-0.3333333333333333,0.5773502691896258,3,0.07250959,0.5629924,0.36449805
2019-10-09,GOOGL,0.0,0.0,1,0.022959867,0.70639277,0.2706474
2019-10-09,NVDA,0.0,0.816496580927726,4,0.30309802,0.50702655,0.18987545
2019-10-10,GOOGL,-0.5,0.7071067811865476,2,0.020745087,0.5069579,0.47229704
2019-10-10,NVDA,1.0,0.0,1,0.94828814,0.026064182,0.025647745
2019-10-11,GOOGL,0.0,0.0,2,0.19189912,0.6981331,0.10996781
2019-10-11,NVDA,1.0,0.0,1,0.847993,0.11283473,0.03917222
2019-10-14,GOOGL,1.0,0.0,1,0.8738555,0.102574274,0.02357023
2019-10-14,NVDA,1.0,0.0,1,0.3966575,0.35359892,0.24974352
2019-10-15,GOOGL,0.25,0.4629100498862757,8,0.29998842,0.6715429,0.028468687
2019-10-15,NVDA,0.7142857142857143,0.4879500364742666,7,0.6688501,0.28009525,0.05105458
2019-10-16,GOOGL,-0.5,0.7071067811865476,2,0.079320185,0.54413015,0.3765497
2019-10-16,NVDA,0.0,0.0,2,0.11981383,0.8395476,0.040638577
2019-10-17,GOOGL,0.5,0.7071067811865476,2,0.33911985,0.6173585,0.043521635
2019-10-17,NVDA,-1.0,0.0,1,0.26577687,0.2944306,0.43979242
2019-10-18,GOOGL,0.0,0.0,2,0.22630385,0.76324683,0.01044929
2019-10-21,GOOGL,0.0,0.0,3,0.04920891,0.9310878,0.019703252
2019-10-21,NVDA,-1.0,0.0,1,0.29989955,0.039638653,0.66046184
2019-10-22,GOOGL,1.0,0.0,2,0.84996223,0.13549098,0.014546812
2019-10-22,NVDA,0.5,0.5773502691896257,4,0.57680774,0.40966025,0.013532018
2019-10-23,GOOGL,-0.25,0.5,4,0.05151798,0.69458854,0.2538935
2019-10-23,NVDA,-1.0,0.0,2,0.010158169,0.017532265,0.9723096
2019-10-24,NVDA,1.0,0.0,2,0.92923,0.035493184,0.03527684
2019-10-25,GOOGL,0.0,1.0,3,0.23765051,0.4336355,0.32871404
2019-10-25,NVDA,1.0,0.0,1,0.94629735,0.030160924,0.023541728
2019-10-28,GOOGL,0.18181818181818182,0.7507571935295484,11,0.35651433,0.41316873,0.23031697
2019-10-28,NVDA,0.25,0.5,4,0.33038798,0.58440673,0.085205235
2019-10-29,GOOGL,0.15384615384615385,0.898717034272917,13,0.44048113,0.26924774,0.29027113
2019-10-30,GOOGL,-0.5,0.7071067811865476,2,0.026737329,0.49133363,0.48192906
2019-10-30,NVDA,0.5,0.7071067811865476,2,0.4914658,0.48046964,0.028064586
2019-10-31,GOOGL,0.0,1.4142135623730951,2,0.49440628,0.11228871,0.39330497
2019-11-01,GOOGL,0.0,0.0,3,0.17578983,0.81056124,0.013648912
2019-11-01,NVDA,0.0,0.0,1,0.02845029,0.9233685,0.048181158
2019-11-03,GOOGL,0.0,0.0,1,0.027972428,0.94060194,0.031425554
2019-11-04,GOOGL,0.0,0.0,1,0.037215088,0.90751624,0.055268638
2019-11-04,NVDA,0.0,0.0,1,0.0412208,0.9104606,0.04831862
2019-11-05,GOOGL,0.0,1.0,3,0.33781743,0.35209644,0.31008613
2019-11-05,NVDA,0.0,0.0,3,0.068308264,0.894334,0.037357792
2019-11-06,GOOGL,0.0,0.0,1,0.29419985,0.69827497,0.0075251586
2019-11-06,NVDA,0.0,0.0,1,0.22978596,0.7598076,0.010406406
2019-11-07,GOOGL,-0.2,0.4472135954999579,5,0.07988523,0.72189265,0.19822212
2019-11-07,NVDA,-0.4,0.8944271909999159,5,0.23338814,0.22653714,0.5400747
2019-11-08,GOOGL,0.0,0.0,1,0.06290089,0.8925519,0.04454727
2019-11-11,GOOGL,0.16666666666666666,0.408248290463863,6,0.15472896,0.76437634,0.08089472
2019-11-11,NVDA,1.0,0.0,5,0.8343214,0.12440314,0.04127543
2019-11-12,GOOGL,1.0,0.0,1,0.89762557,0.09011018,0.012264214
2019-11-12,NVDA,0.5,1.0,4,0.74782485,0.1454326,0.106742576
2019-11-13,GOOGL,0.0,0.5,9,0.20593351,0.6895411,0.10452536
2019-11-13,NVDA,0.0,0.0,1,0.122393385,0.8684727,0.009133897
2019-11-14,GOOGL,0.0,0.0,4,0.14386861,0.8281622,0.027969215
2019-11-14,NVDA,0.0,0.6324555320336759,6,0.1572494,0.6563623,0.18638827
2019-11-15,GOOGL,0.3333333333333333,0.5773502691896258,3,0.43644547,0.39281297,0.17074151
2019-11-15,NVDA,0.5428571428571428,0.7800021547050611,35,0.63812155,0.18647005,0.17540844
2019-11-17,GOOGL,0.0,0.0,1,0.030229688,0.94312453,0.02664567
2019-11-18,GOOGL,-0.3333333333333333,0.5773502691896258,3,0.10374209,0.665585,0.23067294
2019-11-18,NVDA,0.6666666666666666,0.5773502691896258,3,0.6118136,0.321381,0.06680539
2019-11-19,GOOGL,0.0,0.0,1,0.054332685,0.9283892,0.017278096
2019-11-19,NVDA,0.0,0.0,1,0.26144394,0.5051178,0.23343824
2019-11-20,GOOGL,1.0,0.0,1,0.7189751,0.2714078,0.0096169915
2019-11-20,NVDA,0.5,0.7071067811865476,2,0.5113294,0.47231448,0.016356088
2019-11-21,GOOGL,0.3333333333333333,0.5773502691896258,3,0.30327526,0.4984728,0.19825192
2019-11-21,NVDA,1.0,0.0,1,0.9544936,0.02249281,0.023013618
2019-11-25,GOOGL,-0.5,0.7071067811865476,2,0.03918513,0.59133714,0.36947772
2019-11-25,NVDA,0.4,0.8432740427115678,10,0.6202059,0.2442046,0.13558955
2019-11-26,GOOGL,0.0,1.1547005383792515,4,0.36330327,0.14626703,0.49042964
2019-11-26,NVDA,0.5,0.7071067811865476,2,0.34963945,0.54488033,0.105480224
2019-11-27,NVDA,0.0,0.0,1,0.23978835,0.502142,0.25806957
2019-11-29,GOOGL,0.0,0.0,1,0.09046487,0.6007537,0.30878136
2019-11-29,NVDA,0.0,0.0,1,0.49051142,0.49612343,0.013365142
2019-12-01,GOOGL,0.0,0.0,1,0.02692046,0.9371853,0.03589427
2019-12-02,GOOGL,-0.6666666666666666,0.5773502691896258,3,0.023693291,0.42804933,0.5482574
2019-12-02,NVDA,-1.0,0.0,1,0.009048813,0.018401554,0.9725496
2019-12-03,GOOGL,-0.4444444444444444,0.5270462766947299,9,0.09601559,0.5361442,0.36784017
2019-12-03,NVDA,-0.6666666666666666,0.5773502691896258,3,0.10575714,0.43852532,0.45571756
2019-12-04,GOOGL,0.0,0.4472135954999579,11,0.14993848,0.69788796,0.15217358
2019-12-04,NVDA,0.5,0.7071067811865476,2,0.53919584,0.36274686,0.09805733
2019-12-05,GOOGL,-0.5,0.5773502691896257,4,0.12056759,0.470172,0.40926042
2019-12-06,GOOGL,0.3333333333333333,0.5773502691896258,3,0.39328077,0.5271789,0.079540335
2019-12-06,NVDA,0.0,0.0,1,0.034608196,0.9469159,0.01847585
2019-12-08,GOOGL,0.0,0.0,2,0.037935443,0.936322,0.025742529
2019-12-09,GOOGL,-0.25,0.5,4,0.09788418,0.6660638,0.236052
2019-12-10,GOOGL,-0.25,0.9574271077563381,4,0.16815177,0.33648786,0.49536037
2019-12-10,NVDA,0.0,1.4142135623730951,2,0.58004194,0.18029569,0.23966241
2019-12-11,GOOGL,0.0,0.0,2,0.085104324,0.8830783,0.03181747
2019-12-12,GOOGL,0.0,0.0,1,0.027202256,0.859599,0.1131988
2019-12-12,NVDA,0.5,0.7071067811865476,2,0.5841813,0.3578956,0.057923093
2019-12-13,GOOGL,0.0,1.0,3,0.34154597,0.3290385,0.32941553
2019-12-13,NVDA,0.0,0.0,2,0.22256494,0.72756517,0.04986985
2019-12-16,GOOGL,0.5,0.7071067811865476,2,0.4636355,0.48856464,0.047799874
2019-12-17,GOOGL,0.0,0.0,1,0.21035242,0.70689845,0.082749106
2019-12-17,NVDA,1.0,0.0,1,0.92179424,0.06077578,0.017429966
2019-12-18,GOOGL,0.0,0.7071067811865476,5,0.29982156,0.5035596,0.19661887
2019-12-18,NVDA,0.6666666666666666,0.5773502691896258,3,0.4532306,0.51027614,0.03649329
2019-12-19,GOOGL,-0.6666666666666666,0.5773502691896258,3,0.04341903,0.53931785,0.41726312
2019-12-19,NVDA,0.5,0.7071067811865476,2,0.6012919,0.35251278,0.046195388
2019-12-20,GOOGL,-1.0,0.0,1,0.024619464,0.034406636,0.9409739
2019-12-20,NVDA,0.6,0.5477225575051662,5,0.64637744,0.27905095,0.0745716
2019-12-21,GOOGL,0.0,0.0,1,0.05006292,0.9259365,0.024000525
2019-12-23,GOOGL,1.0,0.0,1,0.7811336,0.20508139,0.013784967
2019-12-23,NVDA,0.5,0.7071067811865476,2,0.33778346,0.45489505,0.20732147
2019-12-24,GOOGL,-1.0,0.0,1,0.008032013,0.05615599,0.93581206
2019-12-26,GOOGL,0.16666666666666666,0.752772652709081,6,0.32577822,0.50468236,0.16953939
2019-12-26,NVDA,-1.0,0.0,1,0.015640676,0.035971977,0.9483873
2019-12-27,GOOGL,-0.3333333333333333,0.5773502691896258,3,0.09605632,0.5649354,0.33900824
2019-12-30,GOOGL,-0.3333333333333333,1.1547005383792517,3,0.28430128,0.23424989,0.48144886
2019-12-30,NVDA,0.0,0.0,2,0.17001915,0.81022155,0.019759303
2019-12-31,GOOGL,-0.3333333333333333,0.5773502691896258,3,0.036931116,0.62095493,0.34211394
2019-12-31,NVDA,0.3333333333333333,0.5773502691896258,3,0.2602555,0.6870771,0.05266737
2020-01-02,GOOGL,0.5,0.7071067811865476,2,0.4396557,0.5327761,0.027568163
2020-01-02,NVDA,0.0,0.0,1,0.11951074,0.74771404,0.13277525
2020-01-03,GOOGL,-0.4,0.5477225575051661,5,0.053513687,0.59593457,0.35055175
2020-01-03,NVDA,0.0,0.0,1,0.14808442,0.6696969,0.18221858
2020-01-05,GOOGL,0.0,0.0,1,0.031172972,0.9406306,0.028196374
2020-01-06,GOOGL,1.0,0.0,1,0.95033026,0.029200394,0.020469386
2020-01-06,NVDA,0.0,0.0,1,0.13616763,0.6348844,0.22894797
2020-01-07,GOOGL,-1.0,0.0,1,0.025020948,0.2138714,0.7611076
2020-01-07,NVDA,0.0,0.0,1,0.14590453,0.8440651,0.010030358
2020-01-09,GOOGL,-0.3333333333333333,0.5773502691896258,3,0.106859155,0.61261016,0.28053066
2020-01-09,NVDA,0.0,0.0,1,0.25038344,0.67957944,0.070037164
2020-01-10,GOOGL,-0.16666666666666666,0.408248290463863,6,0.16406228,0.6470737,0.18886401
2020-01-10,NVDA,0.3333333333333333,0.5163977794943223,6,0.46651745,0.4743965,0.05908603
2020-01-13,GOOGL,1.0,0.0,1,0.9078215,0.04638672,0.04579172
2020-01-13,NVDA,0.6,0.6992058987801011,10,0.6260537,0.25583777,0.11810855
2020-01-14,GOOGL,0.0,0.5773502691896257,7,0.16158625,0.67592657,0.1624872
2020-01-15,GOOGL,0.0,0.0,2,0.05798473,0.92194897,0.020066332
2020-01-15,NVDA,1.0,0.0,2,0.88596433,0.088625856,0.025409803
2020-01-16,GOOGL,0.25,0.5,4,0.51616395,0.41721582,0.066620246
2020-01-16,NVDA,0.5,0.7071067811865476,2,0.5179296,0.3548331,0.1272373
2020-01-17,GOOGL,0.0,0.6324555320336759,6,0.27013895,0.5413063,0.18855472
2020-01-17,NVDA,0.3333333333333333,0.5773502691896258,3,0.35974655,0.6099854,0.030267954
2020-01-19,GOOGL,0.0,0.0,1,0.49114865,0.497106,0.011745398
2020-01-20,NVDA,0.0,0.0,1,0.029628472,0.93195355,0.03841793
2020-01-21,GOOGL,0.4,0.5477225575051661,5,0.39543098,0.54704887,0.05752015
2020-01-21,NVDA,0.0,0.0,1,0.14616628,0.8439033,0.00993039
2020-01-22,GOOGL,0.0,0.0,4,0.117387466,0.8252966,0.057315968
2020-01-23,GOOGL,0.0,0.816496580927726,4,0.3641931,0.40949437,0.22631249
2020-01-23,NVDA,0.6666666666666666,0.5773502691896258,3,0.61730313,0.366469,0.016227886
2020-01-24,GOOGL,0.25,0.5,4,0.29701895,0.6439862,0.058994807
2020-01-24,NVDA,0.0,0.0,2,0.28651947,0.6669949,0.046485607
2020-01-26,GOOGL,0.0,0.0,1,0.047419634,0.9194509,0.03312952
2020-01-27,GOOGL,-0.2222222222222222,0.6666666666666667,9,0.12856035,0.5567191,0.3147205
2020-01-27,NVDA,-0.5,0.7071067811865476,2,0.06397974,0.34801447,0.5880058
2020-01-28,GOOGL,0.0,0.0,3,0.09675542,0.891733,0.011511657
2020-01-28,NVDA,1.0,0.0,2,0.921219,0.026634458,0.052146595
2020-01-29,GOOGL,-0.75,0.5,4,0.06090393,0.22084671,0.7182493
2020-01-30,GOOGL,0.3333333333333333,0.5773502691896258,3,0.33792052,0.60974044,0.052338988
2020-01-30,NVDA,-0.3333333333333333,0.5773502691896258,3,0.06882118,0.5030863,0.42809248
2020-01-31,GOOGL,0.0,0.7071067811865476,5,0.12561157,0.64894515,0.22544327
2020-01-31,NVDA,-1.0,0.0,2,0.0120280925,0.09142371,0.89654815
2020-02-03,GOOGL,0.0,0.7071067811865476,9,0.2327829,0.50051713,0.26670003
2020-02-04,GOOGL,0.225,0.7675301714607473,40,0.41352758,0.36529946,0.22117296
2020-02-04,NVDA,0.0,0.816496580927726,4,0.26666293,0.36752585,0.36581123
2020-02-05,GOOGL,0.2,0.447213595499958,5,0.29578125,0.63970155,0.064517185
2020-02-05,NVDA,0.0,0.0,1,0.034477536,0.94697195,0.018550476
2020-02-06,GOOGL,0.0,0.5345224838248488,8,0.1740071,0.6913754,0.13461748
2020-02-06,NVDA,0.0,0.0,1,0.04243314,0.9082632,0.049303688
2020-02-07,GOOGL,0.0,1.1547005383792515,4,0.3732978,0.17425245,0.45244974
2020-02-07,NVDA,1.0,0.0,1,0.73990697,0.03407565,0.2260173
2020-02-10,GOOGL,-0.25,0.5,4,0.09076893,0.61969775,0.28953332
2020-02-10,NVDA,0.75,0.5,4,0.6822338,0.29191297,0.025853219
2020-02-11,GOOGL,-0.125,0.6408699444616557,8,0.19211367,0.5185168,0.28936958
2020-02-11,NVDA,0.4,0.8944271909999159,5,0.6038123,0.17298481,0.22320291
2020-02-12,GOOGL,0.0,0.0,3,0.064964406,0.9188934,0.016142147
2020-02-12,NVDA,0.6666666666666666,0.5773502691896258,3,0.7328205,0.2328155,0.034364045
2020-02-13,GOOGL,0.5,0.7071067811865476,2,0.3690287,0.60040414,0.030567255
2020-02-13,NVDA,0.25,0.7071067811865476,8,0.2874135,0.56306434,0.1495221
2020-02-14,GOOGL,0.0,0.0,3,0.09473377,0.88782436,0.017441828
2020-02-14,NVDA,0.5714285714285714,0.6981367759853317,35,0.60951495,0.21533449,0.17515059
2020-02-18,GOOGL,-0.25,0.5,4,0.1442365,0.5714912,0.28427234
2020-02-18,NVDA,0.2857142857142857,0.7559289460184544,7,0.37081537,0.46132937,0.16785528
2020-02-19,GOOGL,-0.5,0.5345224838248488,8,0.10976827,0.45861852,0.43161318
2020-02-19,NVDA,0.3333333333333333,0.5,9,0.3666775,0.49396616,0.13935634
2020-02-20,GOOGL,-0.2,0.8366600265340756,5,0.23530622,0.36274493,0.40194884
2020-02-20,NVDA,-0.25,0.5,4,0.16079678,0.5584206,0.28078267
2020-02-21,GOOGL,-0.25,0.8864052604279183,8,0.23018262,0.3587765,0.4110409
2020-02-21,NVDA,-1.0,0.0,1,0.00943463,0.018574718,0.97199064
2020-02-24,GOOGL,-0.3333333333333333,0.5163977794943222,6,0.1089961,0.4624864,0.4285175
2020-02-24,NVDA,-0.6666666666666666,0.5773502691896258,3,0.071844555,0.24344404,0.6847114
2020-02-25,GOOGL,0.6,0.5477225575051661,5,0.5602957,0.40463096,0.03507338
2020-02-25,NVDA,0.0,1.1547005383792515,4,0.57706815,0.07862334,0.3443085
2020-02-26,GOOGL,0.0,0.0,3,0.13228889,0.85205024,0.01566092
2020-02-26,NVDA,0.3333333333333333,1.1547005383792517,3,0.5679379,0.1481158,0.2839463
2020-02-27,GOOGL,0.0,0.7071067811865476,5,0.1778917,0.56657845,0.25552994
2020-02-27,NVDA,-1.0,0.0,2,0.01799857,0.013462942,0.9685385
2020-02-28,GOOGL,-0.5,0.7071067811865476,2,0.026264813,0.47889808,0.4948371
2020-02-28,NVDA,0.5,0.7071067811865476,2,0.5925426,0.39101362,0.016443823
2020-03-02,GOOGL,-1.0,0.0,2,0.021868704,0.13065298,0.8474783
2020-03-02,NVDA,0.0,0.0,1,0.0231123,0.815831,0.16105671
2020-03-03,GOOGL,-0.16666666666666666,0.752772652709081,6,0.20268863,0.44259992,0.35471144
2020-03-03,NVDA,0.0,0.816496580927726,4,0.17766432,0.54599,0.27634564
2020-03-04,GOOGL,0.0,0.0,1,0.15504903,0.8354371,0.009513896
2020-03-04,NVDA,1.0,0.0,1,0.9302982,0.048871394,0.0208304
2020-03-05,GOOGL,-0.42857142857142855,0.7867957924694431,7,0.175918,0.34505063,0.47903135
2020-03-05,NVDA,-1.0,0.0,1,0.007839268,0.019939173,0.9722216
2020-03-06,GOOGL,-0.5,0.5477225575051661,6,0.074099414,0.39896193,0.5269386
2020-03-06,NVDA,-0.5,0.7071067811865476,2,0.069981076,0.36593923,0.5640797
2020-03-09,AAPL,0.0,0.0,2,0.05769794,0.79923785,0.14306422
2020-03-09,GOOGL,-0.4,0.5477225575051662,5,0.18585363,0.49202508,0.32212126
2020-03-09,NVDA,-0.5,0.7071067811865476,2,0.026531385,0.4789255,0.49454314
2020-03-10,AAPL,-0.4444444444444444,0.5270462766947299,9,0.065527044,0.42997673,0.5044963
2020-03-10,GOOGL,-1.0,0.0,2,0.044726387,0.03211361,0.92316
2020-03-10,NVDA,-1.0,0.0,1,0.057514355,0.032756694,0.90972894
2020-03-11,AAPL,-0.15384615384615385,0.8006407690254357,13,0.20506424,0.37857407,0.41636166
2020-03-11,GOOGL,0.2222222222222222,0.6666666666666666,9,0.3000895,0.5112426,0.1886679
2020-03-11,NVDA,0.0,1.4142135623730951,2,0.46603784,0.042098872,0.49186328
2020-03-12,AAPL,-0.2,0.8366600265340756,5,0.18779448,0.34957403,0.46263146
2020-03-12,GOOGL,-0.6666666666666666,0.5773502691896258,3,0.019356359,0.28548527,0.6951584
2020-03-12,NVDA,-1.0,0.0,1,0.008081351,0.018249396,0.9736692
2020-03-13,AAPL,0.08333333333333333,0.7929614610987591,12,0.29706046,0.43095747,0.27198207
2020-03-13,GOOGL,0.3333333333333333,0.816496580927726,6,0.36647424,0.37582135,0.25770447
2020-03-13,NVDA,-1.0,0.0,1,0.01577761,0.019709077,0.96451336
2020-03-14,AAPL,-0.5,0.7071067811865476,2,0.01694315,0.51553184,0.467525
2020-03-15,AAPL,-0.5,0.7071067811865476,2,0.018292146,0.49463087,0.48707703
2020-03-16,AAPL,-0.36363636363636365,0.6741998624632421,11,0.13493834,0.39230105,0.4727606
2020-03-16,GOOGL,-0.5,0.5477225575051662,6,0.08944163,0.39463797,0.5159204
2020-03-16,NVDA,-0.5,0.7071067811865476,2,0.095031045,0.40278244,0.50218654
2020-03-17,AAPL,-0.2857142857142857,0.825420305855557,14,0.24385905,0.3061476,0.44999334
2020-03-17,GOOGL,-0.3333333333333333,0.5163977794943222,6,0.04806495,0.53896457,0.41297045
2020-03-17,NVDA,0.5,0.7071067811865476,2,0.48460865,0.4127779,0.10261354
2020-03-18,AAPL,0.0,0.816496580927726,4,0.27466425,0.40056866,0.32476705
2020-03-18,GOOGL,0.0,0.8944271909999159,6,0.29253563,0.35715345,0.35031092
2020-03-18,NVDA,-0.6666666666666666,0.5773502691896258,3,0.13629763,0.2711562,0.59254616
2020-03-19,AAPL,0.0,0.0,2,0.25935286,0.63014054,0.11050655
2020-03-19,GOOGL,0.0,0.0,1,0.15739688,0.8206992,0.021903852
2020-03-19,NVDA,0.0,1.4142135623730951,2,0.3600551,0.029747497,0.6101974
2020-03-20,AAPL,0.0,1.4142135623730951,2,0.48432124,0.13511471,0.38056406
2020-03-20,GOOGL,0.0,1.4142135623730951,2,0.49221277,0.16428581,0.34350142
2020-03-20,NVDA,0.25,0.9574271077563381,4,0.48646644,0.34430432,0.16922921
2020-03-23,AAPL,-0.125,0.8345229603962803,8,0.27820063,0.44880742,0.27299196
2020-03-23,GOOGL,-0.5,0.5773502691896257,4,0.04350924,0.47156098,0.48492983
2020-03-23,NVDA,1.0,0.0,1,0.9390537,0.03326918,0.027677184
2020-03-24,AAPL,0.0,0.7559289460184544,8,0.29654387,0.39029163,0.31316447
2020-03-24,GOOGL,0.0,1.0,5,0.38316005,0.2751252,0.3417147
2020-03-24,NVDA,0.6,0.5163977794943222,10,0.61167526,0.30087656,0.08744813
2020-03-25,AAPL,0.4,0.699205898780101,10,0.4689507,0.34188583,0.18916348
2020-03-25,GOOGL,-0.75,0.5,4,0.041819785,0.33091354,0.62726665
2020-03-25,NVDA,0.5,0.7071067811865476,2,0.48721588,0.43071645,0.08206765
2020-03-26,AAPL,-0.3333333333333333,0.5773502691896258,3,0.15943183,0.5726256,0.26794258
2020-03-26,GOOGL,0.0,0.0,1,0.10137071,0.7598333,0.13879599
2020-03-26,NVDA,1.0,0.0,1,0.95216566,0.024255365,0.023579039
2020-03-27,AAPL,0.25,0.8660254037844386,12,0.42472228,0.23989075,0.33538696
2020-03-27,GOOGL,0.75,0.5,4,0.5344014,0.35409525,0.11150329
2020-03-27,NVDA,-1.0,0.0,1,0.013151052,0.02116099,0.965688
2020-03-29,AAPL,0.0,0.0,1,0.097964086,0.8679038,0.034132034
2020-03-30,AAPL,-0.2,0.8366600265340756,5,0.24259086,0.28193697,0.47547215
2020-03-30,GOOGL,-0.3333333333333333,1.1547005383792517,3,0.3826196,0.24229991,0.37508056
2020-03-30,NVDA,1.0,0.0,1,0.95097136,0.025029657,0.02399891
2020-03-31,AAPL,0.25,0.5,4,0.25359306,0.72366506,0.022741891
2020-03-31,GOOGL,-0.5,0.7071067811865476,2,0.06094097,0.47805852,0.46100053
2020-03-31,NVDA,0.6666666666666666,0.5773502691896258,3,0.6554952,0.2583309,0.08617381
2020-04-01,AAPL,-0.5,0.5345224838248488,8,0.06560834,0.42632732,0.5080643
2020-04-01,GOOGL,-0.5,0.7071067811865476,2,0.08461058,0.46981138,0.44557804
2020-04-01,NVDA,-1.0,0.0,2,0.04738233,0.034701504,0.9179162
2020-04-02,AAPL,0.0,1.0,3,0.34962174,0.452605,0.19777322
2020-04-02,GOOGL,-0.25,0.5,4,0.16140755,0.59011984,0.24847256
2020-04-03,AAPL,-0.8,0.4472135954999579,5,0.09141706,0.36915964,0.5394233
2020-04-03,GOOGL,-1.0,0.0,1,0.019552233,0.019926839,0.960521
2020-04-03,NVDA,0.0,1.4142135623730951,2,0.42609864,0.06442063,0.5094807
2020-04-04,AAPL,0.0,0.0,1,0.05138304,0.92459184,0.024025166
2020-04-05,GOOGL,0.0,0.0,1,0.053390782,0.9025756,0.044033665
2020-04-06,AAPL,0.16666666666666666,0.408248290463863,6,0.23131995,0.7409148,0.027765283
2020-04-06,GOOGL,1.0,0.0,2,0.6932474,0.15636621,0.1503864
2020-04-06,NVDA,1.0,0.0,1,0.94473565,0.023392333,0.031872075
2020-04-07,AAPL,0.6666666666666666,0.5773502691896258,3,0.64704967,0.33075377,0.022196524
2020-04-07,GOOGL,0.0,0.0,1,0.10292025,0.883621,0.013458777
2020-04-07,NVDA,1.0,0.0,2,0.7776333,0.0503462,0.1720204
2020-04-08,AAPL,0.0,0.7071067811865476,9,0.26207924,0.53307676,0.204844
2020-04-08,GOOGL,-0.375,0.7440238091428449,8,0.19174534,0.3640572,0.44419745
2020-04-08,NVDA,1.0,0.0,1,0.9515264,0.029528935,0.018944604
2020-04-09,AAPL,0.3333333333333333,0.816496580927726,6,0.48062384,0.3866378,0.13273834
2020-04-09,GOOGL,0.0,0.816496580927726,4,0.28201348,0.4988845,0.21910198
2020-04-09,NVDA,0.0,0.0,1,0.1369293,0.8393083,0.023762388
2020-04-11,AAPL,0.0,0.0,1,0.03693243,0.9375407,0.025526956
2020-04-13,AAPL,0.16666666666666666,0.983192080250175,6,0.43135223,0.24654396,0.32210383
2020-04-13,GOOGL,0.5,0.5773502691896257,4,0.4868425,0.44885623,0.064301245
2020-04-14,AAPL,0.16666666666666666,0.9831920802501751,6,0.42750025,0.262781,0.30971873
2020-04-14,GOOGL,0.0,0.816496580927726,4,0.27086034,0.41473514,0.3144045
2020-04-14,NVDA,1.0,0.0,1,0.9501414,0.02810914,0.02174952
2020-04-15,AAPL,0.2,0.447213595499958,5,0.34109324,0.63969135,0.01921541
2020-04-15,GOOGL,-0.3333333333333333,0.5773502691896258,3,0.18651657,0.6204323,0.1930511
2020-04-15,NVDA,-1.0,0.0,1,0.008046023,0.017892433,0.9740615
2020-04-16,AAPL,0.6666666666666666,0.5163977794943223,6,0.57075256,0.3685983,0.060649198
2020-04-16,GOOGL,-0.3333333333333333,0.816496580927726,6,0.22761382,0.28392997,0.48845622
2020-04-16,NVDA,0.5,0.5477225575051662,6,0.4378762,0.534195,0.027928866
2020-04-17,AAPL,0.0,0.9128709291752769,13,0.3818031,0.26495063,0.35324627
2020-04-17,GOOGL,0.5,0.7071067811865476,2,0.5547757,0.24417147,0.20105287
2020-04-17,NVDA,1.0,0.0,1,0.86211026,0.11588312,0.02200658
2020-04-19,AAPL,0.0,0.0,1,0.029844476,0.93348145,0.036674123
2020-04-20,AAPL,0.25,0.5,4,0.3429056,0.51071095,0.1463834
2020-04-20,GOOGL,0.0,0.0,2,0.23286718,0.7569845,0.010148307
2020-04-20,NVDA,0.0,0.0,1,0.08740411,0.90122145,0.011374431
2020-04-21,AAPL,0.0,0.5773502691896257,7,0.22110154,0.6170046,0.16189389
2020-04-21,GOOGL,-0.3333333333333333,0.5773502691896258,3,0.031701397,0.6226768,0.3456218
2020-04-21,NVDA,-0.5,0.7071067811865476,2,0.028786061,0.4748035,0.4964104
2020-04-22,AAPL,1.0,0.0,3,0.90656376,0.06952166,0.023914563
2020-04-22,GOOGL,0.0,1.0954451150103321,6,0.48840532,0.08515626,0.42643842
2020-04-22,NVDA,1.0,0.0,1,0.953229,0.019937804,0.02683315
2020-04-23,AAPL,-0.5714285714285714,0.5345224838248488,7,0.06108924,0.44442275,0.49448803
2020-04-23,GOOGL,-0.25,0.5,4,0.13651343,0.6012919,0.2621947
2020-04-23,NVDA,0.6666666666666666,0.5773502691896258,3,0.72134906,0.24086823,0.037782714
2020-04-24,AAPL,-0.16666666666666666,0.752772652709081,6,0.2171187,0.4403398,0.34254155
2020-04-24,GOOGL,-0.25,0.9574271077563381,4,0.2311279,0.27622437,0.49264777
2020-04-24,NVDA,1.0,0.0,1,0.89585584,0.08673992,0.017404184
2020-04-25,AAPL,0.0,0.0,1,0.030451512,0.94175875,0.027789768
2020-04-27,AAPL,-0.13333333333333333,0.7432233529572065,15,0.23090394,0.42603207,0.34306398
2020-04-27,AMZN,-0.25,0.5,4,0.20793498,0.5717196,0.22034544
2020-04-27,GOOGL,0.0,0.0,4,0.16326243,0.81918406,0.017553465
2020-04-27,NVDA,0.5,0.5773502691896257,4,0.5938759,0.37866667,0.027457487
2020-04-28,AAPL,0.0,0.0,3,0.052281305,0.9252662,0.022452563
2020-04-28,AMZN,-0.42857142857142855,0.646206172658864,14,0.104425184,0.43225417,0.46332067
2020-04-28,GOOGL,0.0,0.4472135954999579,11,0.14254016,0.7716391,0.08582074
2020-04-28,NVDA,0.5,0.7071067811865476,2,0.5854317,0.38335547,0.031212844
2020-04-29,AAPL,0.4,0.8944271909999159,5,0.5577413,0.3171487,0.12510999
2020-04-29,AMZN,0.16666666666666666,0.6183469424008423,18,0.32320333,0.5156023,0.16119441
2020-04-29,GOOGL,0.5,0.6405126152203485,40,0.53424984,0.32546872,0.14028145
2020-04-29,NVDA,0.0,1.4142135623730951,2,0.478772,0.024253575,0.4969744
2020-04-30,AAPL,0.14285714285714285,0.37796447300922725,7,0.1661044,0.72888386,0.10501171
2020-04-30,AMZN,0.23076923076923078,0.5991446895152781,13,0.31706113,0.59591126,0.08702762
2020-04-30,GOOGL,-0.5,0.7071067811865476,2,0.10868317,0.40695265,0.48436418
2020-05-01,AAPL,0.21428571428571427,0.824936046320853,56,0.46060792,0.29418844,0.24520366
2020-05-01,AMZN,0.18518518518518517,0.825857452044319,54,0.39313546,0.317821,0.28904352
2020-05-01,GOOGL,0.5,0.7071067811865476,2,0.44072852,0.3352497,0.2240218
2020-05-01,NVDA,-0.5,0.7071067811865476,2,0.01617955,0.45078388,0.5330366
2020-05-02,AAPL,0.0,0.0,1,0.15654743,0.802005,0.04144759
2020-05-02,AMZN,0.5,0.7071067811865476,2,0.3884581,0.55083346,0.060708486
2020-05-02,GOOGL,0.0,0.0,2,0.05176475,0.888566,0.05966925
2020-05-03,AMZN,0.0,0.0,1,0.035096753,0.93879956,0.026103618
2020-05-04,AAPL,-0.2,0.8366600265340756,5,0.22974643,0.48155832,0.28869525
2020-05-04,AMZN,-0.5,0.5477225575051661,6,0.10848442,0.5065313,0.38498425
2020-05-04,GOOGL,0.0,1.0,3,0.36557588,0.3653023,0.26912186
2020-05-04,NVDA,0.5,0.7071067811865476,2,0.49023822,0.49219233,0.017569486
2020-05-05,AAPL,0.25,0.4629100498862757,8,0.23893833,0.6767101,0.08435158
2020-05-05,AMZN,-0.2857142857142857,0.4879500364742666,7,0.1323001,0.60560364,0.26209626
2020-05-05,GOOGL,-0.14285714285714285,0.37796447300922725,7,0.20081975,0.6560876,0.14309265
2020-05-06,AAPL,0.2,0.447213595499958,5,0.23252125,0.7398853,0.027593505
2020-05-06,AMZN,0.1111111111111111,0.7817359599705717,9,0.39808297,0.38504094,0.21687609
2020-05-06,GOOGL,0.0,0.0,2,0.042524215,0.81522405,0.14225179
2020-05-07,AAPL,0.0,0.0,1,0.22884107,0.76335263,0.0078063114
2020-05-07,AMZN,-0.2,0.447213595499958,5,0.17357175,0.6516087,0.17481951
2020-05-07,GOOGL,0.6666666666666666,0.5773502691896258,3,0.5891754,0.40068337,0.010141209
2020-05-07,NVDA,1.0,0.0,2,0.83693564,0.13997604,0.023088232
2020-05-08,AAPL,-0.2857142857142857,0.48795003647426666,7,0.06891426,0.59047884,0.34060696
2020-05-08,AMZN,0.0,0.0,3,0.09517897,0.7831683,0.12165272
2020-05-08,GOOGL,-0.2,0.447213595499958,5,0.06193005,0.66176957,0.2763004
2020-05-08,NVDA,1.0,0.0,1,0.9571878,0.024154631,0.018657608
2020-05-09,AAPL,0.0,0.0,1,0.030870546,0.9425465,0.02658303
2020-05-09,AMZN,0.0,0.0,1,0.030870534,0.94254637,0.02658304
2020-05-11,AAPL,0.0,0.0,2,0.1538584,0.8229051,0.02323651
2020-05-11,AMZN,-0.18181818181818182,0.7507571935295484,11,0.1727127,0.49730492,0.3299824
2020-05-11,GOOGL,-0.3333333333333333,0.5773502691896258,3,0.04461852,0.78146154,0.17391986
2020-05-11,NVDA,0.2,0.4472135954999579,5,0.21628794,0.7181592,0.06555284
2020-05-12,AAPL,0.16666666666666666,0.408248290463863,6,0.2689064,0.71116954,0.019924017
2020-05-12,AMZN,0.0,0.4714045207910317,10,0.12900476,0.7408389,0.13015641
2020-05-12,GOOGL,0.0,0.6324555320336759,6,0.23564221,0.55201155,0.21234624
2020-05-12,NVDA,0.0,0.0,3,0.12461289,0.83793956,0.037447564
2020-05-13,AAPL,0.0,0.7071067811865476,5,0.2995166,0.53098994,0.16949347
2020-05-13,AMZN,0.0,0.7071067811865476,9,0.19900084,0.5789442,0.22205497
2020-05-13,GOOGL,0.0,0.0,3,0.20010881,0.7642644,0.035626788
2020-05-13,NVDA,0.6666666666666666,0.5773502691896258,3,0.59300494,0.3217651,0.08522999
2020-05-14,AAPL,-0.3333333333333333,0.5773502691896258,3,0.121900976,0.51554286,0.3625562
2020-05-14,AMZN,0.2,0.447213595499958,5,0.18816161,0.7680627,0.043775667
2020-05-14,GOOGL,0.0,1.4142135623730951,2,0.32261434,0.2019047,0.47548094
2020-05-14,NVDA,0.3333333333333333,0.5773502691896258,3,0.411742,0.5777079,0.010550105
2020-05-15,AAPL,-0.3333333333333333,0.7071067811865476,9,0.2087699,0.42719585,0.36403427
2020-05-15,AMZN,-0.1,0.5676462121975466,10,0.23653567,0.60039526,0.16306911
2020-05-15,GOOGL,0.5,0.7071067811865476,2,0.6076182,0.33720213,0.05517965
2020-05-15,NVDA,-0.3333333333333333,1.1547005383792517,3,0.37476394,0.08134641,0.5438896
2020-05-16,AMZN,0.0,0.0,2,0.13539086,0.8396095,0.024999645
2020-05-16,GOOGL,0.0,0.0,1,0.10450749,0.8799788,0.015513665
2020-05-17,AAPL,0.0,0.0,1,0.041808046,0.9393226,0.018869454
2020-05-17,AMZN,0.0,0.0,1,0.041808035,0.9393226,0.018869458
2020-05-18,AAPL,0.0,0.816496580927726,4,0.20891115,0.5469023,0.24418652
2020-05-18,AMZN,0.2857142857142857,0.4879500364742666,7,0.2703318,0.62868583,0.10098238
2020-05-18,GOOGL,-0.4,0.5477225575051662,5,0.070534915,0.49815112,0.431314
2020-05-18,NVDA,0.42857142857142855,0.7867957924694431,7,0.5227484,0.33976573,0.13748588
2020-05-19,AAPL,-0.3333333333333333,0.5773502691896258,3,0.1784725,0.49308205,0.32844543
2020-05-19,AMZN,0.0,0.5773502691896257,7,0.17558114,0.6311962,0.19322261
2020-05-19,GOOGL,-1.0,0.0,1,0.01518365,0.019124134,0.9656922
2020-05-19,NVDA,0.16666666666666666,0.983192080250175,6,0.5063687,0.14905642,0.3445749
2020-05-20,AAPL,0.5714285714285714,0.5345224838248488,7,0.45312843,0.51379204,0.03307952
2020-05-20,AMZN,0.16666666666666666,0.752772652709081,6,0.39586937,0.4228172,0.18131341
2020-05-20,GOOGL,0.0,0.7071067811865476,5,0.20422077,0.6500963,0.14568292
2020-05-20,NVDA,0.5,0.7071067811865476,2,0.28925782,0.61402917,0.09671306
2020-05-21,AAPL,-0.16666666666666666,0.752772652709081,6,0.2763956,0.47196627,0.25163808
2020-05-21,AMZN,-0.1,0.31622776601683794,10,0.21028408,0.67054445,0.11917148
2020-05-21,GOOGL,0.0,0.0,2,0.0813994,0.8494851,0.06911548
2020-05-21,NVDA,-0.16666666666666666,0.752772652709081,6,0.14821684,0.5322297,0.31955346
2020-05-22,AAPL,0.0,0.0,1,0.20863973,0.7809245,0.010435787
2020-05-22,AMZN,-0.14285714285714285,0.37796447300922725,7,0.12897958,0.6649642,0.20605619
2020-05-22,GOOGL,-0.3333333333333333,0.5773502691896258,3,0.17352505,0.6503103,0.17616463
2020-05-22,NVDA,0.7391304347826086,0.540823555863717,23,0.65055203,0.25759646,0.091851525
2020-05-23,AMZN,0.0,0.0,1,0.02591475,0.9274624,0.046622816
2020-05-23,NVDA,0.0,0.0,1,0.02999545,0.94043905,0.029565562
2020-05-25,AAPL,0.0,0.0,1,0.29995844,0.6912883,0.008753249
2020-05-26,AAPL,1.0,0.0,2,0.8624017,0.12243929,0.015158897
2020-05-26,AMZN,0.6666666666666666,0.5163977794943223,6,0.5908922,0.32609227,0.08301554
2020-05-26,NVDA,0.75,0.5,4,0.7241159,0.24038923,0.035494834
2020-05-27,AAPL,0.4444444444444444,0.5270462766947299,9,0.38774866,0.5743086,0.0379428
2020-05-27,AMZN,0.3333333333333333,0.7071067811865476,9,0.37705803,0.48516762,0.13777436
2020-05-27,GOOGL,0.4,0.8944271909999159,5,0.3876316,0.41196805,0.20040035
2020-05-27,NVDA,-1.0,0.0,2,0.081006184,0.025287073,0.8937067
2020-05-28,AAPL,-0.3333333333333333,0.816496580927726,6,0.2647893,0.3277059,0.4075048
2020-05-28,AMZN,-0.16666666666666666,0.752772652709081,6,0.22931884,0.50761515,0.26306608
2020-05-28,GOOGL,-0.3333333333333333,0.5,9,0.073597014,0.63013417,0.29626882
2020-05-28,NVDA,1.0,0.0,1,0.5471857,0.44555402,0.0072602513
2020-05-29,AAPL,-1.0,0.0,1,0.024111537,0.01968228,0.95620614
2020-05-29,AMZN,-0.3333333333333333,0.5773502691896258,3,0.22051902,0.44710517,0.3323758
2020-05-29,GOOGL,-0.75,0.5,4,0.046814993,0.35619316,0.5969919
2020-05-30,AMZN,0.0,0.0,1,0.034042437,0.939362,0.026595578
2020-05-31,AMZN,0.0,0.0,1,0.047619436,0.92356735,0.028813291
2020-05-31,NVDA,1.0,0.0,1,0.8577736,0.13124572,0.0109807
2020-06-01,AAPL,-0.42857142857142855,0.5345224838248488,7,0.12397074,0.5202696,0.35575968
2020-06-01,AMZN,-0.15384615384615385,0.6887372317211945,13,0.19914533,0.5011861,0.29966858
2020-06-01,GOOGL,0.3333333333333333,0.5773502691896258,3,0.25350544,0.649448,0.097046554
2020-06-02,AAPL,-0.2857142857142857,0.9511897312113419,7,0.29814833,0.2830667,0.418785
2020-06-02,AMZN,0.2,0.8366600265340756,5,0.28082505,0.59769475,0.12148023
2020-06-02,GOOGL,1.0,0.0,1,0.8697507,0.08766556,0.042583767
2020-06-02,NVDA,-0.5,0.7071067811865476,2,0.08000757,0.61054415,0.30944824
2020-06-03,AAPL,-0.14285714285714285,0.6900655593423541,7,0.23750284,0.5345491,0.22794805
2020-06-03,AMZN,0.3,0.6749485577105528,10,0.3563353,0.48066068,0.16300401
2020-06-03,GOOGL,-0.3333333333333333,0.5163977794943223,6,0.07706872,0.6176763,0.30525494
2020-06-04,AAPL,0.3333333333333333,0.5773502691896258,3,0.3759407,0.59657884,0.027480496
2020-06-04,AMZN,0.15384615384615385,0.6887372317211945,13,0.3321621,0.47862336,0.18921448
2020-06-04,GOOGL,0.0,0.816496580927726,7,0.3270313,0.43116292,0.24180578
2020-06-05,AAPL,0.5555555555555556,0.5270462766947299,9,0.5607191,0.4015506,0.037730344
2020-06-05,AMZN,0.16666666666666666,0.7177405625652734,12,0.3103575,0.5161432,0.17349927
2020-06-05,GOOGL,-0.3333333333333333,1.1547005383792517,3,0.22426207,0.28984466,0.48589325
2020-06-07,AMZN,0.0,0.0,1,0.07576118,0.90497035,0.0192685
2020-06-07,GOOGL,0.0,0.0,1,0.07576107,0.9049704,0.01926851
2020-06-08,AAPL,0.5,0.5477225575051661,6,0.5243911,0.45083043,0.024778485
2020-06-08,AMZN,0.45454545454545453,0.6875516509523286,11,0.534409,0.34830475,0.11728625
2020-06-08,GOOGL,0.0,0.0,1,0.13611141,0.8524361,0.011452521
2020-06-08,NVDA,-0.3333333333333333,0.5773502691896258,3,0.040860355,0.612373,0.34676668
2020-06-09,AAPL,0.375,0.5175491695067657,8,0.4062565,0.5635213,0.030222185
2020-06-09,AMZN,0.1111111111111111,0.6009252125773316,9,0.2712215,0.543422,0.18535654
2020-06-09,GOOGL,0.0,0.0,1,0.16416435,0.82847285,0.00736278
2020-06-09,NVDA,1.0,0.0,1,0.95706844,0.02043637,0.022495143
2020-06-10,AAPL,0.5,0.5477225575051661,6,0.43000492,0.52363175,0.046363328
2020-06-10,AMZN,0.5,0.5477225575051661,6,0.47406623,0.50438017,0.02155359
2020-06-10,GOOGL,0.5,0.7071067811865476,2,0.39114848,0.4663039,0.14254762
2020-06-10,NVDA,0.3333333333333333,0.5773502691896258,3,0.33561873,0.6135364,0.050844852
