Headline,Timestamp,Ticker,Date
Tech Stocks And FAANGS Strong Again To Start Day As Market Awaits Fed,2020-06-10 11:33:00-04:00,AAPL,2020-06-10
10 Biggest Price Target Changes For Wednesday,2020-06-10 08:14:00-04:00,AAPL,2020-06-10
"Benzinga Pro's Top 5 Stocks To Watch For Wed., Jun. 10, 2020: AAPL, BAC, NIO, SONO, GLW",2020-06-10 07:53:00-04:00,AAPL,2020-06-10
"Deutsche Bank Maintains Buy on Apple, Raises Price Target to $350",2020-06-10 07:19:00-04:00,AAPL,2020-06-10
"Apple To Let Users Trade In Their Mac Computers For Credit At US, Canada Stores: Report",2020-06-10 06:27:00-04:00,AAPL,2020-06-10
Big Tech Reaches New Record Heights At The Stock Market,2020-06-10 00:52:00-04:00,AAPL,2020-06-10
Why Apple's Stock Is Trading Higher Today,2020-06-09 15:14:00-04:00,AAPL,2020-06-09
Apple Could Announce In-House Chips For Macs At WWDC: Report,2020-06-09 13:58:00-04:00,AAPL,2020-06-09
"Apple shares are trading higher despite market weakness, not currently seeing company-specific news. It was reported the company is expected to begin iPhone 12 production in July.",2020-06-09 12:41:00-04:00,AAPL,2020-06-09
"Sonos Shares Spike To Session High, Now Up 9.5%, As Citron's Andrew Left, Currently Interviewing On FOX Business, Said Co. Could Be Acquired By Apple Or Amazon",2020-06-09 11:11:00-04:00,AAPL,2020-06-09
'iPhone 12 Production Expected to Begin in July' -MacRumors,2020-06-09 10:59:00-04:00,AAPL,2020-06-09
Cramer: NASDAQ Rebound Makes Sense As It Better Represents Economy,2020-06-09 10:31:00-04:00,AAPL,2020-06-09
"Google Maps To Offer Relevant Local COVID-19 Information For Public Transport, Driving And Testing Centers",2020-06-09 03:51:00-04:00,AAPL,2020-06-09
"IBM Discontinues Facial Recognition Technology, Says It Can't Condone 'Racial Profiling' Or 'Mass Surveillance'",2020-06-09 00:25:00-04:00,AAPL,2020-06-09
Munster Says Under-The-Radar Apple TV+ Will Contribute 20% Of Cupertino's Net Income Growth,2020-06-08 14:16:00-04:00,AAPL,2020-06-08
Airlines Soar Again In Pre-Market Trading Amid More Reopening Optimism,2020-06-08 09:35:00-04:00,AAPL,2020-06-08
Apple Gets Patent For Socially-Distanced Group Selfies,2020-06-08 04:34:00-04:00,AAPL,2020-06-08
Apple's Top Supplier Foxconn Launched New Recruitment Drive as Current Covid-19 Pandemic in China Ends,2020-06-07 17:03:00-04:00,AAPL,2020-06-08
"Apple Preparing Monthly iPad, Mac Payment Plans for Apple Card",2020-06-06 18:36:00-04:00,AAPL,2020-06-08
"ESPAÑOL • Cannabis en Argentina, Blockchain Uruguayo, Elon Musk, Warren Buffett, Jeff Bezos, Isiah Thomas, y Canopy Growth",2020-06-05 17:19:00-04:00,AAPL,2020-06-08
PreMarket Prep Stock Of The Day: Genius Brands,2020-06-05 12:24:00-04:00,AAPL,2020-06-05
"Airlines, Casino Stocks Getting A Lift In Pre-Market Trading as Surprising Jobs Report Gets Digested",2020-06-05 10:43:00-04:00,AAPL,2020-06-05
Stocks That Hit 52-Week Highs On Friday,2020-06-05 10:30:00-04:00,AAPL,2020-06-05
No Surprise: Guess What Market Is Leading Post-Virus Equity Rebound,2020-06-05 10:08:00-04:00,AAPL,2020-06-05
"Wedbush Maintains Outperform on Apple, Raises Price Target to $375",2020-06-05 08:43:00-04:00,AAPL,2020-06-05
"Credit Suisse Maintains Neutral on Apple, Raises Price Target to $295",2020-06-05 08:27:00-04:00,AAPL,2020-06-05
FaZe Clan Celebrates 10-Year Anniversary With G FUEL And Apple Beats,2020-06-05 07:02:00-04:00,AAPL,2020-06-05
"US Debt Market Raised $22.5B This Week, The Highest Since 2007: FT",2020-06-05 05:42:00-04:00,AAPL,2020-06-05
"Apple $425 Per Share Case 'On The Horizon,' Analyst Says",2020-06-05 00:07:00-04:00,AAPL,2020-06-05
FAANG Stocks Seem Immune To COVID-19,2020-06-04 13:47:00-04:00,AAPL,2020-06-04
'Apple's #iPhone to join Beijing's 12.2 billion yuan ($1.7 billion) consumption voucher program: report. The discount for each purchase is a maximum of 400 yuan.' -Tweet From China's Global Times,2020-06-04 10:12:00-04:00,AAPL,2020-06-04
"Why Genius Brands Is On A Massive Rally, Adding Nearly 2500% Value In A Month",2020-06-04 01:01:00-04:00,AAPL,2020-06-04
Warner Music CEO On IPO: Music Is The 'Only Global Language',2020-06-03 15:47:00-04:00,AAPL,2020-06-03
"Morgan Stanley Bullish On Rising App Store Revenue, Raises Apple Price Target",2020-06-03 11:00:00-04:00,AAPL,2020-06-03
A Look Into Apple's Price Over Earnings,2020-06-03 10:47:00-04:00,AAPL,2020-06-03
"Zoom Initially Slips Despite Strong Earnings, Then Reverses Course In Pre-Market Trading",2020-06-03 10:00:00-04:00,AAPL,2020-06-03
"Morgan Stanley Maintains Overweight on Apple, Raises Price Target to $340",2020-06-03 08:31:00-04:00,AAPL,2020-06-03
"Warner Music Set To Go Public Today, In Anticipated Largest US IPO Of The Year",2020-06-03 06:09:00-04:00,AAPL,2020-06-03
Peloton Makes Its Fitness App Available On Apple TV After Pandemic Demand Surge,2020-06-03 04:57:00-04:00,AAPL,2020-06-03
'Apple is tracking iPhones stolen by looters' -Earlier NY Post Article,2020-06-02 11:37:00-04:00,AAPL,2020-06-02
MoneyGram Shares Jump 50% As Western Union Reportedly Looks For Acquisition,2020-06-02 07:44:00-04:00,AAPL,2020-06-02
"Hearing Susquehanna Check Suggests Total iPhone 12 Builds Tracking To 10M, Below Firm's Expectation Of 25M; Unconfirmed",2020-06-02 07:41:00-04:00,AAPL,2020-06-02
Tesla CEO Musk Says Other Three Officers Should Be Charged In Floyd's Murder Case,2020-06-02 06:12:00-04:00,AAPL,2020-06-02
A Peek Into The Markets: US Stock Futures Up; Crude Oil Rises Over 2%,2020-06-02 06:03:00-04:00,AAPL,2020-06-02
"Pepper Spray, Books On Racism, 'I Can't Breathe' Merchandise Are Top Sellers On Amazon As Protests Rage",2020-06-02 04:18:00-04:00,AAPL,2020-06-02
Apple Cuts iPhone Prices in China To Push Sales As Country Reopens Economy,2020-06-02 00:35:00-04:00,AAPL,2020-06-02
"Gun, Security Stocks Trade Higher After Weekend Protests Turn Violent And Destructive",2020-06-01 10:14:00-04:00,AAPL,2020-06-01
Carter Worth And Mike Khouw's Apple Trade,2020-06-01 08:20:00-04:00,AAPL,2020-06-01
"Apple Pays Hacker From India $100,000 For Discovering Serious 'Sign In With Apple' Vulnerability",2020-06-01 06:53:00-04:00,AAPL,2020-06-01
Volume Production of New iPhone Models to Begin in Q3 2020,2020-06-01 05:39:00-04:00,AAPL,2020-06-01
"Apple CEO Writes To Employees About George Floyd Death, Urges For 'Better, More Just World For Everyone'",2020-06-01 03:55:00-04:00,AAPL,2020-06-01
"Amazon, Apple, Walmart, Other Retailers Shutter Stores, Scale Back Operations In Areas Worst Hit With Protests",2020-06-01 00:34:00-04:00,AAPL,2020-06-01
"Apple Says With Health and Safety of Its Teams in Mind, Decided to Keep Number of Its Stores in the U.S. Closed on Sunday",2020-05-31 18:19:00-04:00,AAPL,2020-06-01
"Costco Shares Come Under Pressure Despite Strong Earnings, Same-Store Sales",2020-05-29 10:09:00-04:00,AAPL,2020-05-29
Trump's Executive Order To Expose Social Media To Lawsuits Over Content Policies,2020-05-28 10:45:00-04:00,AAPL,2020-05-28
Costco Earnings On Tap After Close As Investors Mull Strong Toll Brothers Results,2020-05-28 09:45:00-04:00,AAPL,2020-05-28
Martin Scorsese's Next Movie Will Be Financed By Apple: Report,2020-05-28 09:13:00-04:00,AAPL,2020-05-28
"Tech Companies Aren't 'State Actors,' Judge Dismisses Conservative Bias Lawsuit Against Facebook, Twitter, Google, Apple",2020-05-28 08:14:00-04:00,AAPL,2020-05-28
Leidos Awarded $84.6M Payment from VirnetX  Lawsuit vs Apple,2020-05-27 19:06:00-04:00,AAPL,2020-05-28
The Most Popular Smartphone Model Of Q1,2020-05-27 16:31:00-04:00,AAPL,2020-05-28
This New Tool Will Tell You Whether Or Not An Options Spread Is A Good Deal,2020-05-27 12:48:00-04:00,AAPL,2020-05-27
"B of A Securities Maintains Buy on Apple, Raises Price Target to $340",2020-05-27 11:23:00-04:00,AAPL,2020-05-27
3 Apple Analysts Lift Price Targets: Why They're Optimistic On iPhone's Trajectory,2020-05-27 10:29:00-04:00,AAPL,2020-05-27
'LG reportedly supplying 20 million OLED panels for 'iPhone 12 Max'' -AppleInsider,2020-05-27 09:24:00-04:00,AAPL,2020-05-27
Same Old Leadership Song Lifts These Leveraged ETFs,2020-05-27 09:19:00-04:00,AAPL,2020-05-27
"Deutsche Bank Maintains Buy on Apple, Raises Price Target to $320",2020-05-27 07:37:00-04:00,AAPL,2020-05-27
YouTube Makes Its Dedicated Children App Available On Apple TV,2020-05-27 06:30:00-04:00,AAPL,2020-05-27
Samsung Display Secures Majority of Panel Orders for Next-gen iPhone,2020-05-27 05:27:00-04:00,AAPL,2020-05-27
Study: 34% Of Americans Report Looking Through Their Partner's Phone Without Permission,2020-05-26 16:35:00-04:00,AAPL,2020-05-27
Apple To Reopen ~100 More US Stores This Week,2020-05-26 13:23:00-04:00,AAPL,2020-05-26
"'FAANG Stocks Are Strong Once Again,' Facebook, Amazon, Netflix Hit Record Highs Last Week",2020-05-26 07:15:00-04:00,AAPL,2020-05-26
Apple Expected to Incorporate Ambient Light Sensors in Next-generation Airpods Devices,2020-05-25 07:32:00-04:00,AAPL,2020-05-25
The Secret to Tech's Resilience to COVID-19- Infrastructure Expansion,2020-05-22 11:44:00-04:00,AAPL,2020-05-22
"Apple Is Seeking An Executive To Lead Original Podcast Effort, Is Buying Original Podcasts That Would Be Exclusive; New Podcasts Will Help Promote TV+ Video Service",2020-05-21 15:06:00-04:00,AAPL,2020-05-21
Evercore ISI Analyst Amit DAryanani Says Apple Can Exceed $100 Billion In Services Revenue In The Fiscal Year Ending In September 2024,2020-05-21 15:02:00-04:00,AAPL,2020-05-21
Apple Vs. Tesla: Morgan Stanley Breaks Down The Parallels,2020-05-21 13:25:00-04:00,AAPL,2020-05-21
"As The Global Economy Weighs Fears Of A Recession, Travel Is Already In A Depression",2020-05-21 12:44:00-04:00,AAPL,2020-05-21
Hearing Evercore ISI Raises Price Target On Apple From $330 To $345,2020-05-21 07:05:00-04:00,AAPL,2020-05-21
Apple's Face ID Will Allow Mask Wearing Users To Unlock Their Phones Quickly,2020-05-21 00:55:00-04:00,AAPL,2020-05-21
'COVID-19 exposure notification settings begin to go live for iOS users with new update' -TechCrunch,2020-05-20 13:02:00-04:00,AAPL,2020-05-20
Facebook Plans To Resume Work In Office In July At 25% Capacity And Safety Measures In Place,2020-05-20 06:53:00-04:00,AAPL,2020-05-20
"A Peek Into The Markets: US Stock Futures Climb Ahead Of Earnings, Fed Minutes",2020-05-20 06:43:00-04:00,AAPL,2020-05-20
Why Sony Sold Streaming Rights For Tom Hanks Movie To Apple Instead Of Waiting Out The Pandemic,2020-05-20 05:42:00-04:00,AAPL,2020-05-20
Smartphone Sales Picking up in China,2020-05-20 05:31:00-04:00,AAPL,2020-05-20
"Apple Looking To Diversify Its Manufacturing Base, Will Make Headphones In Vietnam",2020-05-20 03:28:00-04:00,AAPL,2020-05-20
Telemedicine A COVID-19 Winner,2020-05-19 16:46:00-04:00,AAPL,2020-05-20
"Walmart Earnings Look Strong Across the Board, But Home Depot Down After Missing on EPS",2020-05-19 10:08:00-04:00,AAPL,2020-05-19
Sony To Convert Its Financial Subsidiary Into Wholly Owned Unit Through $3.7B Tender Offer,2020-05-19 09:15:00-04:00,AAPL,2020-05-19
"'Apple buys older shows for TV+, stepping up Netflix challenge' -Earlier SCMP Report",2020-05-19 08:15:00-04:00,AAPL,2020-05-19
"Here's How Much Investing $1,000 In The 2015 Fitbit IPO Would Be Worth Today",2020-05-18 13:45:00-04:00,AAPL,2020-05-18
"More Than 25 US Apple Stores To Reopen, 100 Now Open Around The World",2020-05-18 01:26:00-04:00,AAPL,2020-05-18
"Barron's Picks And Pans: Cisco, Gilead, Netflix, Wayfair And More",2020-05-17 11:00:00-04:00,AAPL,2020-05-17
"Ubisoft Sues Apple, Google Over Alibaba's Rainbow Six ""Ripoff""",2020-05-16 17:12:00-04:00,AAPL,2020-05-18
13F From Buffett's Berkshire Shows Maintained Stake In Apple,2020-05-15 16:25:00-04:00,AAPL,2020-05-18
US To Block Shipments Of Semiconductors To Huawei: Report,2020-05-15 11:40:00-04:00,AAPL,2020-05-15
Quick Retreat: Impressive Thursday Turnaround Halted in Its Tracks Amid Fresh Trade Tiff,2020-05-15 10:22:00-04:00,AAPL,2020-05-15
Apple shares are trading lower on reports the company is among those China could retaliate against after the US announced it will block chip shipments from Huawei.,2020-05-15 09:41:00-04:00,AAPL,2020-05-15
"China's Global Times Mentions Qualcomm, Cisco, Apple And Boeing As 'four companies named by Chinese sources as possible targets for retaliation amid US moves against China's Huawei'",2020-05-15 08:25:00-04:00,AAPL,2020-05-15
A Peek Into The Markets: US Stock Futures Up Ahead Of Economic Reports,2020-05-15 05:53:00-04:00,AAPL,2020-05-15
Amazon To Manufacture Face Shields And Sell Them At Cost,2020-05-15 03:44:00-04:00,AAPL,2020-05-15
Taiwanese Apple Supplier TSMC To Build $12B US Chip Factory After Months Of Pressure From Trump Administration,2020-05-15 00:57:00-04:00,AAPL,2020-05-15
Apple Confirms Acquisition Of Virtual Reality Startup NextVR,2020-05-15 00:00:00-04:00,AAPL,2020-05-15
'Apple supplier TSMC is reportedly building an Arizona chip plant' -The Verge,2020-05-14 17:00:00-04:00,AAPL,2020-05-15
"'Apple's computerized glasses won't be ready until 2022 'at the earliest,' top analyst says' -CNBC Article",2020-05-14 13:54:00-04:00,AAPL,2020-05-14
The Mixed Sony Effect,2020-05-14 12:33:00-04:00,AAPL,2020-05-14
Report: FBI Seizes Sen. Richard Burr's Phone In Investigation Of Coronavirus Stock Sell-Off,2020-05-14 09:54:00-04:00,AAPL,2020-05-14
Apple Plans To Bring Employees Back To Office Even As Tech Peers Hold Off,2020-05-13 15:15:00-04:00,AAPL,2020-05-13
"Retail Pro Says Giants Like Amazon, Walmart Will Prevail After Coronavirus: 'It's Not Fair'",2020-05-13 13:45:00-04:00,AAPL,2020-05-13
"Apple Encourages Chinese Tech Company To Rival Foxconn, Aims To Foster Competition",2020-05-13 06:49:00-04:00,AAPL,2020-05-13
Apple Plans for More Workers to Go Back to Offices Over Months,2020-05-12 18:07:00-04:00,AAPL,2020-05-13
"""Stay at Home"" Stocks Still Rule the Roost as Nvidia, Microsoft, Apple Start Week Firmly",2020-05-12 16:11:00-04:00,AAPL,2020-05-13
"Caution Ahead: Biggest Blue-Chips Seek Change, Innovation Post-COVID-19",2020-05-12 13:49:00-04:00,AAPL,2020-05-12
"Analyst Polishes Apple Price Target On 'Teflon-Like' Services, iPhone 12 Outlook",2020-05-12 10:58:00-04:00,AAPL,2020-05-12
"Wedbush Maintains Outperform on Apple, Raises Price Target to $350",2020-05-12 08:43:00-04:00,AAPL,2020-05-12
Apple Unveils Update To Logic Pro,2020-05-12 08:32:00-04:00,AAPL,2020-05-12
Not Just Fun And Games: How Esports Could Offer Potential Investment Opportunities,2020-05-12 06:43:00-04:00,AAPL,2020-05-12
Disney Plans Another Bonds Offering With A Six-Part Deal,2020-05-12 04:57:00-04:00,AAPL,2020-05-12
Cruise Line Earnings Later This Week Could Provide Insight On Brutal Quarter For Industry,2020-05-11 11:27:00-04:00,AAPL,2020-05-11
"Trump, Intel, TSMC Plan US 'Self-Sufficiency' In Semiconductors As Coronavirus Gives Supply-Chain Scare",2020-05-11 06:25:00-04:00,AAPL,2020-05-11
"Barron's Picks And Pans: Boyd Gaming, Domino's Pizza, Exxon And More",2020-05-09 15:06:00-04:00,AAPL,2020-05-09
Apple Option Alert: May 15 $315 Calls Sweep (52) near the Ask: 354 @ $2.154 vs 6982 OI; Ref=$309.45,2020-05-08 15:29:00-04:00,AAPL,2020-05-08
"Apple To Give Masks To Customers Inside Retail Stores, Company To Let Customers Choose Product Pick Up Times Online",2020-05-08 15:29:00-04:00,AAPL,2020-05-08
"Apple Says Social-Distancing Guidelines Will Limit Number Of Customers In Stores, May Create Delays For Walk-In Customers",2020-05-08 15:02:00-04:00,AAPL,2020-05-08
"Apple To Reopen Small Number Of U.S. Stores In Idaho, South Carolina, Alabama And Alaska Starting Next Week; Says It Will Require Customers To Wear Masks, Undergo Temperature Checks Before Entering Stores",2020-05-08 15:02:00-04:00,AAPL,2020-05-08
Apple To Reopen Germany Retail Stores May 11,2020-05-08 10:58:00-04:00,AAPL,2020-05-08
"Along With Dramatic Jobs Data, Investors Scrutinize Recent Earnings From Uber, Square",2020-05-08 10:23:00-04:00,AAPL,2020-05-08
Spotify CEO's Apple Barb Backfires As Sonos Points Out The 'Solid Irony',2020-05-08 04:25:00-04:00,AAPL,2020-05-08
"A Low-Cost, FAAMNG-Heavy ETF For May",2020-05-06 17:15:00-04:00,AAPL,2020-05-07
A Recap Of Social Media Earnings,2020-05-06 10:19:00-04:00,AAPL,2020-05-06
"GM, Disney, Beyond Meat Results In Focus, With GM And BYND Getting Early Lift",2020-05-06 09:47:00-04:00,AAPL,2020-05-06
'Microsoft is releasing its new AirPods rival after months of delays — and it's even cheaper than expected' -Recent Business Insider Article,2020-05-06 09:23:00-04:00,AAPL,2020-05-06
Apple Chassis Maker Catcher Said to be Considering Leaving China to Open Factories in SouthEast Asia,2020-05-06 05:22:00-04:00,AAPL,2020-05-06
What Apple's WWDC 2020 Invite Says About This Year's Virtual Presentation,2020-05-05 16:00:00-04:00,AAPL,2020-05-06
"Charles Schwab Launches Fractional Shares, The Ability To Gift Stock",2020-05-05 15:35:00-04:00,AAPL,2020-05-05
Apple to Host Virtual Worldwide Developers Conference Beginning June 22,2020-05-05 12:00:00-04:00,AAPL,2020-05-05
"Disney, Beyond Meat And Video Game Makers All Set To Report As Firm Tone Continues",2020-05-05 09:49:00-04:00,AAPL,2020-05-05
"Apple Capitalizes On Plunge In Yields, Issues Cheapest Bonds In Years",2020-05-05 08:46:00-04:00,AAPL,2020-05-05
Apple Files Final Pricing Term Sheet For Offering Of $2B 0.750% Notes Due 2023,2020-05-05 06:10:00-04:00,AAPL,2020-05-05
Apple And Google Say No To Location Tracking In Coronavirus Contact Tracing Apps,2020-05-04 22:30:00-04:00,AAPL,2020-05-05
'Apple raises more than $8 billion in bond offering' -Tweet From CNBC Now,2020-05-04 16:33:00-04:00,AAPL,2020-05-05
Apple Grows Smartphone Market Share Even As Overall Market Declines At Record Pace,2020-05-04 16:15:00-04:00,AAPL,2020-05-05
"Hearing Apple To Reopen Stores Starting Friday, Region Not Specified",2020-05-04 15:53:00-04:00,AAPL,2020-05-04
"GM, Disney In Focus Along With Friday's Payrolls Data As Stocks Appear Shaky To Start New Week",2020-05-04 09:55:00-04:00,AAPL,2020-05-04
"Apple Announces Updated MacBook Pro Offering 10th Generation Processor For Up To 80% Faster Graphics Performance; Starting At $1,299 And $1,199 For Education",2020-05-04 08:32:00-04:00,AAPL,2020-05-04
Apple Inc Files Prospectus Supplement Related To A Potential Four-Part Notes Offering,2020-05-04 08:16:00-04:00,AAPL,2020-05-04
Tim Cook On Warren Buffett: 'I Don't Think There's A Better Teacher',2020-05-02 09:40:00-04:00,AAPL,2020-05-02
"Amazon, Exxon Mobil Earnings Weigh On Market To Start New Month As Caution Steers The Wheel",2020-05-01 17:12:00-04:00,AAPL,2020-05-04
VirnetX Shares Dip; Hearing Judge Has Ordered Retrial Regarding Damages In VirnetX vs Apple VPN On Demand Lawsuit,2020-05-01 14:36:00-04:00,AAPL,2020-05-01
"Apple Shows Signs Of Recovery From Coronavirus, Doesn't Shake Bulls With Lack Of Guidance",2020-05-01 11:21:00-04:00,AAPL,2020-05-01
"UPDATE: Raymond James On Apple Notes 'and those who don't buy a phone this year will have a strong incentive to buy one next year, particularly with more complete 5G networks and our belief of a stronger 2021 iPhone feature set'",2020-05-01 11:07:00-04:00,AAPL,2020-05-01
"UPDATE: Raymond James Maintains Outperform On Apple, Raises Target To $340 Notes 'our optimism for the stock is about 2021. We think upgrades to 5G are inevitable'",2020-05-01 11:07:00-04:00,AAPL,2020-05-01
"UPDATE: Morgan Stanley On Apple Notes 'With increased confidence in the 5G iPhone launch and stretched iPhone replacement cycles, Apple remains top pick'",2020-05-01 10:45:00-04:00,AAPL,2020-05-01
"UPDATE: Morgan Stanley Maintains Overweight On Apple, Raises Tgt To $326 Notes 'While Apple pulled guidance, qualitative commentary leads us to raise our F3Q revenue estimate as demand improved in 2H of April and more stores will open before quarter-end'",2020-05-01 10:44:00-04:00,AAPL,2020-05-01
"UPDATE: Cascend Reiterates Buy On Apple, Lowers Target To $325 Notes 'not providing guidance is worrying even as the company performs solidly in a difficult environment",2020-05-01 10:40:00-04:00,AAPL,2020-05-01
"DA Davidson Maintains Buy on Apple, Lowers Price Target to $355",2020-05-01 10:35:00-04:00,AAPL,2020-05-01
"Canaccord Genuity Maintains Buy on Apple, Raises Price Target to $310",2020-05-01 10:33:00-04:00,AAPL,2020-05-01
"Nomura Instinet Maintains Neutral on Apple, Raises Price Target to $250",2020-05-01 10:31:00-04:00,AAPL,2020-05-01
"Disappointment From Amazon, Apple Weighs On Market As Investors Also Consider Energy Earnings",2020-05-01 09:56:00-04:00,AAPL,2020-05-01
"Apple shares are trading lower after the company reported revenue growth, which remained flat year over year.",2020-05-01 09:13:00-04:00,AAPL,2020-05-01
"UBS Maintains Buy on Apple, Raises Price Target to $325",2020-05-01 09:04:00-04:00,AAPL,2020-05-01
10 Biggest Price Target Changes For Friday,2020-05-01 08:17:00-04:00,AAPL,2020-05-01
"B of A Securities Reiterates Buy on Apple, Raises Price Target to $320",2020-05-01 08:08:00-04:00,AAPL,2020-05-01
"Raymond James Maintains Outperform on Apple, Raises Price Target to $340",2020-05-01 07:41:00-04:00,AAPL,2020-05-01
"Morgan Stanley Maintains Overweight on Apple, Raises Price Target to $326",2020-05-01 07:31:00-04:00,AAPL,2020-05-01
32 Stocks Moving in Friday's Pre-Market Session,2020-05-01 07:15:00-04:00,AAPL,2020-05-01
"JP Morgan Maintains Overweight on Apple, Raises Price Target to $350",2020-05-01 06:48:00-04:00,AAPL,2020-05-01
"Piper Sandler Maintains Overweight on Apple, Raises Price Target to $310",2020-05-01 06:45:00-04:00,AAPL,2020-05-01
"Cascend Maintains Buy on Apple, Lowers Price Target to $325",2020-05-01 06:45:00-04:00,AAPL,2020-05-01
Hearing JP Morgan Added Apple Shares To Its Bullish 'Focus List',2020-05-01 06:38:00-04:00,AAPL,2020-05-01
A Peek Into The Markets: US Stock Futures Point To A Lower Open,2020-05-01 05:55:00-04:00,AAPL,2020-05-01
"Apple, Huawei Each Captured a Higher Share of China's Smartphone Market in Q1, Says Canalys",2020-05-01 05:23:00-04:00,AAPL,2020-05-01
"8 Stocks To Watch For May 1, 2020",2020-05-01 04:59:00-04:00,AAPL,2020-05-01
Apple Increased Smartphone Market Share In China In Q1 During Pandemic: Report,2020-05-01 04:15:00-04:00,AAPL,2020-05-01
"Apple Has 'Better Days Ahead,' Analysts Say After Q1 Earnings Beat",2020-05-01 01:09:00-04:00,AAPL,2020-05-01
TikTok Considers Launching Reality TV Show,2020-05-01 00:54:00-04:00,AAPL,2020-05-01
Apple CEO Tim Cook: Store Traffic Not Back To Pre-COVID-19 Levels In China,2020-04-30 17:53:00-04:00,AAPL,2020-05-01
Apple CFO Says Advertising Also To Be Affected By June Quarter,2020-04-30 17:49:00-04:00,AAPL,2020-05-01
Apple CFO Says Apple Care And Advertising Will Be Affected In June Quarter,2020-04-30 17:49:00-04:00,AAPL,2020-05-01
"Apple CFO Expects Digital Services To Continue To Grow At Same Level Of Performance Seen In Mar., Qtr.; Says Expects Apple Care To Be Impacted During Jun. Qtr.",2020-04-30 17:48:00-04:00,AAPL,2020-05-01
"Apple CEO Tim Cook Says Austria, Australia Apple Stores To Reopen In 1 To 2 Weeks",2020-04-30 17:47:00-04:00,AAPL,2020-05-01
"Apple CEO, On TV+, Says Have Seen A Significant Uptick In Number Of People Who Are Viewing The Content As Well As The Engagement With Content",2020-04-30 17:42:00-04:00,AAPL,2020-05-01
Apple CEO Tim Cook Sees Remote Work Sector Accelerating,2020-04-30 17:40:00-04:00,AAPL,2020-05-01
Apple CEO: Our Products Are Even More Important In 'These Times',2020-04-30 17:38:00-04:00,AAPL,2020-05-01
"Apple CFO: The Core Of The Company Is Innovation, Will Continue To Invest In Product Pipeline",2020-04-30 17:35:00-04:00,AAPL,2020-05-01
"Apple CFO Says Due To Reduced Level Of Economic Activity, Services Like Apple Care And Advertising Have Been Impacted",2020-04-30 17:32:00-04:00,AAPL,2020-05-01
Apple CFO Says Expects YoY Revenue Performance To Improve In Jun. Qtr,2020-04-30 17:27:00-04:00,AAPL,2020-05-01
Apple CFO Says Liquidity Has Not Been Issue,2020-04-30 17:25:00-04:00,AAPL,2020-05-01
Apple CEO Tim Cook: We Will Not Be Issuing Guidance For The Following Quarter,2020-04-30 17:12:00-04:00,AAPL,2020-05-01
Apple CEO Tim Cook: We Envision iPad And Mac To Have Improving Year-Over-Year Performances In This Current Quarter,2020-04-30 17:11:00-04:00,AAPL,2020-05-01
Apple CEO Tim Cook: Apple To Work With Google To Improve COVID-19 Contact Tracing,2020-04-30 17:08:00-04:00,AAPL,2020-05-01
Apple CEO Tim Cook: Apple News Had 125M Users,2020-04-30 17:06:00-04:00,AAPL,2020-05-01
Apple CEO Tim Cook: We Are Sourcing More Than 30M Masks For Employees Around The World,2020-04-30 17:06:00-04:00,AAPL,2020-05-01
12 Stocks Moving In Thursday's After-Hours Session,2020-04-30 17:05:00-04:00,AAPL,2020-05-01
"Apple Reports Big Q2 Earnings Beat, Driven By Record Services Revenue",2020-04-30 16:40:00-04:00,AAPL,2020-05-01
Apple shares are trading higher after the company reported better-than-expected Q2 EPS and sales results. UPDATE: Shares have since reversed.,2020-04-30 16:34:00-04:00,AAPL,2020-05-01
"Apple CEO Tim Cook ""We are confident in our future and continue to make significant investments in all areas of our business to enrich our customers' lives ... including our five-year commitment to contribute $350 billion to the United States Economy""",2020-04-30 16:33:00-04:00,AAPL,2020-05-01
Apple Shares Trading Higher 2.3% Following Q2 Earnings,2020-04-30 16:33:00-04:00,AAPL,2020-05-01
"Apple Q2 iPhone Sales $28.962B, Mac Sales $5.351B, iPad $4.368B, Wearables, Home, Accessories $6.284B",2020-04-30 16:32:00-04:00,AAPL,2020-05-01
"Apple Q2 Americas Sales $25.473B, Europe $14.294B, Greater China $9.455B, Japan $5.206B, Rest Of Asia Pacific $3.885B",2020-04-30 16:31:00-04:00,AAPL,2020-05-01
"Apple Reports Q2 Service Revenue $13.348B, Up From $11.45B YoY",2020-04-30 16:31:00-04:00,AAPL,2020-05-01
"Apple CEO Tim Cook ""Despite COVID-19's unprecedented global impact, we're proud to report that Apple grew for the quarter, driven by an all-time record in Services and a quarterly record for Wearables""",2020-04-30 16:30:00-04:00,AAPL,2020-05-01
"Apple Q2 EPS $2.550 Beats $2.260 Estimate, Sales $58.300B Beat $54.540B Estimate",2020-04-30 16:30:00-04:00,AAPL,2020-05-01
"Watching Apple Shares Decline At Least 1% Head Of Earnings, Expected At 4:30",2020-04-30 16:20:00-04:00,AAPL,2020-05-01
Morning Market Stats in 5 Minutes,2020-04-30 10:42:00-04:00,AAPL,2020-04-30
"Apple And Amazon Up To Bat this Afternoon As Investors Ponder Microsoft, Facebook Results",2020-04-30 09:54:00-04:00,AAPL,2020-04-30
Mike Khouw Sees Unusual Options Activity In Apple,2020-04-30 09:10:00-04:00,AAPL,2020-04-30
"Benzinga Pro's Top 5 Stocks To Watch For Thurs., Apr. 30, 2020: AAPL, LVS, MRNA, IMKTA, CAPR",2020-04-30 08:20:00-04:00,AAPL,2020-04-30
A Peek Into The Markets: US Stock Futures Edge Higher Ahead Of Apple Earnings,2020-04-30 06:01:00-04:00,AAPL,2020-04-30
"10 Stocks To Watch For April 30, 2020",2020-04-30 04:59:00-04:00,AAPL,2020-04-30
"Earnings Scheduled For April 30, 2020",2020-04-30 04:16:00-04:00,AAPL,2020-04-30
"Shares of several technology companies are trading higher amid market strength following positive data from a study of Gilead's Remdesivir, which is being evaluated for coronavirus. A successful treatment could mean a sooner return to economic activity. NOTE: Some names may also be moving in sympathy following recent earnings from Google and some semiconductor companies.",2020-04-29 10:53:00-04:00,AAPL,2020-04-29
"Alphabet, Boeing Shares Get A Lift Following Earnings, While GE Falls Short",2020-04-29 10:01:00-04:00,AAPL,2020-04-29
AT&T Is Hoping HBO Max Will Turn The Tide,2020-04-29 06:47:00-04:00,AAPL,2020-04-29
Apple Adds Coronavirus Testing Sites To Maps In US,2020-04-29 05:04:00-04:00,AAPL,2020-04-29
"Apple Earnings Ahead: Rough Quarter, iPhone Expectations And Getting Back To Business",2020-04-28 17:31:00-04:00,AAPL,2020-04-29
"Earnings Feast: Bring a Plate With Healthcare and Caterpillar in Morning, GOOGL And AMD Later",2020-04-28 10:06:00-04:00,AAPL,2020-04-28
How Large Apple Option Traders Are Positioning Ahead Of Earnings,2020-04-27 17:17:00-04:00,AAPL,2020-04-28
3 Sector ETFs For This Week's Earnings Parade,2020-04-27 16:05:00-04:00,AAPL,2020-04-28
"Raymond James Says 'We lowered our iPhone estimates 2 weeks ago to take into account the likelihood of slower sales, and we don't see a reason to change our estimates at this time'",2020-04-27 14:35:00-04:00,AAPL,2020-04-27
Raymond James On Reports Of Apple iPhone Delays Says 'Apple suppliers we spoke with hadn't seen changes yet'; Says 'Our conclusion is that AAPL is likely selectively notifying suppliers.',2020-04-27 14:35:00-04:00,AAPL,2020-04-27
Will COVID-19 Accelerate The Adoption Of Autonomous Vehicles?,2020-04-27 13:38:00-04:00,AAPL,2020-04-27
"UPDATE: B of A Securities On Apple Notes 'Although AAPL could choose to not provide any guidance,we think AAPL could also provide a much wider than normal range to encapsulate the uncertainty of COVID-19'",2020-04-27 12:10:00-04:00,AAPL,2020-04-27
"UPDATE: B of A Securities Reiterates Buy On Apple, Raises Target To $310 Notes 'To guide or not guide; that is the question'; Firm Expects 'AAPL to report F2Q well below consensus (not fully adjusted) and to guide well below consensus as well'",2020-04-27 12:09:00-04:00,AAPL,2020-04-27
"SpotlightNews Informs Communities, Extends Helping Hand To Small Publishers",2020-04-27 11:38:00-04:00,AAPL,2020-04-27
"B of A Securities Earlier Reiterated Buy on Apple, Raised Price Target to $310",2020-04-27 11:22:00-04:00,AAPL,2020-04-27
Morning Market Stats in 5 Minutes,2020-04-27 10:33:00-04:00,AAPL,2020-04-27
"Apple And Amazon Earnings, Fed Meeting Among Highlights In Busy Week Ahead",2020-04-27 09:44:00-04:00,AAPL,2020-04-27
UPDATE: Apple Cut Number Of Flagship iPhone Units Being Produced Over Jul. To Dec. Period By As Much As 20%,2020-04-27 08:53:00-04:00,AAPL,2020-04-27
Apple Shares Down 0.9% Since Earlier Dow Jones Report Co. Has Delayed Its Production Ramp Up For Flagship iPhones By About 1 Month,2020-04-27 08:52:00-04:00,AAPL,2020-04-27
"Apple Is Pushing Back New iPhone Production, WSJ Reports",2020-04-27 08:06:00-04:00,AAPL,2020-04-27
Carter Worth And Mike Khouw's Apple Trade,2020-04-27 07:36:00-04:00,AAPL,2020-04-27
Global Smartphone Shipments to Fall to 1.15B Units in 2020,2020-04-27 05:28:00-04:00,AAPL,2020-04-27
Amazon Pilots Online Screening Of New Sellers During Pandemic,2020-04-26 23:07:00-04:00,AAPL,2020-04-27
"Bulls And Bears Of The Week: Amazon, Boeing, Disney, Netflix And More",2020-04-25 15:20:00-04:00,AAPL,2020-04-25
"Nvidia Reportedly Eyeing 5nm Chips Even As Apple, AMD Ramp Up Orders",2020-04-24 13:48:00-04:00,AAPL,2020-04-24
"Apple Shares Unaffected As Hearing Trump Says He Spoke With Tim Cook, Trump Says Cook Believes Economy Will See V-Shaped Recovery",2020-04-24 12:31:00-04:00,AAPL,2020-04-24
10 Biggest Price Target Changes For Friday,2020-04-24 08:12:00-04:00,AAPL,2020-04-24
Hearing Credit Suisse Asia Sees Apple Cutting iPhone Jul. To Sept. Production By 30% Given A Delay In Production Ramp For 2020 Models,2020-04-24 07:05:00-04:00,AAPL,2020-04-24
"Apple Says No Evidence That Hackers Exploited Vulnerability In iPhones, iPads To Steal Data",2020-04-24 06:41:00-04:00,AAPL,2020-04-24
Apple Says No Evidence iPhone Mail Flaw Used Against Customers,2020-04-24 05:26:00-04:00,AAPL,2020-04-24
"Apple Analyst Braces For 'Friday The 13th'-Like Q2, Says iPhone On Track",2020-04-23 14:36:00-04:00,AAPL,2020-04-23
"Apple Reportedly Shifting Away From Intel, Will Make Its Own Mac Chips",2020-04-23 11:19:00-04:00,AAPL,2020-04-23
Intel Shares Unaffected Following NY Post Article 'Apple to reportedly use its own chips for Macs instead of Intel's next year',2020-04-23 10:28:00-04:00,AAPL,2020-04-23
10 Biggest Price Target Changes For Thursday,2020-04-23 08:29:00-04:00,AAPL,2020-04-23
"Daiwa Capital Downgrades Apple to Outperform, Lowers Price Target to $297",2020-04-23 06:14:00-04:00,AAPL,2020-04-23
"Apple Acknowledges Security Flaw in iPhone, iPads That Hackers May Have Used To Steal Data For Years",2020-04-23 05:25:00-04:00,AAPL,2020-04-23
Another Autonomous Trucking Startup Announces Layoffs,2020-04-22 19:22:00-04:00,AAPL,2020-04-23
These Companies Could Rebound Sharply After The COVID-19 Crisis,2020-04-22 14:58:00-04:00,AAPL,2020-04-22
"Little Things Count: After Selloff To Start Week, A Bit of Light Arrives With Positive Earnings",2020-04-22 09:46:00-04:00,AAPL,2020-04-22
Gene Munster Sees Apple And Tesla As Biggest Winners This Earnings Season,2020-04-22 07:40:00-04:00,AAPL,2020-04-22
How Stable Are Their Networks? AT&T And Verizon Set To Release Q1 Earnings,2020-04-21 14:33:00-04:00,AAPL,2020-04-21
Shares of several technology companies are trading lower amid overall market weakness following a collapse in oil prices. Oil has been negatively impacted by excess supply and low demand amid the coronavirus pandemic.,2020-04-21 10:52:00-04:00,AAPL,2020-04-21
Tuesday's Market Minute: The Streaming Comeback Kid: Netflix,2020-04-21 10:02:00-04:00,AAPL,2020-04-21
Apple Shares Spike 1.5% Amid Nikkei Report Co. Aiming To Increase iPhone Output By 4% Through Mar.,2020-04-21 08:27:00-04:00,AAPL,2020-04-21
Apple Likely to Defer New Airpods Pro Launch,2020-04-21 05:47:00-04:00,AAPL,2020-04-21
Apple Services Now Available in More Countries Around the World,2020-04-21 05:42:00-04:00,AAPL,2020-04-21
Jerremy Newsome Shares The Rules For His Options Strategy,2020-04-20 21:00:00-04:00,AAPL,2020-04-21
Coronavirus Sell-Off A Major Opportunity For Activist Investors,2020-04-20 10:16:00-04:00,AAPL,2020-04-20
"Halliburton, United, Among Key Names Reporting Results, With More Airlines Due Later In Week",2020-04-20 09:43:00-04:00,AAPL,2020-04-20
"Bulls And Bears Of The Week: Caterpillar, Facebook, Microsoft And More",2020-04-19 12:56:00-04:00,AAPL,2020-04-19
"'Options Action' Traders Weigh In On Apple, S&P 500, Crude Oil",2020-04-18 16:44:00-04:00,AAPL,2020-04-20
Smart Option Trading CEO On Gaining An Edge With Options: 'They Show The Overall Sentiment',2020-04-18 16:12:00-04:00,AAPL,2020-04-20
"Gene Munster Dismisses Goldman's Apple Downgrade, Says Cupertino Has Long-Term Earnings Power",2020-04-17 15:59:00-04:00,AAPL,2020-04-17
"Goldman Turns Bearish On Apple, Qualcomm, Projects 36% Drop In Q2 iPhone Sales",2020-04-17 12:17:00-04:00,AAPL,2020-04-17
"Big Earnings Day As Honeywell, Procter & Gamble, Schlumberger Among Those Reporting",2020-04-17 09:46:00-04:00,AAPL,2020-04-17
'Apple supplier Foxconn steps up semiconductor plans with deal to build a new base in Qingdao' -South China Morning Post,2020-04-17 09:39:00-04:00,AAPL,2020-04-17
"Benzinga's Top Upgrades, Downgrades For April 17, 2020",2020-04-17 09:31:00-04:00,AAPL,2020-04-17
"UPDATE: Goldman Sachs Downgrades Apple To Sell, Lowers Target To $233 'as COVID-19 downturn drives reduced 2021 forecasts'",2020-04-17 09:20:00-04:00,AAPL,2020-04-17
10 Biggest Price Target Changes For Friday,2020-04-17 08:14:00-04:00,AAPL,2020-04-17
A Peek Into The Markets: US Stock Futures Signal Higher Start On Wall Street,2020-04-17 05:54:00-04:00,AAPL,2020-04-17
"Goldman Sachs Downgrades Apple to Sell, Lowers Price Target to $233",2020-04-17 05:33:00-04:00,AAPL,2020-04-17
"Apple Reopening Store In Seoul, First Outside China",2020-04-17 03:07:00-04:00,AAPL,2020-04-17
"Big Stocks Moving After Hours As Market Cheers Gilead, 'Reopening' Updates",2020-04-16 19:30:00-04:00,AAPL,2020-04-17
S&P 500 Futures Up 3.2% After Hours; Many Other Stocks Moving Higher With Futures; Investors Reacting Favorably To White Phase Guidelines On Reopening Economy,2020-04-16 18:11:00-04:00,AAPL,2020-04-17
"Apple's Tim Cook Tells Staff Mgmt. Is Unclear When Employees Will Be Able To Return To Offices, Says Offices Will Likely Have Temperature Checks, Social Distancing Efforts",2020-04-16 16:07:00-04:00,AAPL,2020-04-17
Comcast's Peacock Takes Well-Timed Flight,2020-04-16 13:51:00-04:00,AAPL,2020-04-16
Apple shares are trading higher after Deutsche Bank maintained its Buy rating on the stock and raised its price target from $270 to $285 per share.,2020-04-16 11:14:00-04:00,AAPL,2020-04-16
"Deutsche Bank Maintains Buy on Apple, Raises Price Target to $285",2020-04-16 10:03:00-04:00,AAPL,2020-04-16
"Morgan Stanley Misses On EPS, But Shows Strong Trading Results For Q1 As Banks Wrap Up",2020-04-16 09:49:00-04:00,AAPL,2020-04-16
'Apple's only retail store in South Korea reopening April 18' -9to5Mac,2020-04-16 06:41:00-04:00,AAPL,2020-04-16
Software Rises Above Semiconductors And Hardware As Tech Heads Into Earnings Season,2020-04-15 20:10:00-04:00,AAPL,2020-04-16
"US Senator Blumenthal Says Apple, Google Have A 'Lot Of Work To Do' To Convince People Coronavirus Contact Tracing Will Not Violate Privacy",2020-04-15 15:14:00-04:00,AAPL,2020-04-15
Apple Ready To Launch 'iPhone 9'; Analyst Says Initial Sales Could Reach 25M Units,2020-04-15 13:30:00-04:00,AAPL,2020-04-15
Every Member Of Trump's 'Great American Economic Revival' Industry Groups,2020-04-15 13:09:00-04:00,AAPL,2020-04-15
BioXcel Therapeutics CEO Says Wearable Devices Are Another Tool To Combat Alzheimer's Agitation,2020-04-15 12:03:00-04:00,AAPL,2020-04-15
"Apple Shares Unaffected Following Co. Press Release Highlighting Second-Generation iPhone SE, Starting At $399",2020-04-15 11:02:00-04:00,AAPL,2020-04-15
"Apple Makes Available Its Mobility Data To Aid In Coronavirus Efforts, Says Trends Tool From Apple Maps Can Help Mitigate Spread Of Virus",2020-04-14 12:32:00-04:00,AAPL,2020-04-14
Apple shares are trading higher after it was reported the company shipped 2.5 million iPhones in China in March.,2020-04-14 10:40:00-04:00,AAPL,2020-04-14
"JPMorgan, Wells Fargo Earnings Lower Than Expected, But Positive Tone Helps Shares",2020-04-14 09:56:00-04:00,AAPL,2020-04-14
Apple And Google Give Details On Their Joint Coronavirus Contact Tracing Tool,2020-04-14 08:03:00-04:00,AAPL,2020-04-14
Apple Shipped 2.5M iPhones in China in March,2020-04-14 05:22:00-04:00,AAPL,2020-04-14
"IDC Issues PC Report For Q1, Shows 'Sharp Decline in Q1 2020 Despite Increased Demand to Meet Remote Work and School Needs'",2020-04-13 16:01:00-04:00,AAPL,2020-04-14
Commentary: Why Supply Chains Are Weaker Than Their Weakest Link,2020-04-13 12:26:00-04:00,AAPL,2020-04-13
Apple Reportedly Planning Major iPhone Design Overhaul For Fall Launches,2020-04-13 12:09:00-04:00,AAPL,2020-04-13
"Raymond James Maintains Outperform on Apple, Lowers Price Target to $305",2020-04-13 08:27:00-04:00,AAPL,2020-04-13
Apple And Google Team Up To Build Bluetooth Solution To Tackle COVID-19 Pandemic,2020-04-13 06:37:00-04:00,AAPL,2020-04-13
"Bloomberg Reports iPhone 12 to Feature Redesigned Stainless Steel Chasis, Cheaper Homepod to be Out Later This Year",2020-04-13 06:08:00-04:00,AAPL,2020-04-13
"Apple's Stock Will Outperform Other FAANG Stocks In 2020, Long-Term Future 'Among The Brightest', Munster Says",2020-04-12 22:58:00-04:00,AAPL,2020-04-13
"Benzinga's Bulls And Bears Of The Week: Apple, Disney, Intel And More",2020-04-11 14:10:00-04:00,AAPL,2020-04-11
Communications Services Sector Earnings: When Staying In Becomes The Trend,2020-04-09 15:39:00-04:00,AAPL,2020-04-09
Will FANG Lead The Market Rebound?,2020-04-09 12:04:00-04:00,AAPL,2020-04-09
Apple At A 'Fork In The Road' As Disney+ Reports 50M Subscribers,2020-04-09 10:52:00-04:00,AAPL,2020-04-09
"Nomura Maintains Neutral on Apple, Raises Price Target to $240",2020-04-09 10:42:00-04:00,AAPL,2020-04-09
2 Companies Well Positioned To Weather The Coronavirus Storm,2020-04-09 10:38:00-04:00,AAPL,2020-04-09
Disney Shares Climb 7% As Video On Demand Service Crosses 50M Subscribers,2020-04-08 22:16:00-04:00,AAPL,2020-04-09
"Netflix, YouTube, Disney+: Which Video Streaming Platform Do Teens Watch The Most?",2020-04-08 15:32:00-04:00,AAPL,2020-04-08
The Show Must Go On – Event Industry Rising To The Challenge Of COVID-19,2020-04-08 13:52:00-04:00,AAPL,2020-04-08
Global Payments Firm Papaya Global Publishes International COVID-19 Crisis Guides For Employers,2020-04-08 12:03:00-04:00,AAPL,2020-04-08
Watching Apple Shares; Hearing Traders Circulating Word Of Earlier Article From China Publication Suggesting Apple Cut Orders From China Suppliers,2020-04-08 11:52:00-04:00,AAPL,2020-04-08
Shares of several technology companies are trading higher amid overall market strength on optimism that US coronavirus cases could soon leveling off. NOTE: Some names in the sector have potentially benefited from recent work-at-home trends.,2020-04-08 10:13:00-04:00,AAPL,2020-04-08
10 Biggest Price Target Changes For Wednesday,2020-04-08 08:22:00-04:00,AAPL,2020-04-08
"JP Morgan Maintains Overweight on Apple, Lowers Price Target to $335",2020-04-08 06:45:00-04:00,AAPL,2020-04-08
Hearing Piper Sandler Raised Apple Price Target From $260 To $300; Unconfirmed,2020-04-08 06:22:00-04:00,AAPL,2020-04-08
iPhone Maker Foxconn To Produce Ventilators In US,2020-04-08 06:20:00-04:00,AAPL,2020-04-08
"Shares of several technology, semiconductor, and software companies are trading higher amid optimism that coronavirus cases in Asia are potentially easing. Global slowing cases could raise hopes of a sooner return to spending and economic activity.",2020-04-07 07:45:00-04:00,AAPL,2020-04-07
Microsoft Hires ex-Apple Exec Caballero in Charge of Wireless for Hardware,2020-04-07 05:22:00-04:00,AAPL,2020-04-07
"3M, Trump Strike Deal To Import 166.5M Masks From China, Company To Continue To Supply Abroad",2020-04-06 22:28:00-04:00,AAPL,2020-04-07
Investor Movement Index Summary: March 2020,2020-04-06 13:54:00-04:00,AAPL,2020-04-06
Apple's iPhone 9 Launch Could Be Imminent,2020-04-06 12:23:00-04:00,AAPL,2020-04-06
"Apple Rumored To Be Eyeing $100M Acquisition Of AR, VR Company NextVR",2020-04-06 09:59:00-04:00,AAPL,2020-04-06
Apple shares are trading higher potentially due to the company announcing it would produce 1 million face shields per week for healthcare workers.,2020-04-06 08:13:00-04:00,AAPL,2020-04-06
Apple To Make 1M Face Shields Per Week For Coronavirus Health Workers,2020-04-05 22:46:00-04:00,AAPL,2020-04-06
Apple Said to be Likely Buyer of AR/VR Company NextVR for ~$100M,2020-04-04 17:10:00-04:00,AAPL,2020-04-06
"Barron's Picks And Pans: Post-Pandemic Ideas, Safe Dividends And More",2020-04-04 14:25:00-04:00,AAPL,2020-04-04
Roland Garros Is Giving Us Hope – Shall We Dare to Dream?,2020-04-03 12:45:00-04:00,AAPL,2020-04-03
"Morgan Stanley Maintains Overweight on Apple, Lowers Price Target to $298",2020-04-03 09:49:00-04:00,AAPL,2020-04-03
"Credit Suisse Maintains Neutral on Apple, Lowers Price Target to $260",2020-04-03 08:47:00-04:00,AAPL,2020-04-03
Apple Accidentally Confirms Unreleased Product That Helps Users Find Lost Items,2020-04-03 05:36:00-04:00,AAPL,2020-04-03
Apple Tells Staff U.S. Stores to Remain Closed Until Early May,2020-04-03 05:16:00-04:00,AAPL,2020-04-03
Credit Suisse Compiles List Of Corporations With Most And Least Cash,2020-04-02 06:57:00-04:00,AAPL,2020-04-02
"A Peek Into The Markets: US Stock Futures Gain, Jobless Claims In Focus",2020-04-02 05:59:00-04:00,AAPL,2020-04-02
Amazon Offers Prime Video Purchases On iOS As Apple Foregoes 30% Third-Party Tax,2020-04-02 05:30:00-04:00,AAPL,2020-04-02
Is Roku Above Other Streamers – A SWOT Approach,2020-04-01 15:18:00-04:00,AAPL,2020-04-01
"Hearing Apple, Goldman To Let Card Holders Defer April Payments",2020-04-01 13:44:00-04:00,AAPL,2020-04-01
Apple Analyst Projects 'Multi-Quarter Impact' On iPhone Shipments From COVID-19 Pandemic,2020-04-01 10:38:00-04:00,AAPL,2020-04-01
Some Staples Stocks Bouncing Back After Sliding In Recent Rally As Caution Tightens Grip,2020-04-01 09:52:00-04:00,AAPL,2020-04-01
"Shares of several technology, semiconductor, and software companies are trading lower amid market weakness as macro concerns continue to grow as a result of the coronavirus pandemic. The White House said it expects a surge in cases over the next 2 weeks.",2020-04-01 07:33:00-04:00,AAPL,2020-04-01
"A Peek Into The Markets: US Stock Futures Tumble Ahead Of ADP, Manufacturing Reports",2020-04-01 05:55:00-04:00,AAPL,2020-04-01
Here's How The 'MAGA' Tech Giant Stocks Performed In Q1,2020-04-01 04:50:00-04:00,AAPL,2020-04-01
"Apple Acquires DarkSky, Weather App To Be Pulled From Android",2020-03-31 22:36:00-04:00,AAPL,2020-04-01
What Google And Is Doing To Fight The Coronavirus,2020-03-31 15:16:00-04:00,AAPL,2020-03-31
Apple Acquires Dark Sky Weather App,2020-03-31 13:44:00-04:00,AAPL,2020-03-31
"Strategist Channels His Inner Elsa, Says Apple Investors Need To Let It Go",2020-03-31 09:16:00-04:00,AAPL,2020-03-31
Japan Display to Raise $200M by Selling Display Production Equipment to Overseas Client Said to be Apple,2020-03-31 05:32:00-04:00,AAPL,2020-03-31
Ad Sales Decrease With Covid-19 But Digital Holds The Key,2020-03-30 15:56:00-04:00,AAPL,2020-03-30
Shares of several technology companies are trading higher as equities continue to rise following last week's rebound amid US stimulus measures.,2020-03-30 10:23:00-04:00,AAPL,2020-03-30
"UBS Maintains Buy on Apple, Lowers Price Target to $290",2020-03-30 09:20:00-04:00,AAPL,2020-03-30
Apple Supplier Foxconn's Profit Falls Nearly 25% Year-Over-Year: Report,2020-03-30 09:08:00-04:00,AAPL,2020-03-30
8 Best Investment Strategies During A Recession,2020-03-29 12:30:00-04:00,AAPL,2020-03-29
Options Trading: What Is It And How To Do It?,2020-03-28 19:22:00-04:00,AAPL,2020-03-30
Loup Ventures Says Believes Demand For 5G iPhone Will Be Initially Muted 'as it will reflect overall consumer demand in the fall which we expect to be soft'; Says Believes Apple Is 'One Of The Best Ways' To Invest In 5G Transformation,2020-03-27 15:46:00-04:00,AAPL,2020-03-27
"Loup Ventures Says 'Taking the view that China production will remain stable (which can quickly change), the supply chain should be positioned to supply several million iPhones by the end of September, in line with supply for previous launches.'",2020-03-27 15:45:00-04:00,AAPL,2020-03-27
"Loup Ventures Says Believes It Is Still Likely Apple Will Host A Fall 5G iPhone Launch; Notes China Manufacturing And Assembly, Including Some Apple Partners Are Starting To Ramp Up Production",2020-03-27 15:44:00-04:00,AAPL,2020-03-27
"For Some Companies, A Sliver Of Good News During COVID-19",2020-03-27 15:15:00-04:00,AAPL,2020-03-27
"'New #COVID19 screening app developed by @Apple, in partnership with @CDCgov, @fema and the @WhiteHouse #coronavirus task force.' -VOA's Steve Herman",2020-03-27 12:17:00-04:00,AAPL,2020-03-27
"Regional Banks, Other Cyclicals Saw Buying Interest Yesterday Amid Stimulus Hopes",2020-03-27 09:59:00-04:00,AAPL,2020-03-27
"'Apple iPhone demand destruction 'intensifying,' says Cleveland Research' - Walter Bloomberg",2020-03-27 09:48:00-04:00,AAPL,2020-03-27
"Shares of several technology, semiconductor, and software companies are trading lower as a potential sell-off from this week's strength. While US stimulus legislation has boosted economic optimism, demand concerns still exist amid the coronavirus.",2020-03-27 09:27:00-04:00,AAPL,2020-03-27
"1,000 Google Employees Volunteer To Help Expand Sister Company's Coronavirus Testing Program",2020-03-27 06:45:00-04:00,AAPL,2020-03-27
Apple PCB Suppliers Dismiss Speculation about 5G iPhone Delay,2020-03-27 05:14:00-04:00,AAPL,2020-03-27
Huawei Releases Latest Flagship Phone Amid Global Coronavirus Lockdown,2020-03-27 05:01:00-04:00,AAPL,2020-03-27
"Trump Lashes Out At Washington, Michigan Governors For Pandemic Response: 'We Don't Like To See The Complaints'",2020-03-27 01:21:00-04:00,AAPL,2020-03-27
Roku Or Netflix – Which One Is Better In The Near Term?,2020-03-26 14:42:00-04:00,AAPL,2020-03-26
Tim Cook Announces Apple 10M Masks Donation To US Health Workers,2020-03-26 00:50:00-04:00,AAPL,2020-03-26
Apple Shares Tank As Report Says New iPhone Launch Could Be Moved To Next Year,2020-03-25 22:11:00-04:00,AAPL,2020-03-26
"'Apple weighs delaying 5G iPhone launch by months, sources say' -Nikkei",2020-03-25 15:44:00-04:00,AAPL,2020-03-25
"Apple's Tim Cook Says Has Been Able To 'Source 10M masks for the US and millions more' For Regions In Europe, Says ' Our ops teams are helping to find and purchase masks from our supply chain in coordination with governments around the world.'",2020-03-25 15:24:00-04:00,AAPL,2020-03-25
COVID-19 Crisis Could Make Big Tech Even Stronger,2020-03-25 12:52:00-04:00,AAPL,2020-03-25
"Tesla, Wayfair And Other Profitable Short Trades Could Get A Short Covering Boost",2020-03-25 10:25:00-04:00,AAPL,2020-03-25
"'Huawei is set to release its #P40 phone series on Thursday, a move that analysts predicted could help push up its phone shipments and even surpass major counterpart @Apple in the short term' -Tweet From China's Global Times Biz",2020-03-25 09:49:00-04:00,AAPL,2020-03-25
"Airline Shares Jump As Stimulus Agreement Offers Relief, While Nike Up On Earnings",2020-03-25 09:42:00-04:00,AAPL,2020-03-25
"A Peek Into The Markets: US Stock Futures Surge After Senate, White House Strike Deal On Coronavirus Stimulus Package",2020-03-25 06:11:00-04:00,AAPL,2020-03-25
Apple Said to be Accelerating Production Relocation Outside China,2020-03-25 05:21:00-04:00,AAPL,2020-03-25
"Deutsche Bank Upgrades Apple to Buy, Announces $270 Price Target",2020-03-25 05:01:00-04:00,AAPL,2020-03-25
120 Biggest Movers From Yesterday,2020-03-25 04:02:00-04:00,AAPL,2020-03-25
'Apple Expects to Start Reopening Stores in First Half of April' -Bloomberg,2020-03-24 15:17:00-04:00,AAPL,2020-03-24
Apple Expects Stores To Start Re-Opening In First Half On April,2020-03-24 14:43:00-04:00,AAPL,2020-03-24
Apple Store Closures Could Leave Some Device Owners In The Lurch: Report,2020-03-24 13:06:00-04:00,AAPL,2020-03-24
75 Stocks Moving In Tuesday's Mid-Day Session,2020-03-24 12:50:00-04:00,AAPL,2020-03-24
"Rise In Semiconductor, Cloud Computing Stocks Could Set Tone For Broader Economy",2020-03-24 09:56:00-04:00,AAPL,2020-03-24
Shares of several technology companies are trading higher amid market strength on hopes of a US economic stimulus package agreement.,2020-03-24 09:10:00-04:00,AAPL,2020-03-24
26 Stocks Moving in Tuesday's Pre-Market Session,2020-03-24 07:12:00-04:00,AAPL,2020-03-24
Twitter Expects Q1 Operating Loss As Pandemic Hurts Ad Sales,2020-03-23 22:29:00-04:00,AAPL,2020-03-24
Foxconn Has Secured Enough Workers To Meet 'Seasonal Demand' At All Major Chinese Plants,2020-03-23 12:27:00-04:00,AAPL,2020-03-23
"Shares of some technology companies are trading lower amid market volatility. Sunday's fiscal stimulus bill failed a procedural senate vote while the Fed on Monday announced stimulus measures. NOTE: Sector is mixed, with some names up for the session.",2020-03-23 11:14:00-04:00,AAPL,2020-03-23
"Nomura Instinet Maintains Neutral on Apple, Lowers Price Target to $225",2020-03-23 10:12:00-04:00,AAPL,2020-03-23
"How Tim Cook, Mark Zuckerberg And Other Tech CEOs Are Helping Fight The Global Pandemic",2020-03-23 08:21:00-04:00,AAPL,2020-03-23
3 ETFs To Short The Dow,2020-03-23 07:40:00-04:00,AAPL,2020-03-23
Apple Dropped Two-device Limit on Online Purchases of iPhones,2020-03-23 05:33:00-04:00,AAPL,2020-03-23
Cisco Pledges $225M To Fight Global Coronavirus Pandemic,2020-03-23 03:37:00-04:00,AAPL,2020-03-23
"Barron's Picks And Pans: Big Tech Picks, Bank Stocks Large and Small And More",2020-03-21 16:11:00-04:00,AAPL,2020-03-23
"Shares of several technology companies are trading higher. Market strength has been attributed to strong containment measures taken by California, rebound in oil, central bank actions and expectations of increased technology usage amid the virus outbreak.",2020-03-20 08:31:00-04:00,AAPL,2020-03-20
Apple Limits Online iPhone Purchases To Two After Closing All Stores Outside China,2020-03-20 06:15:00-04:00,AAPL,2020-03-20
Will Big Tech Come To The Rescue Against COVID-19?,2020-03-19 10:12:00-04:00,AAPL,2020-03-19
"Canaccord Genuity Maintains Buy on Apple, Lowers Price Target to $300",2020-03-19 08:50:00-04:00,AAPL,2020-03-19
"Oil Giants Persist In Paradoxical Behavior, But They Can Afford It",2020-03-18 11:26:00-04:00,AAPL,2020-03-18
"Travel, Airline Stocks In Focus Amid Fresh Weakness; Amazon To Hire 100,000 Workers",2020-03-18 09:53:00-04:00,AAPL,2020-03-18
"Shares of several technology, software and semiconductor companies are trading lower as equities sell off amid continued global coronavirus concerns. The virus has caused global economic disruption and negatively impacted stocks across sectors.",2020-03-18 08:48:00-04:00,AAPL,2020-03-18
Apple Unveils New iPad Pro And New MacBook Air,2020-03-18 08:01:00-04:00,AAPL,2020-03-18
"UPDATE: Apple Previously Announced Closing Of Retail Locations Til Mar. 27, Now Says 'Until Further Notice'",2020-03-17 11:48:00-04:00,AAPL,2020-03-17
Hearing Apple To Close All Retail Stores Until Further Notice,2020-03-17 11:46:00-04:00,AAPL,2020-03-17
Apple shares are trading higher as tech stocks rebound following Monday's crash. Morgan Stanley analysts today maintained an overweight rating on the stock.,2020-03-17 11:42:00-04:00,AAPL,2020-03-17
"Trump Says Will Expand Medicare Telehealth Service Offers, Working With Skype, Apple For FaceTime",2020-03-17 11:42:00-04:00,AAPL,2020-03-17
"Jefferies Reiterates Buy on Apple, Lowers Price Target to $320",2020-03-17 10:23:00-04:00,AAPL,2020-03-17
10 Biggest Price Target Changes For Tuesday,2020-03-17 09:06:00-04:00,AAPL,2020-03-17
"Morgan Stanley Maintains Overweight on Apple, Lowers Price Target to $328",2020-03-17 08:47:00-04:00,AAPL,2020-03-17
A Peek Into The Markets: US Stock Futures Gain Ahead Of Economic Reports,2020-03-17 06:49:00-04:00,AAPL,2020-03-17
Apple Hit With $1.2B Fine By French Antitrust Authorities,2020-03-17 06:43:00-04:00,AAPL,2020-03-17
110 Biggest Movers From Yesterday,2020-03-17 06:13:00-04:00,AAPL,2020-03-17
So-Called 'MAGA' Stocks Lose $1T Market Value In A Single Day,2020-03-17 01:42:00-04:00,AAPL,2020-03-17
NBCUniversal Releases Movies On-Demand Same Time As Theaters Due To Coronavirus,2020-03-17 01:10:00-04:00,AAPL,2020-03-17
McDonald's Switches To 'Walk-In-Take-Out' Model In All Company-Owned Restaurants Due To Coronavirus,2020-03-16 23:55:00-04:00,AAPL,2020-03-17
"Amazon Hiring 100,000 Workers To Meet Increased Demand As Coronavirus Forces Social Distancing",2020-03-16 22:16:00-04:00,AAPL,2020-03-17
Apple Analyst Says 'Uncertainty Remains Too High' To Buy The Dip,2020-03-16 14:12:00-04:00,AAPL,2020-03-16
95 Stocks Moving In Monday's Mid-Day Session,2020-03-16 12:00:00-04:00,AAPL,2020-03-16
5 Reasons Why Amazon Is Morgan Stanley's Top Pick,2020-03-16 11:41:00-04:00,AAPL,2020-03-16
"Banks, Airlines, Apple Among Stocks Being Hit Hard Despite Fed Cutting Rates To Zero",2020-03-16 10:01:00-04:00,AAPL,2020-03-16
22 Stocks Moving in Monday's Pre-Market Session,2020-03-16 07:24:00-04:00,AAPL,2020-03-16
Apple shares are trading lower following a report suggesting the company was fined €1.1B by the French Competition Authority for anti-competitive behavior in its distribution network.,2020-03-16 07:24:00-04:00,AAPL,2020-03-16
Apple Fined €1.1B byFrench Competition Authority for Anti-competitive Behaviour in Its Distribution Network,2020-03-16 05:42:00-04:00,AAPL,2020-03-16
144 Biggest Movers From Friday,2020-03-16 05:03:00-04:00,AAPL,2020-03-16
Walmart Shortens Store Operating Hours In Response To Coronavirus Outbreak,2020-03-16 04:50:00-04:00,AAPL,2020-03-16
"Starbucks Switches To 'To Go' Model As Coronavirus Spreads, Closes Some Stores",2020-03-15 22:54:00-04:00,AAPL,2020-03-16
Loup Ventures' Munster Says Apple 'Is Doing It Right' With Coronavirus Response,2020-03-15 22:16:00-04:00,AAPL,2020-03-16
"Bulls And Bears Of The Week: Apple, Boeing, FANGs And More",2020-03-15 09:45:00-04:00,AAPL,2020-03-15
Nike Stores Across The World To Temporarily Close,2020-03-15 09:21:00-04:00,AAPL,2020-03-15
"Barron's Picks And Pans: Roundtable Picks, Airline And Oil Stocks, And More",2020-03-14 12:58:00-04:00,AAPL,2020-03-14
All Apple Stores Outside Of China To Temporarily Close,2020-03-14 11:02:00-04:00,AAPL,2020-03-14
Canopy Growth's Storz & Bickel Bypasses Apple's Vaping App Ban With New Web App,2020-03-13 13:29:00-04:00,AAPL,2020-03-13
88 Stocks Moving In Friday's Mid-Day Session,2020-03-13 12:38:00-04:00,AAPL,2020-03-13
VirnetX Receives ~$454M Payment In Apple Suit,2020-03-13 12:36:00-04:00,AAPL,2020-03-13
Apple's Worldwide Developers Conference 2020 To Be Held In Online Format,2020-03-13 12:01:00-04:00,AAPL,2020-03-13
"Regulators Aiming To Break Of Big Tech Are Receiving ""Help"" From COVID-19",2020-03-13 10:12:00-04:00,AAPL,2020-03-13
"Apple Gets Upgrade, Futures Reverse Downward Course As Washington Stimulus Awaited",2020-03-13 09:57:00-04:00,AAPL,2020-03-13
Oracle Might Not Challenge Cloud Providers But Investors Are Pleased,2020-03-13 09:54:00-04:00,AAPL,2020-03-13
Apple shares are trading higher after Wells Fargo upgraded the stock from Equal-Weight to Overweight and announced a $315 price target. NOTE: The overall market is also rebounding from Thursday's crash.,2020-03-13 09:07:00-04:00,AAPL,2020-03-13
Apple Reopens All China Stores As Coronavirus Cases Drop In Country,2020-03-13 08:26:00-04:00,AAPL,2020-03-13
Apple Still Looks to Ship 90M AirPods in 2020,2020-03-13 05:36:00-04:00,AAPL,2020-03-13
"Wells Fargo Upgrades Apple to Overweight, Announces $315 Price Target",2020-03-13 05:33:00-04:00,AAPL,2020-03-13
Selling Picks Up In Worst Day Since 1987 As Fear Continues To Drive Markets Lower,2020-03-12 17:15:00-04:00,AAPL,2020-03-13
Financial Pro Says Trump 'Solidified' Fears Of Economic Slowdown,2020-03-12 12:40:00-04:00,AAPL,2020-03-12
E-Commerce Is Among The Lucky Ones With The Tools To Amortize The Coronavirus Blow,2020-03-12 12:02:00-04:00,AAPL,2020-03-12
"Technical Pro: Apple A 'Great Company,' Not A 'Great Stock' Right Now",2020-03-12 10:35:00-04:00,AAPL,2020-03-12
"Shares of several technology, software and semiconductor companies are trading lower as equities sell off amid continued global coronavirus concerns. The virus has caused global economic disruption and negatively impacted stocks across sectors.",2020-03-12 09:02:00-04:00,AAPL,2020-03-12
CME To Shut Down Chicago Trading Floor Over Coronavirus Concerns,2020-03-11 22:01:00-04:00,AAPL,2020-03-12
Here's How Large Option Traders Are Playing High-Yield AT&T As Market Falls,2020-03-11 14:20:00-04:00,AAPL,2020-03-11
Apple To Close All Italy Stores Until Further Notice,2020-03-11 14:10:00-04:00,AAPL,2020-03-11
"Despite Volatility, FANG Continues to Prove Its Popularity",2020-03-11 12:44:00-04:00,AAPL,2020-03-11
"UPDATE: BofA Securities On Apple Notes 'We reiterate Buy on large cash balance/optionality, expected new buyback authorization in April and upcoming 5G cycle'",2020-03-11 11:51:00-04:00,AAPL,2020-03-11
"UPDATE: BofA Securities Reiterates Buy On Apple, Lowers Target To $320 As Firm Notes 'Lowering estimates on weaker global demand, some delay in product launches'",2020-03-11 11:51:00-04:00,AAPL,2020-03-11
BofA Lowers Apple Price Target Due To Potential Delay In Product Launches,2020-03-11 10:44:00-04:00,AAPL,2020-03-11
"As Market Gyrates, Investors Seek Direction From Large Stocks Including Apple, Microsoft",2020-03-11 10:37:00-04:00,AAPL,2020-03-11
Only Technology Can Save And Lead The Automotive Industry Forward,2020-03-11 09:58:00-04:00,AAPL,2020-03-11
Coronavirus – Another Severe Hit To The Automotive Industry,2020-03-11 09:50:00-04:00,AAPL,2020-03-11
"B of A Securities Reiterates Buy on Apple, Lowers Price Target to $320",2020-03-11 09:02:00-04:00,AAPL,2020-03-11
"Hearing B of A Securities Maintains Buy On Apple, Lowers Target From $350 to $320",2020-03-11 07:51:00-04:00,AAPL,2020-03-11
"Shares of several companies in the technology, software and semiconductor space are trading lower as equities sell off amid coronavirus fears. The virus spread has disrupted economic activity across sectors and caused global macro uncertainty.",2020-03-11 07:17:00-04:00,AAPL,2020-03-11
Google Asks All North American Employees To Work From Home As Coronavirus Spreads,2020-03-11 03:45:00-04:00,AAPL,2020-03-11
Peloton Shares Tick To Session Low As Hearing Report Apple Working On 'Guided Workout' Fitness App,2020-03-10 13:59:00-04:00,AAPL,2020-03-10
Morning Market Stats In 5 Minutes,2020-03-10 11:16:00-04:00,AAPL,2020-03-10
The Main Challenges Faced By The Upcoming EV Era,2020-03-10 10:34:00-04:00,AAPL,2020-03-10
Jedi Wars Between Amazon And Microsoft Are Still Very Much On,2020-03-10 10:27:00-04:00,AAPL,2020-03-10
"Airlines Continue Suffering As Delta, American Announce Schedule Cuts, But Crude Bounces",2020-03-10 09:42:00-04:00,AAPL,2020-03-10
Shares of several technology companies are trading higher as markets look to rebound from Monday's selloff. The technology sector has been highly impacted by the coronavirus due to its China exposure and sensitivity to economic conditions.,2020-03-10 07:11:00-04:00,AAPL,2020-03-10
"UBS Maintains Buy on Apple, Lowers Price Target to $335",2020-03-10 07:06:00-04:00,AAPL,2020-03-10
123 Biggest Movers From Yesterday,2020-03-10 05:57:00-04:00,AAPL,2020-03-10
Crude Awakening: Energy Sector Takes A 20% Spill As Crude Price War Sends Oil To 4-Year Low,2020-03-09 17:09:00-04:00,AAPL,2020-03-10
Investor Movement Index Summary: February 2020,2020-03-09 13:57:00-04:00,AAPL,2020-03-09
101 Stocks Moving In Monday's Mid-Day Session,2020-03-09 12:00:00-04:00,AAPL,2020-03-09
"How Cannabis Company Cannaphyll Is Marketing On Mass-Consumer Platforms, Google And Amazon",2020-06-10 13:18:00-04:00,AMZN,2020-06-10
Tech Stocks And FAANGS Strong Again To Start Day As Market Awaits Fed,2020-06-10 11:33:00-04:00,AMZN,2020-06-10
"Benzinga Pro's Top 5 Stocks To Watch For Wed., Jun. 10, 2020: AAPL, BAC, NIO, SONO, GLW",2020-06-10 07:53:00-04:00,AMZN,2020-06-10
"Hearing Vertical Group Out Positive On Amazon, Saying Co.'s Ad Spend Revenues Are Increasing As Shipping Bottleneck Issues Begin To Abate",2020-06-10 07:20:00-04:00,AMZN,2020-06-10
Big Tech Reaches New Record Heights At The Stock Market,2020-06-10 00:52:00-04:00,AMZN,2020-06-10
"Twitter, Square Will Mark Juneteenth As Holiday To Honor African-American Culture",2020-06-10 00:28:00-04:00,AMZN,2020-06-10
'Inside Amazon's plan to test warehouse workers for Covid-19 every two weeks' -Earlier CNBC Report,2020-06-09 14:52:00-04:00,AMZN,2020-06-09
"BofA Raises Amazon Target On Sales Upside, Accelerating Unit Growth",2020-06-09 12:35:00-04:00,AMZN,2020-06-09
Amazon shares are trading higher despite market weakness. Not currently seeing company-specific news.,2020-06-09 12:13:00-04:00,AMZN,2020-06-09
"IRS Alerts Against Criminals Profiteering From Fake Coronavirus Treatments, Charities, Phishing, Other Financial Fraud",2020-06-09 11:36:00-04:00,AMZN,2020-06-09
"Sonos Shares Spike To Session High, Now Up 9.5%, As Citron's Andrew Left, Currently Interviewing On FOX Business, Said Co. Could Be Acquired By Apple Or Amazon",2020-06-09 11:11:00-04:00,AMZN,2020-06-09
3M Sues Amazon Seller For Price Gouging Of Its N95 Masks During Coronavirus Pandemic,2020-06-09 08:20:00-04:00,AMZN,2020-06-09
"Tesla, Amazon Backer Baillie Gifford Invests $35M In Air Taxi Startup Lilium",2020-06-09 01:06:00-04:00,AMZN,2020-06-09
"IBM Discontinues Facial Recognition Technology, Says It Can't Condone 'Racial Profiling' Or 'Mass Surveillance'",2020-06-09 00:25:00-04:00,AMZN,2020-06-09
"Highlights From Stanley Druckenmiller's CNBC Interview: Coronavirus 'Casualties,' Why He Was 'Far Too Cautious'",2020-06-08 16:06:00-04:00,AMZN,2020-06-09
Sony To Unveil PS5 In June 11 Event,2020-06-08 12:01:00-04:00,AMZN,2020-06-08
"Post-Pandemic Cannabis: Are Amazon, Uber And Other Mainstream Delivery Services The Future?",2020-06-08 11:34:00-04:00,AMZN,2020-06-08
Logmore Secures €4.5M In Series A To Boost Logistics Quality Control,2020-06-08 11:16:00-04:00,AMZN,2020-06-08
"RBC Lifts Amazon Price Target To Street-High $3,300, Says It's 'Best Global Play' On E-Commerce",2020-06-08 11:10:00-04:00,AMZN,2020-06-08
"Baird Maintains Outperform on Amazon.com, Raises Price Target to $2750",2020-06-08 09:15:00-04:00,AMZN,2020-06-08
"RBC Capital Maintains Outperform on Amazon.com, Raises Price Target to $3300",2020-06-08 09:02:00-04:00,AMZN,2020-06-08
10 Biggest Price Target Changes For Monday,2020-06-08 08:35:00-04:00,AMZN,2020-06-08
"Hearing RBC Capital Raised its Price Target on Amazon to $3,300",2020-06-08 06:43:00-04:00,AMZN,2020-06-08
"Facebook-Backed Jio Platforms Gets $750M From Abu Dhabi Sovereign Fund As It Looks To Challenge Amazon, Walmart In India",2020-06-08 05:54:00-04:00,AMZN,2020-06-08
"Amazon Faces Lawsuit From Workers For Neglecting CDC, New York Guidelines On Coronavirus",2020-06-08 01:37:00-04:00,AMZN,2020-06-08
'A New Business Cycle': Stock Market Update For The Week Ahead,2020-06-07 14:29:00-04:00,AMZN,2020-06-07
"ESPAÑOL • Cannabis en Argentina, Blockchain Uruguayo, Elon Musk, Warren Buffett, Jeff Bezos, Isiah Thomas, y Canopy Growth",2020-06-05 17:19:00-04:00,AMZN,2020-06-08
Analysis: Amazon Air And ATSG Grow Together,2020-06-05 14:41:00-04:00,AMZN,2020-06-05
Should Salesforce Shareholders Rejoice or Be Concerned?,2020-06-05 12:39:00-04:00,AMZN,2020-06-05
Slack Fails To Deliver Another COVID-19 Blockbuster,2020-06-05 12:30:00-04:00,AMZN,2020-06-05
PreMarket Prep Stock Of The Day: Genius Brands,2020-06-05 12:24:00-04:00,AMZN,2020-06-05
Amazon Shares Unaffected Following 'A Massive industrial fire has erupted in Redlands at what appears to be an Amazon distribution center. All people are accounted for',2020-06-05 09:36:00-04:00,AMZN,2020-06-05
"Hearing Pivotal Reiterates Buy, $2,700 Price Target On Amazon",2020-06-05 06:19:00-04:00,AMZN,2020-06-05
"US Debt Market Raised $22.5B This Week, The Highest Since 2007: FT",2020-06-05 05:42:00-04:00,AMZN,2020-06-05
Bharti Airtel Says There is No Proposal from Amazon to Buy $2B Stake in Co Under Consideration,2020-06-05 05:25:00-04:00,AMZN,2020-06-05
Amazon And Slack Deepen Partnership In A Bid To Compete With Microsoft,2020-06-05 03:17:00-04:00,AMZN,2020-06-05
Hearing Amazon Has Licensed Slack For All Employees,2020-06-04 18:07:00-04:00,AMZN,2020-06-05
Amazon's Web Services Unit Reports Multi-Year Deal With Slack Technologies,2020-06-04 17:21:00-04:00,AMZN,2020-06-05
Report: GM Starting Electric Delivery Van Program,2020-06-04 16:49:00-04:00,AMZN,2020-06-05
What Elon Musk Thinks About Amazon: 'Monopolies Are Wrong!',2020-06-04 15:15:00-04:00,AMZN,2020-06-04
Ex-Whole Foods Exec Says Grocery Stores Need To Prepare For Next Disruption,2020-06-04 14:58:00-04:00,AMZN,2020-06-04
'Time to break up Amazon. Monopolies are wrong!' -Tweet From Elon Musk,2020-06-04 14:06:00-04:00,AMZN,2020-06-04
FAANG Stocks Seem Immune To COVID-19,2020-06-04 13:47:00-04:00,AMZN,2020-06-04
Why Spirit AeroSystems's Stock Is Trading Higher Today,2020-06-04 11:45:00-04:00,AMZN,2020-06-04
"Flight Industry Conditions Just Right For Amazon Air Takeoff, Analyst Says",2020-06-04 09:58:00-04:00,AMZN,2020-06-04
Lawsuit Filed After Amazon Warehouse Worker Fatally Infects Cousin With Coronavirus,2020-06-04 06:27:00-04:00,AMZN,2020-06-04
Amazon in Talks to Buy $2B Stake in Indian Telco Bharti Airtel,2020-06-04 05:53:00-04:00,AMZN,2020-06-04
"Why Genius Brands Is On A Massive Rally, Adding Nearly 2500% Value In A Month",2020-06-04 01:01:00-04:00,AMZN,2020-06-04
Trump Says Amazon Is Destroying A Lot Of Shopping Centers,2020-06-03 18:14:00-04:00,AMZN,2020-06-04
Air Transport Services Group Shares Up After Hours Following Amazon Press Release Announcing Lease Of 12 Boeing 767-300 Converted Cargo Aircraft From Co.,2020-06-03 16:16:00-04:00,AMZN,2020-06-04
Amazon Will Open New Regional Air Hubs At Lakeland Linder International Airport In Florida Later This Summer,2020-06-03 16:04:00-04:00,AMZN,2020-06-04
"Amazon Air To Lease 12 Additional 767-300 Converted Cargo Aircraft, Increasing Their Fleet To Over 80 Aircraft As Part Of Amazon's Dedicated Air Cargo Network",2020-06-03 16:02:00-04:00,AMZN,2020-06-04
Tech Tracking: FourKites Unveils Dynamic ETA Product For LTL Shipments,2020-06-03 11:38:00-04:00,AMZN,2020-06-03
"Zoom Initially Slips Despite Strong Earnings, Then Reverses Course In Pre-Market Trading",2020-06-03 10:00:00-04:00,AMZN,2020-06-03
"Stocks Keep Rallying Even During Protests Because 'Nobody Is Investing To Make The World A Better Place,' Analysts Say",2020-06-03 06:45:00-04:00,AMZN,2020-06-03
"Warner Music Set To Go Public Today, In Anticipated Largest US IPO Of The Year",2020-06-03 06:09:00-04:00,AMZN,2020-06-03
A Peek Into The Markets: US Stock Futures Rise Ahead Of ADP Jobs Report,2020-06-03 06:04:00-04:00,AMZN,2020-06-03
Peloton Makes Its Fitness App Available On Apple TV After Pandemic Demand Surge,2020-06-03 04:57:00-04:00,AMZN,2020-06-03
Amazon Plans 'Biggest Sale In The Sky' In June To Support Sellers Affected By Pandemic,2020-06-03 01:30:00-04:00,AMZN,2020-06-03
Why Shopify — And Not Zoom — Is The Stock To Chase Right Now,2020-06-02 17:48:00-04:00,AMZN,2020-06-03
'Amazon plans summer sale for June 22 to 'jumpstart sales' after coronavirus crunch' -CNBC,2020-06-02 17:41:00-04:00,AMZN,2020-06-03
Bezos Among Investors In U.K. Freight Startup Beacon,2020-06-02 17:29:00-04:00,AMZN,2020-06-03
4 Blue Chips That Lived Up To Their Title During the Pandemic,2020-06-02 14:17:00-04:00,AMZN,2020-06-02
"How Cameo, Facebook And Peloton Are Embracing Coronavirus Disruption",2020-06-02 13:01:00-04:00,AMZN,2020-06-02
Tesla CEO Musk Says Other Three Officers Should Be Charged In Floyd's Murder Case,2020-06-02 06:12:00-04:00,AMZN,2020-06-02
"Pepper Spray, Books On Racism, 'I Can't Breathe' Merchandise Are Top Sellers On Amazon As Protests Rage",2020-06-02 04:18:00-04:00,AMZN,2020-06-02
Amazon Looks To Establish Supply Chain Trust With New Blockchain Patent,2020-06-01 18:04:00-04:00,AMZN,2020-06-02
Making Sense Of Why Consumers Are Switching Their Grocery Store Habits,2020-06-01 15:00:00-04:00,AMZN,2020-06-01
"Amazon Curtails Some Service, Highways Closed, As Protests Impact Freight And Driver Safety",2020-06-01 13:02:00-04:00,AMZN,2020-06-01
How Social Media Stocks Fared During The Pandemic,2020-06-01 11:30:00-04:00,AMZN,2020-06-01
"Gun, Security Stocks Trade Higher After Weekend Protests Turn Violent And Destructive",2020-06-01 10:14:00-04:00,AMZN,2020-06-01
10 Biggest Price Target Changes For Monday,2020-06-01 08:21:00-04:00,AMZN,2020-06-01
"Amazon Files for Mixed Shelf Offering, Size Not Disclosed",2020-06-01 08:20:00-04:00,AMZN,2020-06-01
"Morgan Stanley Maintains Overweight on Amazon.com, Raises Price Target to $2800",2020-06-01 08:08:00-04:00,AMZN,2020-06-01
The 'Real' S&P 500 And Why The Current Rally Makes Sense,2020-06-01 07:04:00-04:00,AMZN,2020-06-01
"UK Supply Chain Startup Beacon Raises $15M From Amazon CEO, Others",2020-06-01 04:21:00-04:00,AMZN,2020-06-01
"Apple CEO Writes To Employees About George Floyd Death, Urges For 'Better, More Just World For Everyone'",2020-06-01 03:55:00-04:00,AMZN,2020-06-01
"Amazon, Apple, Walmart, Other Retailers Shutter Stores, Scale Back Operations In Areas Worst Hit With Protests",2020-06-01 00:34:00-04:00,AMZN,2020-06-01
Amazon Company Spokesperson Says Adjusted Routes or Scaled Back Typical Delivery Operations to Ensure Safety of Its Teams in Handful of U.S. Cities,2020-05-31 18:21:00-04:00,AMZN,2020-06-01
Jeff Bezos Buying Stake in UK Startup Beacon,2020-05-31 08:51:00-04:00,AMZN,2020-05-31
"Benzinga's Bulls And Bears Of The Week: Amazon, Disney, Netflix And More",2020-05-30 13:47:00-04:00,AMZN,2020-05-30
FedEx named as suitor for German parcel company,2020-05-29 18:21:00-04:00,AMZN,2020-06-01
"Fandom, America's Navy Partner For Warzone Tournament To Celebrate National Military Appreciation Month",2020-05-29 07:08:00-04:00,AMZN,2020-05-29
"Amazon Offers Full-Time Employment To 125,000 Workers Hired To Meet Increased Demand During Pandemic",2020-05-29 06:31:00-04:00,AMZN,2020-05-29
"UPS Slaps 'Peak' Surcharge On Amazon, Walmart, Others, As Delivery Requests Balloon Post Lockdown Ease",2020-05-29 04:38:00-04:00,AMZN,2020-05-29
"'Amazon's website is down for many users across the US' -Tweet From Business Insider; BZ NOTE: Benzinga Reporters In NYC, Detroit Not Experiencing Issues",2020-05-28 15:35:00-04:00,AMZN,2020-05-28
"Here's How Amazon Could Become A Threat To Tesla, Ford And More With Zoox Buy",2020-05-28 12:20:00-04:00,AMZN,2020-05-28
"'Rivian reopens factory, delays electric pickup/SUV, but Amazon delivery van is still on time' -Electrek Report",2020-05-28 11:29:00-04:00,AMZN,2020-05-28
Hearing Amazon Has Said It Will Keep 125K Of 175K Jobs Added During Pandemic As Permanent Positions,2020-05-28 06:44:00-04:00,AMZN,2020-05-28
E-commerce Drives Multi-Pronged Expansion At UPS Airlines,2020-05-27 17:27:00-04:00,AMZN,2020-05-28
"Amazon Is Serious About Self-Driving Technology, Eyeing Multi-Billion Dollar Acquisition",2020-05-27 17:14:00-04:00,AMZN,2020-05-28
Bezos Says Amazon's Strategy Is To Undercharge For Prime Membership Relative TO ITs value For Customers,2020-05-27 13:24:00-04:00,AMZN,2020-05-27
Same Old Leadership Song Lifts These Leveraged ETFs,2020-05-27 09:19:00-04:00,AMZN,2020-05-27
These 10 Stocks Have Surged During The Coronavirus Pandemic,2020-05-27 09:18:00-04:00,AMZN,2020-05-27
"A Peek Into The Markets: US Stock Futures Surge Ahead Of HP Earnings, Beige Book Report",2020-05-27 06:01:00-04:00,AMZN,2020-05-27
"6 Stocks To Watch For May 27, 2020",2020-05-27 04:05:00-04:00,AMZN,2020-05-27
11 Local News Stations Ran Amazon Produced Content Praising Company's Health And Safety Efforts,2020-05-27 04:00:00-04:00,AMZN,2020-05-27
Amazon Looks To Double-Down On Self-Driving Tech With Zoox Acquisition: WSJ,2020-05-27 02:23:00-04:00,AMZN,2020-05-27
"Trump Gets Mad Over Fact Check Warning On Twitter, Claims Election Interference",2020-05-27 01:21:00-04:00,AMZN,2020-05-27
Amazon in Advanced Talks to Buy Self-Driving-Car Tech Company Zoox; Deal Expected to Value Zoox at Less Than Its Private Valuation,2020-05-26 21:06:00-04:00,AMZN,2020-05-27
Amazon Expects To Invest $4B Apr.-June On Covid Initiatives,2020-05-26 15:55:00-04:00,AMZN,2020-05-26
"Aircraft Prices, E-Commerce Conditions Are Ripe For Amazon Air, Says Bullish BofA",2020-05-26 11:52:00-04:00,AMZN,2020-05-26
"'Amazon is looking to invest in localized podcast content, like news and sports' -Axios, Citing Sources",2020-05-26 09:56:00-04:00,AMZN,2020-05-26
In Consumers We Trust: 3 Leveraged ETFs That Surged In April,2020-05-26 09:15:00-04:00,AMZN,2020-05-26
"'FAANG Stocks Are Strong Once Again,' Facebook, Amazon, Netflix Hit Record Highs Last Week",2020-05-26 07:15:00-04:00,AMZN,2020-05-26
Amazon Shareholders Demand Disclosures On COVID-19 Worker Safety,2020-05-26 01:26:00-04:00,AMZN,2020-05-26
"Barron's Picks And Pans: Dropbox, Slack, Starbucks And More",2020-05-23 13:16:00-04:00,AMZN,2020-05-23
3 Tips To Make Money In The Stock Market,2020-05-22 13:20:00-04:00,AMZN,2020-05-22
The Secret to Tech's Resilience to COVID-19- Infrastructure Expansion,2020-05-22 11:44:00-04:00,AMZN,2020-05-22
A Peek Into The Markets: US Stock Futures Down Ahead Of Three-Day Weekend,2020-05-22 06:01:00-04:00,AMZN,2020-05-22
Amazon Reschedules Prime Day to September As It Tries To Restore Pre-Pandemic Operations,2020-05-22 04:48:00-04:00,AMZN,2020-05-22
"KKR To Invest $1.5B In India's Jio Platforms, Joins Facebook, Three Other US Firms As Stakeholders",2020-05-22 01:10:00-04:00,AMZN,2020-05-22
"Here's How Much Investing $1,000 In The 2015 Shopify IPO Would Be Worth Today",2020-05-21 17:30:00-04:00,AMZN,2020-05-22
Making Sense Of Walmart's Decision To Close Jet.com: 'Mission Accomplished',2020-05-21 16:28:00-04:00,AMZN,2020-05-22
COVID-19 Has Dimmed The Magic Of e-Commerce,2020-05-21 15:19:00-04:00,AMZN,2020-05-21
"New Investors Pile In, Fuel Record Rise In Account Openings, Trading Volumes",2020-05-21 12:02:00-04:00,AMZN,2020-05-21
3 Ways Small Businesses Can Get Emergency Help Right Now,2020-05-21 11:54:00-04:00,AMZN,2020-05-21
Stocks That Hit 52-Week Highs On Thursday,2020-05-21 10:25:00-04:00,AMZN,2020-05-21
Target And Walmart Prove There's Still Some Life In Retail,2020-05-21 10:14:00-04:00,AMZN,2020-05-21
Climate Change: Up And Down Pattern Continues As Week Advances And Powell Awaited,2020-05-21 09:44:00-04:00,AMZN,2020-05-21
Amazon Pushes Prime Day To To September,2020-05-21 09:17:00-04:00,AMZN,2020-05-21
"Amazon Issues Press Release Highlighting 'Crucible,' Its Free-To-Play Shooter Game",2020-05-20 16:50:00-04:00,AMZN,2020-05-21
"A Challenge To Amazon, As Microsoft And FedEx Enter Multiyear Collaboration",2020-05-20 16:27:00-04:00,AMZN,2020-05-21
'Crucible' Is Out: Here's Everything You Need To Know About Amazon's First Video Game,2020-05-20 16:02:00-04:00,AMZN,2020-05-21
Facebook's New Shopping Feature Lifts Stock To All-Time Highs,2020-05-20 13:10:00-04:00,AMZN,2020-05-20
Stocks That Hit 52-Week Highs On Wednesday,2020-05-20 10:38:00-04:00,AMZN,2020-05-20
"'Amazon launches its first big-budget game, a shooter called Crucible' -Tweet From CNBC",2020-05-20 09:41:00-04:00,AMZN,2020-05-20
Facebook Plans To Resume Work In Office In July At 25% Capacity And Safety Measures In Place,2020-05-20 06:53:00-04:00,AMZN,2020-05-20
Alibaba Invests $1.4B In AI And Internet of Things Systems For Its Smart Speakers,2020-05-20 06:31:00-04:00,AMZN,2020-05-20
McDonald's Faces Class Action Over Lack Of Worker Protection Against Coronavirus,2020-05-20 06:18:00-04:00,AMZN,2020-05-20
Opinion: Is Amazon Really A Winner Of The Pandemic?,2020-05-19 14:31:00-04:00,AMZN,2020-05-19
"Amazon Announces New Fulfillment Center In Wilmington, Delaware",2020-05-19 12:53:00-04:00,AMZN,2020-05-19
"Walmart Earnings Look Strong Across the Board, But Home Depot Down After Missing on EPS",2020-05-19 10:08:00-04:00,AMZN,2020-05-19
Women's Wear Daily On Monday Published Article 'Hear Amazon in Talks With Penney's',2020-05-19 08:13:00-04:00,AMZN,2020-05-19
'Hear Amazon in Talks With Penney's' -Yesterday WWD Report,2020-05-19 08:11:00-04:00,AMZN,2020-05-19
Amazon Warehouse Workers In Seattle Area Can Now Have Access To Company's Virtual Medical Clinic,2020-05-19 01:35:00-04:00,AMZN,2020-05-19
Walmart Earnings Ahead: Sales Figures May Offer Outlook For Spending During Coronavirus Lockdown,2020-05-18 17:06:00-04:00,AMZN,2020-05-19
Does Amazon's Jeff Bezos Smoke Weed?,2020-05-18 14:35:00-04:00,AMZN,2020-05-18
"Walmart, Target And Home Depot Among Major Retailers Set To Report Earnings In Days Ahead",2020-05-18 10:52:00-04:00,AMZN,2020-05-18
Morning Market Stats in 5 Minutes,2020-05-18 10:46:00-04:00,AMZN,2020-05-18
"Already Soaring, This Online Retail ETF Has E-Commerce Trends In Its Favor",2020-05-18 08:27:00-04:00,AMZN,2020-05-18
"General Atlantic To Invest $871M In India's Jio Platform, Joining Facebook, Vista, Silver Lake As Stakeholders",2020-05-18 03:08:00-04:00,AMZN,2020-05-18
"Barron's Picks And Pans: Cisco, Gilead, Netflix, Wayfair And More",2020-05-17 11:00:00-04:00,AMZN,2020-05-17
"Q1 13F Roundup: How Buffett, Einhorn, Ackman And Others Adjusted Their Portfolios",2020-05-16 10:15:00-04:00,AMZN,2020-05-16
"Seth 'Scump' Abner Slams 'Call Of Duty: Modern Warfare,' Claims 'Warzone' Saved It",2020-05-16 10:00:00-04:00,AMZN,2020-05-16
13F For Buffett's Berkshire Shows Cut Stake In Amazon From 537.3K To ~533.3K Shares,2020-05-15 16:24:00-04:00,AMZN,2020-05-18
13F From Appaloosa Shows Cut Stake In Amazon From 291.5K To 250K Shares,2020-05-15 16:12:00-04:00,AMZN,2020-05-18
How Supply Chain Partners Can Help Drive The Triple Bottom Line,2020-05-15 15:57:00-04:00,AMZN,2020-05-15
"Hedge Fund Duquesne 13F Shows Increased Stakes In Facebook, Alibaba, Netflix, Amazon, Google, Alnylman",2020-05-15 14:43:00-04:00,AMZN,2020-05-15
USPS on horns of dilemma as it weighs parcel rate hikes,2020-05-15 11:18:00-04:00,AMZN,2020-05-15
"Here's How Much Investing $1,000 In Amazon's IPO Would Be Worth Today",2020-05-15 11:16:00-04:00,AMZN,2020-05-15
Quick Retreat: Impressive Thursday Turnaround Halted in Its Tracks Amid Fresh Trade Tiff,2020-05-15 10:22:00-04:00,AMZN,2020-05-15
3 ETFs With Big-Time Shopify Exposure,2020-05-15 07:31:00-04:00,AMZN,2020-05-15
"Mark Cuban On Consumer Demand, Small Businesses Dilemma And Market Uncertainty",2020-05-15 06:35:00-04:00,AMZN,2020-05-15
A Peek Into The Markets: US Stock Futures Up Ahead Of Economic Reports,2020-05-15 05:53:00-04:00,AMZN,2020-05-15
Amazon Said to be Looking at Additional Fairway Locations,2020-05-15 05:21:00-04:00,AMZN,2020-05-15
Amazon To Manufacture Face Shields And Sell Them At Cost,2020-05-15 03:44:00-04:00,AMZN,2020-05-15
Today's Pickup: COVID-19 Gives Smaller e-Commerce Firms A Chance Against Amazon,2020-05-14 15:29:00-04:00,AMZN,2020-05-14
Commentary: Trade Flow And The Warning Flares It Signals,2020-05-14 14:44:00-04:00,AMZN,2020-05-14
P/E Ratio Insights for Amazon.com,2020-05-14 10:42:00-04:00,AMZN,2020-05-14
Hearing KeyBanc Saying Amazon Launched Common Threads Vogue Thurs. Morning,2020-05-14 10:29:00-04:00,AMZN,2020-05-14
Amazon Calls For Federal Law Against Price Gouging During National Crises,2020-05-14 05:37:00-04:00,AMZN,2020-05-14
"Investor 'Bill Miller doesn't see market as 'dramatically overvalued,' says Amazon could double in 3 years' -Tweet From CNBC",2020-05-13 15:34:00-04:00,AMZN,2020-05-13
"Retail Pro Says Giants Like Amazon, Walmart Will Prevail After Coronavirus: 'It's Not Fair'",2020-05-13 13:45:00-04:00,AMZN,2020-05-13
Amazon Extended Increased Hourly Pay Through May 30,2020-05-13 13:14:00-04:00,AMZN,2020-05-13
"Amazon To Extend Double Overtime Pay In US, Canada",2020-05-13 12:38:00-04:00,AMZN,2020-05-13
What To Know About The Conflicting AMC Entertainment-AMC Networks Rumors,2020-05-13 12:32:00-04:00,AMZN,2020-05-13
Financial Stocks Could Be In Focus Today After Powell Speech; Cisco Reports This Afternoon,2020-05-13 10:46:00-04:00,AMZN,2020-05-13
3 ETFs To Order Out With If Uber Buys GrubHub,2020-05-13 06:57:00-04:00,AMZN,2020-05-13
Amazon to Extend France Warehouse Closures to May 18,2020-05-13 05:22:00-04:00,AMZN,2020-05-13
Amazon Says One-Day Deliveries Of Non-Essential Goods To Restart In Coming Weeks,2020-05-13 02:42:00-04:00,AMZN,2020-05-13
Here's What Kara Swisher And Chamath Palihapitiya Think About Elon Musk's Threats To Leave California,2020-05-12 14:15:00-04:00,AMZN,2020-05-12
"Caution Ahead: Biggest Blue-Chips Seek Change, Innovation Post-COVID-19",2020-05-12 13:49:00-04:00,AMZN,2020-05-12
AMC's Stock Still In The Spotlight As Wall Street Digests Amazon Rumor,2020-05-12 13:42:00-04:00,AMZN,2020-05-12
PreMarket Prep Stock Of The Day: Simon Property Group,2020-05-12 12:58:00-04:00,AMZN,2020-05-12
"Amazon Shares Unaffected Amid Report Coalition Of 13 US Attorney Generals Have Asked Co. To Provide Data About Infections, Deaths Among Its Workers, Evidence Co Is In Compliance With State Paid Sick Leave Laws",2020-05-12 12:29:00-04:00,AMZN,2020-05-12
Amazon Air Picks San Bernardino Airport For Western Hub,2020-05-12 11:28:00-04:00,AMZN,2020-05-12
Not Just Fun And Games: How Esports Could Offer Potential Investment Opportunities,2020-05-12 06:43:00-04:00,AMZN,2020-05-12
"With This NASDAQ-100 Soaring, Don't Forget This ETF",2020-05-12 06:31:00-04:00,AMZN,2020-05-12
Amazon Releases AI-Based Enterprise Search Solution Kendra,2020-05-12 05:41:00-04:00,AMZN,2020-05-12
3 Soaring Cloud Computing ETFs,2020-05-11 18:10:00-04:00,AMZN,2020-05-12
"'A Movie Studio Could Buy AMC, Even if Amazon Isn't Interested' -Barron's Article",2020-05-11 15:55:00-04:00,AMZN,2020-05-11
"'Amazon needs movies more than a multiplex' -BNN Bloomberg; Mentions 'Lions Gate Entertainment Corp., ViacomCBS Inc.'s Paramount Pictures, Sony Pictures and Metro-Goldwyn-Mayer Inc. are all options and may be willing sellers'",2020-05-11 14:25:00-04:00,AMZN,2020-05-11
PreMarket Prep Stock Of The Day: AMC Entertainment,2020-05-11 13:00:00-04:00,AMZN,2020-05-11
Amazon Might Be Looking To Buy Struggling AMC Theaters: Report,2020-05-11 10:35:00-04:00,AMZN,2020-05-11
"AMC Shares Fall To Session Low, Still Up 30% For Session; Traders Circulate Deadline Article Suggesting Co. Sources Say No Talks With Amazon Happening",2020-05-11 10:23:00-04:00,AMZN,2020-05-11
AMC Shares Largely Unaffected As Traders Circulate Word CNBC's David Faber Questioned Amazon Rumor,2020-05-11 10:01:00-04:00,AMZN,2020-05-11
"Shares Of AMC Up 71% Pre-Market After Traders Circulate Daily Mail Report That Amazon Is In Talks With Odeon Cinemas, Which AMC Owns",2020-05-11 08:50:00-04:00,AMZN,2020-05-11
"Benzinga Pro's Top 5 Stocks To Watch For Mon., May 11, 2020: SNE, CNK, MRNA, WORK, KMX",2020-05-11 07:57:00-04:00,AMZN,2020-05-11
"Daily Mail, Citing Sources, Reports Amazon Is 'Circling' AMC Theaters, Says 'The duo are said to have held talks about a potential takeover of AMC by Amazon'",2020-05-11 07:08:00-04:00,AMZN,2020-05-11
Former Google CEO Eric Schmidt Cut Last Ties With The Company: Report,2020-05-11 05:36:00-04:00,AMZN,2020-05-11
"Amazon Worker Claims At Least 600 Employees Struck By COVID-19, Six Dead",2020-05-11 00:20:00-04:00,AMZN,2020-05-11
"Barron's Picks And Pans: Boyd Gaming, Domino's Pizza, Exxon And More",2020-05-09 15:06:00-04:00,AMZN,2020-05-09
"Along With Dramatic Jobs Data, Investors Scrutinize Recent Earnings From Uber, Square",2020-05-08 10:23:00-04:00,AMZN,2020-05-08
"Vista Equity Invests $1.5B In India's Jio Platforms, Joining Facebook, Silver Lake As Stakeholders",2020-05-08 07:11:00-04:00,AMZN,2020-05-08
Former XPO Executive Tapped To Head US Postal Service,2020-05-07 16:19:00-04:00,AMZN,2020-05-08
Amazon Says Planning To Prolong Closure Of French Warehouses Until May 13,2020-05-07 14:17:00-04:00,AMZN,2020-05-07
'Cramer: Coronavirus could propel plant-based Beyond Meat into a giant like Amazon or Facebook' -CNBC Article,2020-05-07 10:44:00-04:00,AMZN,2020-05-07
Amazon Weighs Direct Investment in India's Future Retail,2020-05-07 05:22:00-04:00,AMZN,2020-05-07
"A Low-Cost, FAAMNG-Heavy ETF For May",2020-05-06 17:15:00-04:00,AMZN,2020-05-07
"Webull Leverages Crisis To Spur Innovation, Financial Wellness",2020-05-06 17:01:00-04:00,AMZN,2020-05-07
"Coronavirus Drives Surge In Online Grocery Penetration For Players Like Amazon Prime Now, Walmart",2020-05-06 15:45:00-04:00,AMZN,2020-05-06
Amazon's Brokerage Operation Goes National,2020-05-06 12:50:00-04:00,AMZN,2020-05-06
"eBay Reported An Amazing Quarter, But Is It Enough?",2020-05-06 11:58:00-04:00,AMZN,2020-05-06
Amazon Emerges As The Winner Of The COVID-19 Outbreak,2020-05-06 10:56:00-04:00,AMZN,2020-05-06
A Recap Of Social Media Earnings,2020-05-06 10:19:00-04:00,AMZN,2020-05-06
"GM, Disney, Beyond Meat Results In Focus, With GM And BYND Getting Early Lift",2020-05-06 09:47:00-04:00,AMZN,2020-05-06
"Amid COVID Outbreak, Freighter Demand Boosts ATSG In Q1",2020-05-06 09:05:00-04:00,AMZN,2020-05-06
"Stifel Downgrades Wayfair After Q1 Print, Says Coronavirus Sales Surge Will Dissipate",2020-05-05 22:48:00-04:00,AMZN,2020-05-06
'An Amazon warehouse worker in New York has died of COVID-19' -The Verge,2020-05-05 16:01:00-04:00,AMZN,2020-05-06
"Charles Schwab Launches Fractional Shares, The Ability To Gift Stock",2020-05-05 15:35:00-04:00,AMZN,2020-05-05
"Today's Pickup: Idelic Integrates Samsara ELD, Camera Data Into Platform",2020-05-05 15:10:00-04:00,AMZN,2020-05-05
PreMarket Prep Stock Of The Day: Chegg Inc.,2020-05-05 14:14:00-04:00,AMZN,2020-05-05
"U.S. Immigration And Customs Working With 3M, Amazon, Pfizer & Others To Curtail Imports Of Counterfeit Masks, Coronavirus Tests, Other Gear",2020-05-05 12:34:00-04:00,AMZN,2020-05-05
"Retail Sector Preview: Pandemic Pits E-Commerce Giant Amazon Against Big Box Stores, Mall Outlets",2020-05-05 10:07:00-04:00,AMZN,2020-05-05
"Disney, Beyond Meat And Video Game Makers All Set To Report As Firm Tone Continues",2020-05-05 09:49:00-04:00,AMZN,2020-05-05
YouTube Signs Gamer PewDiePie To Exclusive Streaming Deal,2020-05-04 21:50:00-04:00,AMZN,2020-05-05
YouTube Signs Gamer PewDiePie to Live Streaming Deal,2020-05-04 14:55:00-04:00,AMZN,2020-05-04
Amazon Plans To Extend Closure Of French Warehouses Until May 8,2020-05-04 13:31:00-04:00,AMZN,2020-05-04
"GM, Disney In Focus Along With Friday's Payrolls Data As Stocks Appear Shaky To Start New Week",2020-05-04 09:55:00-04:00,AMZN,2020-05-04
"4 Sector ETFs For May: 2 To Buy, 2 To Avoid",2020-05-04 08:22:00-04:00,AMZN,2020-05-04
98 Biggest Movers From Friday,2020-05-04 05:08:00-04:00,AMZN,2020-05-04
"Benzinga's Bulls And Bears Of The Week: Ford, Gilead, Microsoft, Intel And More",2020-05-03 08:18:00-04:00,AMZN,2020-05-03
How Amazon Web Services Stacked Up Against Microsoft's Azure,2020-05-02 09:15:00-04:00,AMZN,2020-05-02
"Warren Buffett Says There's No Bubble In FANG Stocks, But He's Still Not Buying",2020-05-02 09:00:00-04:00,AMZN,2020-05-02
"Amazon, Exxon Mobil Earnings Weigh On Market To Start New Month As Caution Steers The Wheel",2020-05-01 17:12:00-04:00,AMZN,2020-05-04
Mid-Afternoon Market Update: Dow Tumbles Over 600 Points; International Money Express Shares Climb,2020-05-01 14:31:00-04:00,AMZN,2020-05-01
"Today's Pickup: Amazon, Walmart, Instacart Workers To Hold May Day Walkout",2020-05-01 12:57:00-04:00,AMZN,2020-05-01
"SunTrust Robinson Humphrey Maintains Buy on Amazon.com, Lowers Price Target to $2700",2020-05-01 12:56:00-04:00,AMZN,2020-05-01
58 Stocks Moving In Friday's Mid-Day Session,2020-05-01 12:39:00-04:00,AMZN,2020-05-01
Mid-Day Market Update: Hub Group Slides On Downbeat Q1 Results; Medigus Share Jump,2020-05-01 12:23:00-04:00,AMZN,2020-05-01
Amazon Analysts React To Q1 Earnings: Stock Sell-Off Is Short-Sighted,2020-05-01 11:55:00-04:00,AMZN,2020-05-01
"JMP Securities Maintains Market Outperform on Amazon.com, Raises Price Target to $2850",2020-05-01 11:51:00-04:00,AMZN,2020-05-01
"UPDATE: Raymond James Maintains Outperform On Amazon, Raises Target To $2,525 As Firm Cites 4 Reasons:",2020-05-01 11:01:00-04:00,AMZN,2020-05-01
"Canaccord Genuity Maintains Buy on Amazon.com, Raises Price Target to $2750",2020-05-01 10:51:00-04:00,AMZN,2020-05-01
"Guggenheim Maintains Buy on Amazon.com, Raises Price Target to $2700",2020-05-01 10:48:00-04:00,AMZN,2020-05-01
"UPDATE: Morgan Stanley On Amazon Notes 'Moreover, efficiency/scale gains are driving EBIT too, which AMZN is wisely investing in safety, a next competitive edge. PT to $2,600, Bull case $3,200. Remains top pick'",2020-05-01 10:48:00-04:00,AMZN,2020-05-01
"UPDATE: Morgan Stanley Maintains Overweight On Amazon, Raises Target To $2,600 Notes 'Accelerating growth and consumer demand still outpacing AMZN's network capacity speak to the structural share gains afoot'",2020-05-01 10:48:00-04:00,AMZN,2020-05-01
"Benchmark Maintains Buy on Amazon.com, Raises Price Target to $2650",2020-05-01 10:44:00-04:00,AMZN,2020-05-01
"BMO Capital Maintains Outperform on Amazon.com, Raises Price Target to $2850",2020-05-01 10:42:00-04:00,AMZN,2020-05-01
"UPDATE: Judiciary Panel Says Will Investigate Related To Amazon 'Possibly Criminally False, Perjurious' Statements By Co. About Business Practices",2020-05-01 10:37:00-04:00,AMZN,2020-05-01
Morning Market Stats in 5 Minutes,2020-05-01 10:37:00-04:00,AMZN,2020-05-01
UPDATE: House Judiciary Panel Wants To Know About Amazon's Private-Label Practices,2020-05-01 10:34:00-04:00,AMZN,2020-05-01
Amazon Shares Largely Unaffected As House Judiciary Committee Has Called On Jeff Bezos To Testify After Co. Reportedly Mislead Congress,2020-05-01 10:33:00-04:00,AMZN,2020-05-01
Mid-Morning Market Update: Markets Open Lower; Amazon Posts Mixed Q1 Results,2020-05-01 10:21:00-04:00,AMZN,2020-05-01
"Disappointment From Amazon, Apple Weighs On Market As Investors Also Consider Energy Earnings",2020-05-01 09:56:00-04:00,AMZN,2020-05-01
US Billionaires Add $406B To Collective Wealth While More Than 30M People Lose Jobs During Pandemic,2020-05-01 09:28:00-04:00,AMZN,2020-05-01
"UBS Maintains Buy on Amazon.com, Raises Price Target to $3000",2020-05-01 09:10:00-04:00,AMZN,2020-05-01
"MKM Partners Maintains Buy on Amazon.com, Raises Price Target to $2525",2020-05-01 09:03:00-04:00,AMZN,2020-05-01
10 Biggest Price Target Changes For Friday,2020-05-01 08:17:00-04:00,AMZN,2020-05-01
"B of A Securities Reiterates Buy on Amazon.com, Raises Price Target to $2600",2020-05-01 08:09:00-04:00,AMZN,2020-05-01
"Credit Suisse Maintains Outperform on Amazon.com, Lowers Price Target to $2760",2020-05-01 08:07:00-04:00,AMZN,2020-05-01
"Cramer Weighs In On Cracker Barrel, UPS And More",2020-05-01 08:01:00-04:00,AMZN,2020-05-01
"Susquehanna Maintains Positive on Amazon.com, Raises Price Target to $3000",2020-05-01 07:51:00-04:00,AMZN,2020-05-01
"Raymond James Maintains Outperform on Amazon.com, Raises Price Target to $2525",2020-05-01 07:39:00-04:00,AMZN,2020-05-01
"Morgan Stanley Maintains Overweight on Amazon.com, Raises Price Target to $2600",2020-05-01 07:28:00-04:00,AMZN,2020-05-01
Amazon shares are trading lower after the company reported worse-than-expected Q1 EPS results. The company also expects to spend $4 billion on COVID-related expenses.,2020-05-01 07:16:00-04:00,AMZN,2020-05-01
32 Stocks Moving in Friday's Pre-Market Session,2020-05-01 07:15:00-04:00,AMZN,2020-05-01
"Pivotal Research Maintains Buy on Amazon.com, Raises Price Target to $2700",2020-05-01 06:55:00-04:00,AMZN,2020-05-01
"Mizuho Maintains Buy on Amazon.com, Raises Price Target to $2550",2020-05-01 06:53:00-04:00,AMZN,2020-05-01
"RBC Capital Maintains Outperform on Amazon.com, Raises Price Target to $2700",2020-05-01 06:51:00-04:00,AMZN,2020-05-01
"KeyBanc Maintains Overweight on Amazon.com, Raises Price Target to $2700",2020-05-01 06:06:00-04:00,AMZN,2020-05-01
A Peek Into The Markets: US Stock Futures Point To A Lower Open,2020-05-01 05:55:00-04:00,AMZN,2020-05-01
"8 Stocks To Watch For May 1, 2020",2020-05-01 04:59:00-04:00,AMZN,2020-05-01
"Apple Has 'Better Days Ahead,' Analysts Say After Q1 Earnings Beat",2020-05-01 01:09:00-04:00,AMZN,2020-05-01
"Fortnite World Cup 2020 Canceled, Hopes For Return Next Year",2020-04-30 17:55:00-04:00,AMZN,2020-05-01
"Amazon Says Seeing More Use Of Prime Video Benefits, Says Video Rentals Have Been Up",2020-04-30 17:50:00-04:00,AMZN,2020-05-01
Amazon Says Increased Grocery Delivery Capacity By More Than 60%,2020-04-30 17:43:00-04:00,AMZN,2020-05-01
"Amazon Says Has Seen Lower Demand For Discretionary Products Such As Apparel, Shoes And Wireless Products",2020-04-30 17:41:00-04:00,AMZN,2020-05-01
12 Stocks Moving In Thursday's After-Hours Session,2020-04-30 17:05:00-04:00,AMZN,2020-05-01
From Amazon Earnings Conference Call: Saw Big Increase In Grocery Sales In Mar.,2020-04-30 16:48:00-04:00,AMZN,2020-05-01
"From Amazon Earnings Conference Call: Large Portion Of $4B Will Be Spent On Impact To Productivity Of Social Distancing Practices In Warehouses, Increased Wages, Overtime For Workers",2020-04-30 16:47:00-04:00,AMZN,2020-05-01
From Amazon Earnings Conference Call: Sees Investing $1B In Coronavirus-Testing Capability In 2020,2020-04-30 16:46:00-04:00,AMZN,2020-05-01
3 Analyst Takes On eBay After 'Big Improvement' In Q1,2020-04-30 16:18:00-04:00,AMZN,2020-05-01
"Amazon Reports Mixed Q1 Earnings, Plans To Spend $4B On Coronavirus-Related Expenses",2020-04-30 16:13:00-04:00,AMZN,2020-05-01
"'If you're a shareowner of Amazon, you may want to take a seat,"" Jeff Bezos says in earnings release. We expect to spend $4 billion on COVID-related expenses.""' -Tweet From Bloomberg's Jon Erlichman",2020-04-30 16:10:00-04:00,AMZN,2020-05-01
"After Hours Stocks We're Watching: AMZN, WDC, AMGN, GILD, V, SKY, LOCO",2020-04-30 16:07:00-04:00,AMZN,2020-05-01
Amazon shares are trading lower after the company reported worse-than-expected Q1 EPS results.,2020-04-30 16:03:00-04:00,AMZN,2020-05-01
Amazon Sees Q2 Sales $75B-$81B,2020-04-30 16:02:00-04:00,AMZN,2020-05-01
"Amazon.com Q1 EPS $5.010 Misses $6.250 Estimate, Sales $75.500B Beat $73.610B Estimate",2020-04-30 16:01:00-04:00,AMZN,2020-05-01
"Blue Origin, SpaceX Land NASA Deal",2020-04-30 14:40:00-04:00,AMZN,2020-04-30
'Jeff Bezos and Elon Musk win contracts for spacecraft to land NASA astronauts on the moon',2020-04-30 13:04:00-04:00,AMZN,2020-04-30
"Amazon shares are trading higher, potentially in anticipation of the company's Q1 earnings report after the close today. The coronavirus outbreak has been seen as a potential positive catalyst for online retailers due to physical store closings globally.",2020-04-30 12:24:00-04:00,AMZN,2020-04-30
FaZe Clan's Ewok Partners With HyperX As Brand Ambassador,2020-04-30 10:53:00-04:00,AMZN,2020-04-30
Morning Market Stats in 5 Minutes,2020-04-30 10:42:00-04:00,AMZN,2020-04-30
"Apple And Amazon Up To Bat this Afternoon As Investors Ponder Microsoft, Facebook Results",2020-04-30 09:54:00-04:00,AMZN,2020-04-30
"Express Shares Rebound From Session Low, Spike ~25% Following Circulation Of TheDeal.com Chatter Amazon Could Be Interested In Co.",2020-04-30 09:37:00-04:00,AMZN,2020-04-30
"Citigroup Maintains Buy on Amazon.com, Raises Price Target to $2700",2020-04-30 09:31:00-04:00,AMZN,2020-04-30
3 ETFs To Buy For Amazon's Earnings,2020-04-30 08:20:00-04:00,AMZN,2020-04-30
A Peek Into The Markets: US Stock Futures Edge Higher Ahead Of Apple Earnings,2020-04-30 06:01:00-04:00,AMZN,2020-04-30
"10 Stocks To Watch For April 30, 2020",2020-04-30 04:59:00-04:00,AMZN,2020-04-30
"Earnings Scheduled For April 30, 2020",2020-04-30 04:16:00-04:00,AMZN,2020-04-30
Twitch's New Esports Directory Will Highlight Live Tournaments,2020-04-29 16:56:00-04:00,AMZN,2020-04-30
"Overwatch Champion Sinatraa Retires From League, Joins Sentinels VALORANT Roster",2020-04-29 15:37:00-04:00,AMZN,2020-04-29
Amazon Responds To 'Wrongful Inclusion' On Notorious Markets List,2020-04-29 15:17:00-04:00,AMZN,2020-04-29
Today Pickup: Canadian Freight Recovers Off Lows,2020-04-29 14:05:00-04:00,AMZN,2020-04-29
PreMarket Prep Stock Of The Day: Blue Apron,2020-04-29 12:45:00-04:00,AMZN,2020-04-29
"Locked Down, Demand Up: Amazon Shines As Virus Economy Plays To Its Strengths",2020-04-29 11:32:00-04:00,AMZN,2020-04-29
"US Places 5 Amazon Foreign Web Sites On List Of Platforms Blamed For Facilitating Piracy, Action Being Sought By US Apparel, Footwear Trade Group",2020-04-29 11:01:00-04:00,AMZN,2020-04-29
Ford Terminates Electric Vehicle Program With Rivian,2020-04-29 10:45:00-04:00,AMZN,2020-04-29
"Alphabet, Boeing Shares Get A Lift Following Earnings, While GE Falls Short",2020-04-29 10:01:00-04:00,AMZN,2020-04-29
"Amazon, NFL Report Renewal Of Exclusive Multi-Year Partnership To Delivery Live Digital Stream Of Thursday Night Football, Will Stream 11 Thursday Night Football Games By FOX",2020-04-29 09:04:00-04:00,AMZN,2020-04-29
AT&T Is Hoping HBO Max Will Turn The Tide,2020-04-29 06:47:00-04:00,AMZN,2020-04-29
Amazon Bought Cameras to Take Temperatures of Workers from U.S. Blacklisted  China's Zhejiang Dahua Technology Co,2020-04-29 06:13:00-04:00,AMZN,2020-04-29
Three High-Quality Companies To Bet On In A Post-Coronavirus World,2020-04-29 06:10:00-04:00,AMZN,2020-04-29
Poland Plans to Introduce a 1.5% Surcharge on the Revenue of Video-on-demand Platforms Such as Netflix,2020-04-29 05:19:00-04:00,AMZN,2020-04-29
Zoom Uses Oracle's Cloud Computing Services To Handle Demand Surge During Pandemic,2020-04-29 04:01:00-04:00,AMZN,2020-04-29
"Netflix Working On 'Social Distance,' A New Show From The Maker Of 'Orange Is The New Black'",2020-04-29 00:07:00-04:00,AMZN,2020-04-29
UPS Faces Mix/Margin Challenges As COVID-19 Skews Shipping Choices,2020-04-28 17:17:00-04:00,AMZN,2020-04-29
A Coronavirus Department Store Pair Trade Idea To Mitigate Risk,2020-04-28 17:15:00-04:00,AMZN,2020-04-29
Oscar Organizers To Allow Films Released On Streaming Platforms To Be Eligible For 2021 Academic Awards,2020-04-28 16:51:00-04:00,AMZN,2020-04-29
"Amazon, Walmart Shares Unaffected Following Earlier Article From The Intercept 'As Amazon, Walmart, Others Profit Amid Coronavirus Crisis, Their Essential Workers Plan Unprecedented Strike'",2020-04-28 14:43:00-04:00,AMZN,2020-04-28
"Amazon shares are trading lower. Weakness potentially related to selloff following recent momentum, reopening of physical stores in some US states and potential US anti-competition investigation into co.",2020-04-28 13:09:00-04:00,AMZN,2020-04-28
"UPDATE: Feinseth Also Notes Anticompetition Concerns With Allegations Of Co. Potentially Using Sales Data To Create Preferred Pricing, Mentions News Of Judiciary Committee Calling For Investigation Into Co.",2020-04-28 12:39:00-04:00,AMZN,2020-04-28
UPDATE: Feinseth Tells Benzinga 'There are also concerns that the results may not be strong enough and could be risk to guidance that could cause a selloff when the company reports its results after the close on Thursday',2020-04-28 12:39:00-04:00,AMZN,2020-04-28
Tigress Financial Analyst Ivan Feinseth On Amazon Weakness Notes 'The stock has had an incredible run making new all-time highs in a difficult market' as Co. 'has benefited from being the place to go to during the shelter in place lockdown',2020-04-28 12:39:00-04:00,AMZN,2020-04-28
Blue Chip Stocks Resisting COVID-19,2020-04-28 11:13:00-04:00,AMZN,2020-04-28
"Earnings Feast: Bring a Plate With Healthcare and Caterpillar in Morning, GOOGL And AMD Later",2020-04-28 10:06:00-04:00,AMZN,2020-04-28
Amazon Introduces One-Year Free Subscription For Its Food Network Kitchen App,2020-04-28 09:55:00-04:00,AMZN,2020-04-28
"Amazon May Have Violated Labor And Whistleblower Laws, New York Preliminary Investigation Says",2020-04-28 07:31:00-04:00,AMZN,2020-04-28
Seeing Reports Of Sheeting Investigation Outside Amazon Fulfillment Center,2020-04-28 06:29:00-04:00,AMZN,2020-04-28
Senator Josh Hawley Is Requesting the DOJ Open a Criminal Antitrust Investigation Into Amazon,2020-04-28 06:13:00-04:00,AMZN,2020-04-28
New York AG Raises Concerns about Amazon's Pandemic Safety Practices,2020-04-28 05:24:00-04:00,AMZN,2020-04-28
"'Fast Money' Traders Share Their Thoughts On Alibaba, Peloton And More",2020-04-27 18:29:00-04:00,AMZN,2020-04-28
3 Sector ETFs For This Week's Earnings Parade,2020-04-27 16:05:00-04:00,AMZN,2020-04-28
Amazon Statement Shows Co. Extends Closure Of French Warehouses Til May 5,2020-04-27 14:34:00-04:00,AMZN,2020-04-27
Will COVID-19 Accelerate The Adoption Of Autonomous Vehicles?,2020-04-27 13:38:00-04:00,AMZN,2020-04-27
"SunTrust Robinson Humphrey Maintains Buy on Amazon.com, Raises Price Target to $2770",2020-04-27 11:06:00-04:00,AMZN,2020-04-27
"Apple And Amazon Earnings, Fed Meeting Among Highlights In Busy Week Ahead",2020-04-27 09:44:00-04:00,AMZN,2020-04-27
"Facebook, Snap Analyst Projects Q2 Revenue Upside For Social Media Stocks",2020-06-10 15:25:00-04:00,GOOGL,2020-06-10
"Twitter, Square Will Mark Juneteenth As Holiday To Honor African-American Culture",2020-06-10 00:28:00-04:00,GOOGL,2020-06-10
"Google Maps To Offer Relevant Local COVID-19 Information For Public Transport, Driving And Testing Centers",2020-06-09 03:51:00-04:00,GOOGL,2020-06-09
"Starting This Week, Testing Center Alerts Will Be Available On Google Maps In U.S.; New Google Maps Features Alert You Of Important COVID-19 Information And Help User Avoid Crowds On Public Transit",2020-06-08 11:25:00-04:00,GOOGL,2020-06-08
'A New Business Cycle': Stock Market Update For The Week Ahead,2020-06-07 14:29:00-04:00,GOOGL,2020-06-07
CNBC Publishes Article Titled: States are Leaning Toward a Push to Break Up Google's Ad Tech Business,2020-06-05 13:28:00-04:00,GOOGL,2020-06-05
Congress Is Stepping Up Its Efforts To Kill Payday Loans,2020-06-05 12:53:00-04:00,GOOGL,2020-06-05
Twitter Takes Down Trump Campaign's Video Tribute To George Floyd For Violating Copyright,2020-06-05 05:06:00-04:00,GOOGL,2020-06-05
UPDATE: Chinese Government-Linked Hackers Recently Attempted To Break Into Presidential Candidate Joe Biden,2020-06-04 13:08:00-04:00,GOOGL,2020-06-04
Iranian Government-Linked Hackers Recently Attempted To break Into U.S. President Trump's Campaign Staff Email Accounts,2020-06-04 13:07:00-04:00,GOOGL,2020-06-04
'Zoom in Talks With Google to Use Cybersecurity Service' -Earlier Report From The Information,2020-06-04 13:05:00-04:00,GOOGL,2020-06-04
SoftBank Will Start $100M Fund To Help Minorities Of Color In US,2020-06-04 07:07:00-04:00,GOOGL,2020-06-04
Twitter CEO Jack Dorsey To Donate $3M For Advancement Of Black And Brown Communities,2020-06-04 05:29:00-04:00,GOOGL,2020-06-04
DocuSign Rival Startup Gets $5M Seed Funding From Google,2020-06-04 03:04:00-04:00,GOOGL,2020-06-04
Fitbit Introduces Fitbit Flow Emergency Ventilator; Says Has Been Granted FDA Emergency Use Authorization,2020-06-03 16:06:00-04:00,GOOGL,2020-06-04
Google Takes Down 'Remove China Apps' With 5M Downloads,2020-06-03 09:02:00-04:00,GOOGL,2020-06-03
"Warner Music Set To Go Public Today, In Anticipated Largest US IPO Of The Year",2020-06-03 06:09:00-04:00,GOOGL,2020-06-03
Twitter To Appoint Former Google CFO As Chairperson After Investor Push,2020-06-03 05:57:00-04:00,GOOGL,2020-06-03
"Facebook, PayPal Join Google As Investors In Indonesian Tech Giant GoJek",2020-06-03 05:16:00-04:00,GOOGL,2020-06-03
Peloton Makes Its Fitness App Available On Apple TV After Pandemic Demand Surge,2020-06-03 04:57:00-04:00,GOOGL,2020-06-03
California Class Action Seeks More Than $5B In Damages From Google For Allegedly Tracking Data In Incognito Mode,2020-06-03 00:26:00-04:00,GOOGL,2020-06-03
MoneyGram Shares Jump 50% As Western Union Reportedly Looks For Acquisition,2020-06-02 07:44:00-04:00,GOOGL,2020-06-02
The First Week of June Is All About the May's Jobs Report,2020-06-01 11:04:00-04:00,GOOGL,2020-06-01
The 'Real' S&P 500 And Why The Current Rally Makes Sense,2020-06-01 07:04:00-04:00,GOOGL,2020-06-01
"UK Supply Chain Startup Beacon Raises $15M From Amazon CEO, Others",2020-06-01 04:21:00-04:00,GOOGL,2020-06-01
'DOJ has interviewed multiple Google competitors as it weighs bringing an antitrust case against $GOOGL. The focus of the case is unclear but requests for information have touched on Google's search function and ad tech...' -Tweet From FOX's Gasparino,2020-05-29 12:49:00-04:00,GOOGL,2020-05-29
"Fitbit Shares Fall To Session Low As Hearing MLEX Reporting Google's Offer Is Under Probe By Texas Attorney General, Other States",2020-05-29 10:47:00-04:00,GOOGL,2020-05-29
'Google Rescinds Offers to Thousands of Contract Workers' -NY Times,2020-05-29 08:08:00-04:00,GOOGL,2020-05-29
Trump Signs Executive Order To End Social Media Legal Immunity For Third-Party Content,2020-05-29 01:08:00-04:00,GOOGL,2020-05-29
"Trump Says Will Host Press Event In ~20 Mins, Would Indicate Around 3:40 p.m. EDT",2020-05-28 15:18:00-04:00,GOOGL,2020-05-28
"'Executive order on social media should be issued by 5pm today, says @PressSec.' -Tweet From Voice Of America's Steve Herman",2020-05-28 14:24:00-04:00,GOOGL,2020-05-28
'Google explores 5% stake in Vodafone Idea' -LightReading Report,2020-05-28 13:34:00-04:00,GOOGL,2020-05-28
Trump's Executive Order To Expose Social Media To Lawsuits Over Content Policies,2020-05-28 10:45:00-04:00,GOOGL,2020-05-28
'This will be a Big Day for Social Media and FAIRNESS!' -Trump Tweet,2020-05-28 08:38:00-04:00,GOOGL,2020-05-28
"Tech Companies Aren't 'State Actors,' Judge Dismisses Conservative Bias Lawsuit Against Facebook, Twitter, Google, Apple",2020-05-28 08:14:00-04:00,GOOGL,2020-05-28
'Google Explores Vodafone Idea Stake as Part of India Push' -FT Article,2020-05-28 06:40:00-04:00,GOOGL,2020-05-28
Arizona Alleges Consumer Fraud In Lawsuit Against Google,2020-05-28 04:36:00-04:00,GOOGL,2020-05-28
"Amazon Is Serious About Self-Driving Technology, Eyeing Multi-Billion Dollar Acquisition",2020-05-27 17:14:00-04:00,GOOGL,2020-05-28
Google Faces Antitrust Case in India Over Payments App,2020-05-27 06:40:00-04:00,GOOGL,2020-05-27
YouTube Makes Its Dedicated Children App Available On Apple TV,2020-05-27 06:30:00-04:00,GOOGL,2020-05-27
Amazon Looks To Double-Down On Self-Driving Tech With Zoox Acquisition: WSJ,2020-05-27 02:23:00-04:00,GOOGL,2020-05-27
"Google CEO Says Beginning July 6, Assuming External Conditions Allow, We'll Start To Open More Buildings In More Cities; Says In Sep. Timeframe, Assuming Conditions Allow, Will Further Scale Rotation Program, Building Over Time To 30% Building Capacity",2020-05-26 16:35:00-04:00,GOOGL,2020-05-27
Senseonics Launches New Remote Monitoring App for Android Users in US,2020-05-26 16:17:00-04:00,GOOGL,2020-05-27
'Google will stop building custom AI for Big Oil and Gas' -Electrek Report,2020-05-22 11:32:00-04:00,GOOGL,2020-05-22
'Naspers and Axel Springer in Bid for eBay Classifieds Unit' -Bloomberg,2020-05-22 11:00:00-04:00,GOOGL,2020-05-22
Medtronic Guardian™ Connect Continuous Glucose Monitoring (CGM) System for Diabetes Now Compatible with Android Devices,2020-05-22 09:01:00-04:00,GOOGL,2020-05-22
Mastercard Employees Can Work From Home Until Pandemic Is Under Control,2020-05-21 05:54:00-04:00,GOOGL,2020-05-21
Apple's Face ID Will Allow Mask Wearing Users To Unlock Their Phones Quickly,2020-05-21 00:55:00-04:00,GOOGL,2020-05-21
Google Lands Cloud Deal With Defense Department,2020-05-20 09:58:00-04:00,GOOGL,2020-05-20
Dell Technologies Cloud And Google Cloud Launch Hybrid Storage Solution,2020-05-20 08:13:00-04:00,GOOGL,2020-05-20
Global Music Revenue Set To Double By 2030 Despite Pandemic Impact: Goldman Sachs Report,2020-05-20 07:06:00-04:00,GOOGL,2020-05-20
Google Drops Future AI Oil Extraction Projects,2020-05-20 05:27:00-04:00,GOOGL,2020-05-20
Spotify Scoops Up Joe Rogan And His Hugely Popular Podcast,2020-05-19 16:09:00-04:00,GOOGL,2020-05-20
"Walmart Earnings Look Strong Across the Board, But Home Depot Down After Missing on EPS",2020-05-19 10:08:00-04:00,GOOGL,2020-05-19
"Here's How Much Investing $1,000 In The 2015 Fitbit IPO Would Be Worth Today",2020-05-18 13:45:00-04:00,GOOGL,2020-05-18
"Ubisoft Sues Apple, Google Over Alibaba's Rainbow Six ""Ripoff""",2020-05-16 17:12:00-04:00,GOOGL,2020-05-18
"Q1 13F Roundup: How Buffett, Einhorn, Ackman And Others Adjusted Their Portfolios",2020-05-16 10:15:00-04:00,GOOGL,2020-05-16
"'Justice Department, State Attorneys General Likely to Bring Antitrust Lawsuits Against Google' -WSJ, Citing People Familiar With Matter",2020-05-15 16:29:00-04:00,GOOGL,2020-05-18
13F From Appaloosa Shows Cut Stake In Alphabet From 440K To 361K Shares,2020-05-15 16:11:00-04:00,GOOGL,2020-05-18
"Soros 13F Shows Cut Alphabet Stake From 65,750 To 32,875",2020-05-15 16:07:00-04:00,GOOGL,2020-05-18
"Hedge Fund Duquesne 13F Shows Increased Stakes In Facebook, Alibaba, Netflix, Amazon, Google, Alnylman",2020-05-15 14:43:00-04:00,GOOGL,2020-05-15
"Tiger Global Raises Stake in Alibaba to 4.5M Shares, Lower Stake in Alphabet to 30.5K Share",2020-05-15 13:20:00-04:00,GOOGL,2020-05-15
2 Google Pixel Lead Members Including 'Camera Mastermind' Quit Ahead Of 4A Model Launch,2020-05-14 04:44:00-04:00,GOOGL,2020-05-14
"Another Fundraise, As Self-Driving Startup Waymo's Investment Hits $3B In 2020",2020-05-13 17:57:00-04:00,GOOGL,2020-05-14
Apple Plans To Bring Employees Back To Office Even As Tech Peers Hold Off,2020-05-13 15:15:00-04:00,GOOGL,2020-05-13
"VMWare Announces Creation Of Next-Gen SOC Alliance With Splunk, IBM Security, Google Cloud's Chronicle, Exabeam And Sumo Logic",2020-05-13 08:02:00-04:00,GOOGL,2020-05-13
Twitter Will Allow Employees To Work From Home For As Long As They Want,2020-05-13 03:30:00-04:00,GOOGL,2020-05-13
"Google, On April 28, Said 'We're Adding Roughly 3 Million New Users Every Day For Google Meet'",2020-05-12 13:10:00-04:00,GOOGL,2020-05-12
"Zoom Shares Ticking Lower; Google Says Have Re-Engineered Google Meet, Originally Built For Secure Business Meetings, To Make It Free And Available To All",2020-05-12 13:05:00-04:00,GOOGL,2020-05-12
"Citigroup Maintains Buy on Alphabet, Raises Price Target to $1600",2020-05-12 12:12:00-04:00,GOOGL,2020-05-12
Not Just Fun And Games: How Esports Could Offer Potential Investment Opportunities,2020-05-12 06:43:00-04:00,GOOGL,2020-05-12
Amazon Releases AI-Based Enterprise Search Solution Kendra,2020-05-12 05:41:00-04:00,GOOGL,2020-05-12
"Twitter To Remove Coronavirus Misinformation, Including That Tweeted By Trump",2020-05-12 03:50:00-04:00,GOOGL,2020-05-12
"Benzinga Pro's Top 5 Stocks To Watch For Mon., May 11, 2020: SNE, CNK, MRNA, WORK, KMX",2020-05-11 07:57:00-04:00,GOOGL,2020-05-11
Former Google CEO Eric Schmidt Cut Last Ties With The Company: Report,2020-05-11 05:36:00-04:00,GOOGL,2020-05-11
Bored Of Reheated Pasta? Benzinga's Top Foods To Order Or Cook Has You Covered,2020-05-10 16:30:00-04:00,GOOGL,2020-05-11
'Alphabet CEO in internal memo: Offices reopening at 10% to 15% capacity starting in June' -CNBC,2020-05-08 15:17:00-04:00,GOOGL,2020-05-08
Zoom Video Shares  Fall To Session Low On Volume Spike As Hearing 'Google Duo will soon let you make group calls in Chrome',2020-05-08 14:15:00-04:00,GOOGL,2020-05-08
Hearing Majority Of Alphabet Staff To Work From Home Til 2021,2020-05-08 11:59:00-04:00,GOOGL,2020-05-08
"Along With Dramatic Jobs Data, Investors Scrutinize Recent Earnings From Uber, Square",2020-05-08 10:23:00-04:00,GOOGL,2020-05-08
Google Employees To Work From Home Through 2020 With Few Exceptions,2020-05-08 07:20:00-04:00,GOOGL,2020-05-08
"UPDATE: Lime Says Alphabet, Bain Capital Will Also Be In Investment Round With Uber",2020-05-07 08:53:00-04:00,GOOGL,2020-05-07
ViacomCBS And Google Announce Expanded Distribution Agreement,2020-05-07 07:44:00-04:00,GOOGL,2020-05-07
"ViacomCBS, Google Report Expanded Distribution Deal: 'Introduces 14 Additional ViacomCBS Cable Networks to YouTube TV, Including BET, Comedy Central, MTV and Nickelodeon'",2020-05-07 07:22:00-04:00,GOOGL,2020-05-07
A Recap Of Social Media Earnings,2020-05-06 10:19:00-04:00,GOOGL,2020-05-06
11 Reasons Billionaire Investor Leon Cooperman Is Worried About Long-Term Impacts Of COVID-19,2020-05-06 09:01:00-04:00,GOOGL,2020-05-06
Business Insider Reports Google-Fitbit Deal Under 'Intense Scrutiny',2020-05-05 15:50:00-04:00,GOOGL,2020-05-05
"Charles Schwab Launches Fractional Shares, The Ability To Gift Stock",2020-05-05 15:35:00-04:00,GOOGL,2020-05-05
'A new edition of the P30 could let Huawei offer Google apps again' -SCMP,2020-05-05 12:05:00-04:00,GOOGL,2020-05-05
"Google Cloud, Splunk Report Strategic Partnership to Help Organizations Drive Insights From Data; Splunk Cloud Will Soon Be Available On Google Cloud",2020-05-05 09:01:00-04:00,GOOGL,2020-05-05
3 ETFs For Disney Earnings,2020-05-05 08:18:00-04:00,GOOGL,2020-05-05
Apple And Google Say No To Location Tracking In Coronavirus Contact Tracing Apps,2020-05-04 22:30:00-04:00,GOOGL,2020-05-05
YouTube Signs Gamer PewDiePie To Exclusive Streaming Deal,2020-05-04 21:50:00-04:00,GOOGL,2020-05-05
YouTube Signs Gamer PewDiePie to Live Streaming Deal,2020-05-04 14:55:00-04:00,GOOGL,2020-05-04
'Google Engineers Flirted With a Zoom Acquisition—Before a Push to Beat It' -UK's The Information,2020-05-04 10:04:00-04:00,GOOGL,2020-05-04
Here's What Warren Buffett Thinks About Tesla And Elon Musk,2020-05-02 15:55:00-04:00,GOOGL,2020-05-02
"Warren Buffett Says There's No Bubble In FANG Stocks, But He's Still Not Buying",2020-05-02 09:00:00-04:00,GOOGL,2020-05-02
"Amazon, Exxon Mobil Earnings Weigh On Market To Start New Month As Caution Steers The Wheel",2020-05-01 17:12:00-04:00,GOOGL,2020-05-04
"Zoom Corrects Blog Saying It Had 300M Daily Active Users, Admits It Was Wrong",2020-05-01 05:27:00-04:00,GOOGL,2020-05-01
Apple CEO Tim Cook: Apple To Work With Google To Improve COVID-19 Contact Tracing,2020-04-30 17:08:00-04:00,GOOGL,2020-05-01
Thursday's Market Minute: Stocks Rally As GDP Plummets,2020-04-30 09:33:00-04:00,GOOGL,2020-04-30
108 Biggest Movers From Yesterday,2020-04-30 05:30:00-04:00,GOOGL,2020-04-30
Analysts Applaud Alphabet Earnings: 'An Incredible Advertising Business',2020-04-29 12:56:00-04:00,GOOGL,2020-04-29
82 Stocks Moving In Wednesday's Mid-Day Session,2020-04-29 12:50:00-04:00,GOOGL,2020-04-29
"SunTrust Robinson Humphrey Maintains Buy on Alphabet, Raises Price Target to $1550",2020-04-29 12:28:00-04:00,GOOGL,2020-04-29
"B of A Securities Maintains Buy on Alphabet, Raises Price Target to $1420",2020-04-29 12:22:00-04:00,GOOGL,2020-04-29
"UPDATE: Mizuho On Alphabet Notes 'Despite the slowdown, we are encouraged by strong underlying usage of YouTube and its continued path to gain share against TV advertising, affirming our LT thesis'",2020-04-29 12:04:00-04:00,GOOGL,2020-04-29
"UPDATE: Mizuho Maintains Buy On Alphabet, Raises Target To $1560 Notes 'Although advertising business came under pressure in March and April, trends were modestly better than expectations'",2020-04-29 12:03:00-04:00,GOOGL,2020-04-29
"Mizuho Maintains Buy on Alphabet, Raises Price Target to $1560",2020-04-29 11:58:00-04:00,GOOGL,2020-04-29
UPDATE: Morgan Stanley On Alphabet Notes 'But EBIT still falls (higher deleverage) which shows how outperformance from here likely to require a confirmed turn in ad trends',2020-04-29 11:25:00-04:00,GOOGL,2020-04-29
"UPDATE: Morgan Stanley Maintains Overweight On Alphabet, Raises Target To $1,400 Notes 'Ad declines are likely to be somewhat less severe than expected and GOOGL is focused on efficiency/innovation to emerge stronger post downturn'",2020-04-29 11:25:00-04:00,GOOGL,2020-04-29
UPDATE: Nomura On Alphabet Notes 'and management noted the first two months of the quarter were strong followed by a significant slowdown in advertising revenue in March (consistent with SNAP's commentary last week',2020-04-29 11:16:00-04:00,GOOGL,2020-04-29
"UPDATE: Nomura Maintains Buy On Alphabet, Raises Tgt To $1,700 Notes Co. 'reported relatively solid results led by an acceleration at YouTube and continued Cloud momentum. Total advertising revenue growth slowed to +10% YoY, but was better than expected'",2020-04-29 11:16:00-04:00,GOOGL,2020-04-29
Morning Market Stats in 5 Minutes,2020-04-29 11:09:00-04:00,GOOGL,2020-04-29
"UPDATE: JP Morgan Maintains Overweight On Alphabet, Raises Target To $1,505 Notes '2QTD Sigh of Relief, w/Slight Early Search Uptick;More Importantly, GOOGL Should Come Out Stronger'",2020-04-29 11:08:00-04:00,GOOGL,2020-04-29
"Barclays Maintains Overweight on Alphabet, Raises Price Target to $1400",2020-04-29 10:56:00-04:00,GOOGL,2020-04-29
"BMO Capital Maintains Outperform on Alphabet, Raises Price Target to $1550",2020-04-29 10:48:00-04:00,GOOGL,2020-04-29
"Alphabet, Boeing Shares Get A Lift Following Earnings, While GE Falls Short",2020-04-29 10:01:00-04:00,GOOGL,2020-04-29
"Stifel Maintains Buy on Alphabet, Raises Price Target to $1400",2020-04-29 09:29:00-04:00,GOOGL,2020-04-29
"RBC Capital Maintains Outperform on Alphabet, Raises Price Target to $1500",2020-04-29 09:27:00-04:00,GOOGL,2020-04-29
10 Biggest Price Target Changes For Wednesday,2020-04-29 08:14:00-04:00,GOOGL,2020-04-29
"MKM Partners Reiterates Buy on Alphabet, Raises Price Target to $1500",2020-04-29 08:14:00-04:00,GOOGL,2020-04-29
Alphabet Shares Rise During Earnings Call As Q1 Advertising Revenue Better Than Expected,2020-04-29 08:11:00-04:00,GOOGL,2020-04-29
Loup Ventures' Munster On Alphabet's Q1: 'Hats Off To Them' For Ad Performance,2020-04-29 08:02:00-04:00,GOOGL,2020-04-29
"Morgan Stanley Maintains Overweight on Alphabet, Raises Price Target to $1400",2020-04-29 07:43:00-04:00,GOOGL,2020-04-29
11 Communication Services Stocks Moving In Wednesday's Pre-Market Session,2020-04-29 07:32:00-04:00,GOOGL,2020-04-29
Alphabet shares are trading higher after the company reported better-than-expected Q1 sales results. Several firms also maintained their bullish ratings on the company's stock following its Q1 earnings results.,2020-04-29 07:25:00-04:00,GOOGL,2020-04-29
35 Stocks Moving in Wednesday's Pre-Market Session,2020-04-29 07:21:00-04:00,GOOGL,2020-04-29
"Credit Suisse Maintains Outperform on Alphabet, Raises Price Target to $1600",2020-04-29 06:59:00-04:00,GOOGL,2020-04-29
"Nomura Instinet Maintains Buy on Alphabet, Raises Price Target to $1700",2020-04-29 06:54:00-04:00,GOOGL,2020-04-29
"JP Morgan Maintains Overweight on Alphabet, Raises Price Target to $1505",2020-04-29 06:46:00-04:00,GOOGL,2020-04-29
"A Peek Into The Markets: US Stock Futures Rise Ahead Of Earnings, Fed Decision",2020-04-29 06:11:00-04:00,GOOGL,2020-04-29
Apple Adds Coronavirus Testing Sites To Maps In US,2020-04-29 05:04:00-04:00,GOOGL,2020-04-29
YouTube Extends Fact Checking To The US To Combat Fake Coronavirus Information,2020-04-29 04:29:00-04:00,GOOGL,2020-04-29
"10 Stocks To Watch For April 29, 2020",2020-04-29 04:09:00-04:00,GOOGL,2020-04-29
Zoom Uses Oracle's Cloud Computing Services To Handle Demand Surge During Pandemic,2020-04-29 04:01:00-04:00,GOOGL,2020-04-29
23 Stocks Moving In Tuesday's After-Hours Session,2020-04-28 17:20:00-04:00,GOOGL,2020-04-29
Alphabet CEO Says 30% More Downloads From Feb To March On Play Store; Says Delayed Some Ad Launches As Impact Of Coronavirus Became Clear,2020-04-28 16:46:00-04:00,GOOGL,2020-04-29
Alphabet CFO Says No Change With Buyback Program,2020-04-28 16:35:00-04:00,GOOGL,2020-04-29
Alphabet Reports Q1 Sales Beat,2020-04-28 16:29:00-04:00,GOOGL,2020-04-29
Alphabet shares are trading higher after the company reported better-than-expected Q1 sales results.,2020-04-28 16:09:00-04:00,GOOGL,2020-04-29
"Alphabet Q1 EPS $9.870 May Not Compare To $10.330 Estimate, Sales $41.160B Beat $40.380B Estimate",2020-04-28 16:03:00-04:00,GOOGL,2020-04-29
"Stadia Announces PUBG Available To Play Today For Free, Will Be Cross Platform With Other Consoles",2020-04-28 13:05:00-04:00,GOOGL,2020-04-28
Electronic Arts Reports Partnership With Google To Bring Google's Stadio Platform To EA Games,2020-04-28 12:01:00-04:00,GOOGL,2020-04-28
Event Reminder: Google Stadia To Hold Stadia Connect Event At 12 p.m. EDT (Live Stream Link),2020-04-28 11:17:00-04:00,GOOGL,2020-04-28
"'In an internal memo, CEO Sundar Pichai says Google will 'stagger' a return to offices and tells employees they should expect to work from home until at least June 1' -Tweet From Business Insider Tech Reporter",2020-04-28 11:05:00-04:00,GOOGL,2020-04-28
Morning Market Stats in 5 Minutes,2020-04-28 10:32:00-04:00,GOOGL,2020-04-28
"Earnings Feast: Bring a Plate With Healthcare and Caterpillar in Morning, GOOGL And AMD Later",2020-04-28 10:06:00-04:00,GOOGL,2020-04-28
4 Geared ETFs for Alphabet Earnings,2020-04-28 09:27:00-04:00,GOOGL,2020-04-28
Tuesday's Market Minute: This Week's Big Market Test,2020-04-28 09:23:00-04:00,GOOGL,2020-04-28
"A Peek Into The Markets: US Stock Futures Up Ahead Of Earnings, Economic Reports",2020-04-28 05:48:00-04:00,GOOGL,2020-04-28
"Earnings Scheduled For April 28, 2020",2020-04-28 04:55:00-04:00,GOOGL,2020-04-28
"10 Stocks To Watch For April 28, 2020",2020-04-28 04:04:00-04:00,GOOGL,2020-04-28
"Google Says Google Pixel Buds Available Today, Priced At $179",2020-04-27 12:02:00-04:00,GOOGL,2020-04-27
"SpotlightNews Informs Communities, Extends Helping Hand To Small Publishers",2020-04-27 11:38:00-04:00,GOOGL,2020-04-27
'Google in talks to acquire D2iQ' -Axios,2020-04-27 10:06:00-04:00,GOOGL,2020-04-27
"Apple And Amazon Earnings, Fed Meeting Among Highlights In Busy Week Ahead",2020-04-27 09:44:00-04:00,GOOGL,2020-04-27
"Virtual Productivity: Google Cloud, YouTube in Focus As Alphabet Releases Q1 Earnings",2020-04-24 11:16:00-04:00,GOOGL,2020-04-24
Google Announces Further Hiring And Marketing Budget Cuts,2020-04-24 10:21:00-04:00,GOOGL,2020-04-24
Crude Oil Bounce Gives Energy Stock A Lift As Market Volatility Ebbs,2020-04-24 10:05:00-04:00,GOOGL,2020-04-24
"Google To Cut Marketing Budgets By As Much As Half, Directors Warned Of Hiring Freezes",2020-04-23 17:43:00-04:00,GOOGL,2020-04-24
Eli Lilly Kicks Off Earnings Day With A Beat And Investors Prepare For Intel After Close,2020-04-23 09:45:00-04:00,GOOGL,2020-04-23
'Increasing transparency through advertiser identity verification' -Google's Ads Blog,2020-04-23 09:19:00-04:00,GOOGL,2020-04-23
Zoom Unveils Version 5 With Updated Security Measures Following Backlash,2020-04-22 23:06:00-04:00,GOOGL,2020-04-23
Another Autonomous Trucking Startup Announces Layoffs,2020-04-22 19:22:00-04:00,GOOGL,2020-04-23
"Wedbush Maintains Outperform on Alphabet, Lowers Price Target to $1375",2020-04-22 11:11:00-04:00,GOOGL,2020-04-22
"Little Things Count: After Selloff To Start Week, A Bit of Light Arrives With Positive Earnings",2020-04-22 09:46:00-04:00,GOOGL,2020-04-22
Facebook Bowed Down To Vietnamese Censorship After Local Servers Brought Down: Reuters,2020-04-22 08:45:00-04:00,GOOGL,2020-04-22
"Shares of several social media and internet communication companies are trading higher, potentially in sympathy with Snap, which reported strong Q1 financial results and user engagement numbers.",2020-04-22 06:23:00-04:00,GOOGL,2020-04-22
A Peek Into The Markets: US Stock Futures Gain Ahead Of Earnings,2020-04-22 05:53:00-04:00,GOOGL,2020-04-22
YouTube Sued By Cryptocurrency Firm For Allegedly Allowing Giveaway Scams,2020-04-22 04:24:00-04:00,GOOGL,2020-04-22
Shares of several technology companies are trading lower amid overall market weakness following a collapse in oil prices. Oil has been negatively impacted by excess supply and low demand amid the coronavirus pandemic.,2020-04-21 10:52:00-04:00,GOOGL,2020-04-21
3 ETFs For Netflix Earnings,2020-04-21 08:52:00-04:00,GOOGL,2020-04-21
"Making Most Of Lockdowns, Facebook Gaming Launches Earlier Than Planned",2020-04-20 22:53:00-04:00,GOOGL,2020-04-21
Google To Roll Out 100K Wi-Fi Hotsports In CA In First Week Of May,2020-04-20 15:54:00-04:00,GOOGL,2020-04-20
"With Live Sports On Hold, Esports Continue Stepping Up To The Plate",2020-04-20 07:45:00-04:00,GOOGL,2020-04-20
"Mizuho Maintains Buy on Alphabet, Lowers Price Target to $1500",2020-04-17 11:27:00-04:00,GOOGL,2020-04-17
S&P 500 Futures Up 3.2% After Hours; Many Other Stocks Moving Higher With Futures; Investors Reacting Favorably To White Phase Guidelines On Reopening Economy,2020-04-16 18:11:00-04:00,GOOGL,2020-04-17
Why The Pandemic Could Prove Amazon Is The 'Greatest Thing That Ever Happened To The American Consumer',2020-04-16 14:24:00-04:00,GOOGL,2020-04-16
"'$GOOGL, $FB on Watch as Barry Diller Sees 80% Drop in Ad Spend' -Tweet",2020-04-16 08:28:00-04:00,GOOGL,2020-04-16
Robinhood Said To Be Raising $250M In New Funding,2020-04-16 03:05:00-04:00,GOOGL,2020-04-16
"Google Parent Company To 'Significantly' Limit New Hiring In 2020, CEO Pichai Says",2020-04-15 23:07:00-04:00,GOOGL,2020-04-16
Software Rises Above Semiconductors And Hardware As Tech Heads Into Earnings Season,2020-04-15 20:10:00-04:00,GOOGL,2020-04-16
Google CEO Tells Staff They Will Slow Hiring In 2020,2020-04-15 17:08:00-04:00,GOOGL,2020-04-16
"US Senator Blumenthal Says Apple, Google Have A 'Lot Of Work To Do' To Convince People Coronavirus Contact Tracing Will Not Violate Privacy",2020-04-15 15:14:00-04:00,GOOGL,2020-04-15
Every Member Of Trump's 'Great American Economic Revival' Industry Groups,2020-04-15 13:09:00-04:00,GOOGL,2020-04-15
Startup Zoox Acknowledges Some Employees Were In Possession Of Tesla Confidential Information,2020-04-15 07:27:00-04:00,GOOGL,2020-04-15
"Zoom Shares Fall Amid Headline Standard Chartered CEO Tells Staff Not To Use Zoom Or Google Hangouts For Video Communications, Cites Cybersecurity Risk",2020-04-14 14:30:00-04:00,GOOGL,2020-04-14
"Alphabet shares are trading higher as the tech sector gains on positive coronavirus outlook. Optimism surrounding the virus has led to hopes of an upcoming return to economic activity, which would benefit the sector.",2020-04-14 12:39:00-04:00,GOOGL,2020-04-14
Apple And Google Give Details On Their Joint Coronavirus Contact Tracing Tool,2020-04-14 08:03:00-04:00,GOOGL,2020-04-14
Leon Cooperman Doesn't See Big Upside Potential For The Market Right Now,2020-04-13 17:33:00-04:00,GOOGL,2020-04-14
"YouTube Exec Talks Entertainment, Combatting Coronavirus Fake News",2020-04-13 15:18:00-04:00,GOOGL,2020-04-13
Apple Reportedly Planning Major iPhone Design Overhaul For Fall Launches,2020-04-13 12:09:00-04:00,GOOGL,2020-04-13
Apple And Google Team Up To Build Bluetooth Solution To Tackle COVID-19 Pandemic,2020-04-13 06:37:00-04:00,GOOGL,2020-04-13
"Apple's Stock Will Outperform Other FAANG Stocks In 2020, Long-Term Future 'Among The Brightest', Munster Says",2020-04-12 22:58:00-04:00,GOOGL,2020-04-13
Communications Services Sector Earnings: When Staying In Becomes The Trend,2020-04-09 15:39:00-04:00,GOOGL,2020-04-09
Will FANG Lead The Market Rebound?,2020-04-09 12:04:00-04:00,GOOGL,2020-04-09
French Regulator Says Google Must Pay French News and Publishing Firms for Using Their Content,2020-04-09 05:51:00-04:00,GOOGL,2020-04-09
Google Gets Federal Approval To Operate Under Sea Cable Between US and Taiwan To Boost Network Capacity,2020-04-08 23:24:00-04:00,GOOGL,2020-04-09
"Netflix, YouTube, Disney+: Which Video Streaming Platform Do Teens Watch The Most?",2020-04-08 15:32:00-04:00,GOOGL,2020-04-08
"UPDATE: Google Will Still Allow Use Of Zoom's Mobile App, Browser App",2020-04-08 15:16:00-04:00,GOOGL,2020-04-08
UPDATE: Google Spokesperson Says Co. Has Banned Zoom Video Conferencing Desktop Client On Work Laptops,2020-04-08 15:15:00-04:00,GOOGL,2020-04-08
"UPDATE: 'Google Bans Zoom Software From Employee Computers, Fearing Security Vulnerabilities' -BuzzFeed",2020-04-08 14:55:00-04:00,GOOGL,2020-04-08
"Google Has Banned Zoom Video Communications Software From Employee Computers, Fearing Security Vulnerabilities",2020-04-08 14:50:00-04:00,GOOGL,2020-04-08
The Show Must Go On – Event Industry Rising To The Challenge Of COVID-19,2020-04-08 13:52:00-04:00,GOOGL,2020-04-08
Alphabet Shares Unaffected Amid Report US Dept. Of Justice Recommends Approval of Google's Request To Use Part Of US-Asia Undersea Telecom Cable,2020-04-08 13:23:00-04:00,GOOGL,2020-04-08
Google G Suite Shows Uptick In Business Users As Meet Use Explodes,2020-04-08 06:38:00-04:00,GOOGL,2020-04-08
Facebook Surveys Users To Help Researchers Identify Coronavirus Clusters,2020-04-07 04:18:00-04:00,GOOGL,2020-04-07
Shares of several semiconductor and large technology stocks are trading higher with the broader market on optimism that coronavirus cases in several US hotspots appear to be reaching their peak.,2020-04-06 08:55:00-04:00,GOOGL,2020-04-06
9 Communication Services Stocks Moving In Monday's Pre-Market Session,2020-04-06 07:53:00-04:00,GOOGL,2020-04-06
Ty Cobb: The Greatest Pro Athlete Investor Of All Time?,2020-04-05 09:25:00-04:00,GOOGL,2020-04-05
"Alphabet shares are trading lower, weakness appears market related as equities move lower for the session.",2020-04-03 14:57:00-04:00,GOOGL,2020-04-03
Google To Donate $6.5M to Help Fight Coronavirus Misinformation,2020-04-02 13:24:00-04:00,GOOGL,2020-04-02
'Google to lift advertising ban on coronavirus topics' -Axios,2020-04-02 10:24:00-04:00,GOOGL,2020-04-02
Credit Suisse Compiles List Of Corporations With Most And Least Cash,2020-04-02 06:57:00-04:00,GOOGL,2020-04-02
Self-Driving Car Engineer Demands $180M Compensation From Uber For Google Trade-Secret Theft Case,2020-04-02 05:33:00-04:00,GOOGL,2020-04-02
Some Staples Stocks Bouncing Back After Sliding In Recent Rally As Caution Tightens Grip,2020-04-01 09:52:00-04:00,GOOGL,2020-04-01
Here's How The 'MAGA' Tech Giant Stocks Performed In Q1,2020-04-01 04:50:00-04:00,GOOGL,2020-04-01
What Google And Is Doing To Fight The Coronavirus,2020-03-31 15:16:00-04:00,GOOGL,2020-03-31
The Prize No One Wanted: Dow On Pace For Steepest Q1 Loss Ever As Quarter Finally Ends,2020-03-31 09:50:00-04:00,GOOGL,2020-03-31
"Morgan Stanley Maintains Overweight on Alphabet, Lowers Price Target to $1310",2020-03-30 10:31:00-04:00,GOOGL,2020-03-30
"Benzinga's Top Upgrades, Downgrades For March 30, 2020",2020-03-30 09:35:00-04:00,GOOGL,2020-03-30
BMO Capital Upgrades Alphabet to Outperform,2020-03-30 07:01:00-04:00,GOOGL,2020-03-30
"Regional Banks, Other Cyclicals Saw Buying Interest Yesterday Amid Stimulus Hopes",2020-03-27 09:59:00-04:00,GOOGL,2020-03-27
10 Stocks To Buy With Low Debt And High Liquidity,2020-03-27 08:15:00-04:00,GOOGL,2020-03-27
"1,000 Google Employees Volunteer To Help Expand Sister Company's Coronavirus Testing Program",2020-03-27 06:45:00-04:00,GOOGL,2020-03-27
Huawei Releases Latest Flagship Phone Amid Global Coronavirus Lockdown,2020-03-27 05:01:00-04:00,GOOGL,2020-03-27
"SunTrust Robinson Humphrey Maintains Buy on Alphabet, Lowers Price Target to $1350",2020-03-26 09:07:00-04:00,GOOGL,2020-03-26
COVID-19 Crisis Could Make Big Tech Even Stronger,2020-03-25 12:52:00-04:00,GOOGL,2020-03-25
"Alphabet shares are trading lower, not currently seeing company news. NOTE: Equities have begun moving lower following Tuesday strength. The stock has since reversed and are trading higher.",2020-03-25 10:23:00-04:00,GOOGL,2020-03-25
Google Gives 60-Day Extension To All Contractors Due To Pandemic,2020-03-25 04:20:00-04:00,GOOGL,2020-03-25
"Microsoft, Facebook, Twitter Partner With WHO To Launch Coronavirus Hackathon",2020-03-25 03:13:00-04:00,GOOGL,2020-03-25
Youtube To Reduce Video Quality Worldwide To Ease Strain On Internet Networks Due To Coronavirus,2020-03-24 14:42:00-04:00,GOOGL,2020-03-24
"Rise In Semiconductor, Cloud Computing Stocks Could Set Tone For Broader Economy",2020-03-24 09:56:00-04:00,GOOGL,2020-03-24
Shares of several communication services companies are trading higher as equities gain amid hopes of a US stimulus agreement.,2020-03-24 09:25:00-04:00,GOOGL,2020-03-24
2020 Summer Olympics Likely To Be Postponed Until 2021 Due To Global Pandemic,2020-03-24 06:40:00-04:00,GOOGL,2020-03-24
Google Surveys Users For Coronavirus Symptoms To Help Researchers Forecast Spread,2020-03-24 02:01:00-04:00,GOOGL,2020-03-24
"Benzinga CEO Talks Hedging Bets, Dividend Plays On PreMarket Prep",2020-03-23 12:54:00-04:00,GOOGL,2020-03-23
"Shares of some technology companies are trading lower amid market volatility. Sunday's fiscal stimulus bill failed a procedural senate vote while the Fed on Monday announced stimulus measures. NOTE: Sector is mixed, with some names up for the session.",2020-03-23 11:14:00-04:00,GOOGL,2020-03-23
Stocks That Hit 52-Week Lows On Monday,2020-03-23 10:34:00-04:00,GOOGL,2020-03-23
"How Tim Cook, Mark Zuckerberg And Other Tech CEOs Are Helping Fight The Global Pandemic",2020-03-23 08:21:00-04:00,GOOGL,2020-03-23
"Shares of several technology companies are trading higher. Market strength has been attributed to strong containment measures taken by California, rebound in oil, central bank actions and expectations of increased technology usage amid the virus outbreak.",2020-03-20 08:31:00-04:00,GOOGL,2020-03-20
Ex-Uber Executive Pleads Guilty To Stealing Google's Trade Secrets,2020-03-20 05:21:00-04:00,GOOGL,2020-03-20
Will Big Tech Come To The Rescue Against COVID-19?,2020-03-19 10:12:00-04:00,GOOGL,2020-03-19
Waymo Shuts Safety Driver-Monitored Autonomous Taxis Citing Coronavirus Fears,2020-03-18 10:23:00-04:00,GOOGL,2020-03-18
"Travel, Airline Stocks In Focus Amid Fresh Weakness; Amazon To Hire 100,000 Workers",2020-03-18 09:53:00-04:00,GOOGL,2020-03-18
Shares of several media and communications companies are trading lower as equities dip amid the ongoing coronavirus outbreak.,2020-03-18 09:00:00-04:00,GOOGL,2020-03-18
Greta Thunberg Among Europe's 30 Under 30 Forbes List,2020-03-18 06:15:00-04:00,GOOGL,2020-03-18
Toyota Partners With China's Momenta To Commercialize HD Maps For Self-Driving Vehicles,2020-03-18 04:01:00-04:00,GOOGL,2020-03-18
Two Pros Discuss The $1K Stocks Worth Buying,2020-03-17 17:00:00-04:00,GOOGL,2020-03-18
Mark Tepper Says 'DAWN' Is The New 'FANG',2020-03-17 14:58:00-04:00,GOOGL,2020-03-17
"Dept. Of Justice, FTC Could Seek Extensions To Complete Probes For Merger Reviews, Allergan, Raytheon, Google Deals Mentioned",2020-03-17 13:14:00-04:00,GOOGL,2020-03-17
All The Major Events Canceled By Coronavirus (Updated),2020-03-17 12:11:00-04:00,GOOGL,2020-03-17
Apple Hit With $1.2B Fine By French Antitrust Authorities,2020-03-17 06:43:00-04:00,GOOGL,2020-03-17
So-Called 'MAGA' Stocks Lose $1T Market Value In A Single Day,2020-03-17 01:42:00-04:00,GOOGL,2020-03-17
NBCUniversal Releases Movies On-Demand Same Time As Theaters Due To Coronavirus,2020-03-17 01:10:00-04:00,GOOGL,2020-03-17
"White House Says Microsoft, Google, Others Make Machine-Readable Database Of Coronavirus Research; Says Database Of 29,000 Scholarly Articles Aimed At Fostering Machine Learning Research",2020-03-16 14:41:00-04:00,GOOGL,2020-03-16
Shares of several communications companies are trading lower as equities sell off amid continued global coronavirus concerns. The virus has caused global economic disruption and negatively impacted stocks across sectors.,2020-03-16 08:52:00-04:00,GOOGL,2020-03-16
Google Accused by Rival of Fundamental GDPR Breaches,2020-03-16 05:28:00-04:00,GOOGL,2020-03-16
"US Dollar, Futures Tumble As Fed Cut Fails To Boost Investor Sentiments",2020-03-16 04:32:00-04:00,GOOGL,2020-03-16
Google's Sister Verily Is Developing A Site To Help US Test Coronavirus Cases,2020-03-16 01:20:00-04:00,GOOGL,2020-03-16
"Trump Declares National Emergency Over Coronavirus Pandemic, Promises More Tests Next Week",2020-03-13 16:45:00-04:00,GOOGL,2020-03-16
"Birx Says New Coronavirus Testing Will Start Online Via Google Website, Will Guide To Drive Thru If Online Questionnaire Returns A Positive Answer, Then To Labs",2020-03-13 15:44:00-04:00,GOOGL,2020-03-13
Trump Thanks Google For Developing New Coronavirus-Related Website,2020-03-13 15:39:00-04:00,GOOGL,2020-03-13
"Adobe Beats Q1 Targets, But Expects A Coronavirus-Caused Hit In Q2",2020-03-13 10:27:00-04:00,GOOGL,2020-03-13
"Regulators Aiming To Break Of Big Tech Are Receiving ""Help"" From COVID-19",2020-03-13 10:12:00-04:00,GOOGL,2020-03-13
Shares of several communication and media companies are trading higher as the market rebounds following Thursday's selloff. NOTE: Since the coronavirus outbreak the healthcare sector has been extremely volatile.,2020-03-13 09:53:00-04:00,GOOGL,2020-03-13
"Coronavirus, Oil Crash Are 'One-Two Punch' To Stock Market, Says Warren Buffett",2020-03-13 09:30:00-04:00,GOOGL,2020-03-13
Shares of several communications companies are trading lower as equities sell off amid continued global coronavirus concerns. The virus has caused global economic disruption and negatively impacted stocks across sectors.,2020-03-12 09:20:00-04:00,GOOGL,2020-03-12
YouTube To Allow Ads On Coronavirus Videos After Suspending Them Earlier,2020-03-12 03:38:00-04:00,GOOGL,2020-03-12
CME To Shut Down Chicago Trading Floor Over Coronavirus Concerns,2020-03-11 22:01:00-04:00,GOOGL,2020-03-12
YouTube Blog Shows Co. To Enable Ads For Content Discussing Coronavirus On A Limited Number Of Channels,2020-03-11 15:18:00-04:00,GOOGL,2020-03-11
"Despite Volatility, FANG Continues to Prove Its Popularity",2020-03-11 12:44:00-04:00,GOOGL,2020-03-11
"As Market Gyrates, Investors Seek Direction From Large Stocks Including Apple, Microsoft",2020-03-11 10:37:00-04:00,GOOGL,2020-03-11
"Shares of several companies in the technology, software and semiconductor space are trading lower as equities sell off amid coronavirus fears. The virus spread has disrupted economic activity across sectors and caused global macro uncertainty.",2020-03-11 07:17:00-04:00,GOOGL,2020-03-11
Alphabet Creates Coronavirus Fund To Give Paid Sick Leaves To Affected Workers Globally,2020-03-11 05:42:00-04:00,GOOGL,2020-03-11
Amazon Announces $5M Fund To Help Small Seattle Businesses Tackle Coronavirus Impact,2020-03-11 05:16:00-04:00,GOOGL,2020-03-11
"US Commerce Department Extends Huawei Temporary License, Asks Public For Comments On Future Extensions",2020-03-11 04:08:00-04:00,GOOGL,2020-03-11
Google Asks All North American Employees To Work From Home As Coronavirus Spreads,2020-03-11 03:45:00-04:00,GOOGL,2020-03-11
Google Recommends All North America Employees Work From Home,2020-03-10 17:30:00-04:00,GOOGL,2020-03-11
Shares of several technology companies are trading higher as markets look to rebound from Monday's selloff. The technology sector has been highly impacted by the coronavirus due to its China exposure and sensitivity to economic conditions.,2020-03-10 07:11:00-04:00,GOOGL,2020-03-10
"FANG Stocks Lose Nearly $150B In A Day As Coronavirus Fears Rise Even More, Oil Crashes",2020-03-10 00:58:00-04:00,GOOGL,2020-03-10
Tech Companies Lend A Hand To Help Organizations During Coronavirus Outbreak,2020-03-09 12:54:00-04:00,GOOGL,2020-03-09
38 Communication Services Stocks Moving In Monday's Pre-Market Session,2020-03-09 08:09:00-04:00,GOOGL,2020-03-09
Twitter Marks Trump Campaign Video As 'Manipulated Media' In One Of The First Enforcements Of Updated Policy,2020-03-09 03:51:00-04:00,GOOGL,2020-03-09
"Bill Gates Foundation To Fund Coronavirus Testing Kits In Seattle, Aims At Checking Spread Of Disease In The Region",2020-03-09 01:21:00-04:00,GOOGL,2020-03-09
"FMCSA Vs ELDs, Airlines Lose $113 Billion, And Why ""This Is The Delay"" For Baby Yoda",2020-03-06 16:26:00-05:00,GOOGL,2020-03-09
Former Uber Exec Files For Bankruptcy After Losing $179M Dispute With Google,2020-03-06 08:57:00-05:00,GOOGL,2020-03-06
Shares of several technology companies are trading lower. Movement appears market related as markets continue to dip amid the global coronavirus outbreak.,2020-03-06 08:46:00-05:00,GOOGL,2020-03-06
Lipper Award Winners Pick Healthcare and Technology Stocks Amidst Coronavirus Downturn,2020-03-06 08:33:00-05:00,GOOGL,2020-03-06
15 Communication Services Stocks Moving In Friday's Pre-Market Session,2020-03-06 08:04:00-05:00,GOOGL,2020-03-06
Tech Giants Ask Seattle Employees To Work Remotely As Coronavirus Cases Rise,2020-03-06 07:43:00-05:00,GOOGL,2020-03-06
Lyft San Francisco-Based Employees Told To Stay Home Over Coronavirus Fears,2020-03-06 04:22:00-05:00,GOOGL,2020-03-06
"Google's Exposure To Travel Will Impact Revenue, BofA Says",2020-03-05 12:30:00-05:00,GOOGL,2020-03-05
Alphabet shares are trading lower in sympathy with the overall market amid coronavirus fears.,2020-03-05 11:55:00-05:00,GOOGL,2020-03-05
Google Internal Memo Shows Mgmt. Has Sold Its Seattle-Area Employees To Stay Home,2020-03-05 10:09:00-05:00,GOOGL,2020-03-05
"Coronavirus Has Now Spread To Healthy Corporations, Set To Affect The Global Economy",2020-03-05 09:10:00-05:00,GOOGL,2020-03-05
Google Cloud Reports Partnership With AT&T To Enable Network Edge 5G Computing Solutions For Enterprises,2020-03-05 09:03:00-05:00,GOOGL,2020-03-05
Judge Quashes Tulsi Gabbard's Case Against Google Alleging Free Speech Violation,2020-03-05 05:43:00-05:00,GOOGL,2020-03-05
"Google Announces Second Stadia Games Studio, 'Division 2' Launch",2020-03-04 16:51:00-05:00,GOOGL,2020-03-05
"Google Cloud Says Will Launch Four Additional Cloud Regions In Delhi, Doha, Melbourne  And Toronto",2020-03-04 15:30:00-05:00,GOOGL,2020-03-04
Google Halts International Travel For Employees,2020-03-03 15:50:00-05:00,GOOGL,2020-03-03
Google Cancels Annual Conference Due To Coronavirus,2020-03-03 15:41:00-05:00,GOOGL,2020-03-03
5 Reasons Why Tesla Is Way Ahead Of Traditional Automakers,2020-03-03 12:10:00-05:00,GOOGL,2020-03-03
Self-Driving Vehicle Company Waymo Announces First Outside Investment: $2.25 Billion,2020-03-03 09:27:00-05:00,GOOGL,2020-03-03
Alphabet Self-Driving Subsidiary Waymo Raises $2.25B In First External Funding,2020-03-02 22:03:00-05:00,GOOGL,2020-03-03
"The Coronavirus Outbreak's Impact On Global Stocks, Commodities, ETFs",2020-03-02 16:21:00-05:00,GOOGL,2020-03-03
Tech Industry Being Smashed By Coronavirus,2020-03-02 09:12:00-05:00,GOOGL,2020-03-02
"Key Stocks Like Apple, Disney Close To Or Already In Bear Territory As Selloff Continues",2020-02-28 17:07:00-05:00,GOOGL,2020-03-02
"Gene Munster On Apple's Future, Tesla's Valuation And The 2020 Election",2020-02-28 14:38:00-05:00,GOOGL,2020-02-28
Shares of several communication companies are trading lower as the global coronavirus spread continues to cause equities across sectors to sell off amid worsened economic outlook.,2020-02-28 09:24:00-05:00,GOOGL,2020-02-28
Today's Pickup: Four In Five Americans View Foreign Trade As An Opportunity,2020-02-27 12:46:00-05:00,GOOGL,2020-02-27
Shares of several communication companies are trading lower as growing coronavirus fears hamper economic outlook.,2020-02-27 09:34:00-05:00,GOOGL,2020-02-27
"Microsoft Keen On Investing In Indonesia, Says The President, Promises Simpler Regulations",2020-02-27 09:10:00-05:00,GOOGL,2020-02-27
15 Communication Services Stocks Moving In Thursday's Pre-Market Session,2020-02-27 07:47:00-05:00,GOOGL,2020-02-27
"Google, Facebook And Others Not Bound By First Amendment, Judge Rules",2020-02-26 23:09:00-05:00,GOOGL,2020-02-27
Why The Coronavirus Might Be Presenting A Buying Opportunity,2020-02-26 14:51:00-05:00,GOOGL,2020-02-26
BlackRock Leads $250M Funding In AI Computing Startup,2020-02-26 00:15:00-05:00,GOOGL,2020-02-26
"Streaming Platform Like Spotify, YouTube Contributed To 80% Of All Music Sales In 2019",2020-02-25 23:58:00-05:00,GOOGL,2020-02-26
"UPDATE: Morgan Stanley On Alphabet Notes 'Our new SoTP shows how GOOGL is worth $1,650 with no value for Cloud, Waymo, Verily, Stadia and investments...and $1,850 if the market just starts to put value on Cloud and Waymo'",2020-02-25 11:42:00-05:00,GOOGL,2020-02-25
"UPDATE: Morgan Stanley Maintains Overweight On Alphabet, Raises Target To $1.65K Notes 'New disclosure has arrived, which we see enabling investors to better value the growth/durability of GOOGL's assets'",2020-02-25 11:42:00-05:00,GOOGL,2020-02-25
3 Reasons Why Top Hedge Funds Have Changed Their Minds On Uber,2020-02-25 09:53:00-05:00,GOOGL,2020-02-25
"Sada Extends Relationship With Google Cloud, Announces Multi-Year, $500m Agreement To Drive Cloud Adoption",2020-02-25 09:39:00-05:00,GOOGL,2020-02-25
"Morgan Stanley Maintains Overweight on Alphabet, Raises Price Target to $1650",2020-02-25 09:35:00-05:00,GOOGL,2020-02-25
Why Partnerships Are The Lifeblood Of The Cannabis Industry,2020-02-24 15:22:00-05:00,GOOGL,2020-02-24
Fitbit's Weak Results Amid Pending Acquisition Keeps Longbow On The Sidelines,2020-02-24 11:28:00-05:00,GOOGL,2020-02-24
Shares of several technology companies are trading lower amid continued spread of coronavirus including notable upticks in Iran and Italy. NOTE: The virus has raised fear of a global economic slowdown.,2020-02-24 08:55:00-05:00,GOOGL,2020-02-24
20 Communication Services Stocks Moving In Monday's Pre-Market Session,2020-02-24 07:30:00-05:00,GOOGL,2020-02-24
KFC Canada Begins Use of Google's Food Ordering Service,2020-02-24 07:12:00-05:00,GOOGL,2020-02-24
Google Warns New Huawei Phone Owners Against Sideloading Gmail And YouTube,2020-02-24 04:05:00-05:00,GOOGL,2020-02-24
"Bezos Is Creating A $10 Billion ""We Can Save Earth"" Fund. Will Amazon Follow?",2020-02-21 14:14:00-05:00,GOOGL,2020-02-21
4 Coronavirus Myths Causing Unnecessary Alarm,2020-02-21 11:58:00-05:00,GOOGL,2020-02-21
Ark Invest Says Autonomous Ride-Hailing Now Looks Even More Profitable Than Previously Estimated,2020-02-21 10:05:00-05:00,GOOGL,2020-02-21
"Cheetah Mobile Reports It Has Been Informed By Google That Co.'s Google Play Store, Google AdMob, Google AdManager Accounts Have Been Disabled On Feb. 20, 2020, Associated Contracts Will Be Terminated",2020-02-21 07:05:00-05:00,GOOGL,2020-02-21
"New Mexico Accuses Google Of Violating Children's Data Privacy, Files Lawsuit",2020-02-21 06:29:00-05:00,GOOGL,2020-02-21
Facebook To Pay Users $5 For Their Voice Recordings,2020-02-21 04:48:00-05:00,GOOGL,2020-02-21
Fitbit Shares Plummet On Q4 Earnings Miss,2020-02-21 02:42:00-05:00,GOOGL,2020-02-21
Global Cloud Infrastructure Market Reached Sky High $107B In 2019,2020-02-20 23:17:00-05:00,GOOGL,2020-02-21
"Hearing WarnerMedia, YouTube TV Have Agreed On Distribution Deal",2020-02-20 12:20:00-05:00,GOOGL,2020-02-20
"Google Shares Unaffected Wed., Thurs. Following News 'Google Cloud acquires Cornerstone Technology to help you migrate your mainframe'",2020-02-20 11:49:00-05:00,GOOGL,2020-02-20
"Cheetah Mobile Shares Fall To Session Low On Spike In Volume; Traders Attribute Downside To BuzzFeed Article 'Google Has Banned Almost 600 Apps For Pushing ""Disruptive"" Ads'",2020-02-20 11:27:00-05:00,GOOGL,2020-02-20
No More Immunity? Justice Department Wants Tech Companies To Have Legal Responsibility For Content Posted On Their Platforms,2020-02-20 08:42:00-05:00,GOOGL,2020-02-20
Sling TV Starts Losing Subscribers As Streaming Wars Intensify,2020-02-20 07:35:00-05:00,GOOGL,2020-02-20
Google Says Removed More Than 75M Policy-violating Reviews and 4M Fake Business Profiles in 2019,2020-02-19 12:15:00-05:00,GOOGL,2020-02-19
Stocks That Hit 52-Week Highs On Wednesday,2020-02-19 10:32:00-05:00,GOOGL,2020-02-19
"Yandex Revenues Topped Estimates In Q4, But Earnings Are Lacking",2020-02-19 10:05:00-05:00,GOOGL,2020-02-19
Expedia Group Seems Unable To Reach The Promised Land,2020-02-19 10:02:00-05:00,GOOGL,2020-02-19
Calendar Apps Can Do Wonders And Not Only For Your Schedule,2020-02-19 09:57:00-05:00,GOOGL,2020-02-19
"Elon Musk Thinks All Artificial Intelligence Needs To Be Better Regulated, Including At Tesla",2020-02-19 07:14:00-05:00,GOOGL,2020-02-19
"A Peek Into The Markets: US Stock Futures Up Ahead Of Economic Data, Fed Minutes",2020-02-19 06:00:00-05:00,GOOGL,2020-02-19
Google Parent Alphabet To Quit Power Generating Kite Company,2020-02-19 05:05:00-05:00,GOOGL,2020-02-19
"Q4 13F Roundup: How Buffett, Einhorn, Ackman And Others Adjusted Their Portfolios",2020-02-18 13:00:00-05:00,GOOGL,2020-02-18
Stocks That Hit 52-Week Highs On Tuesday,2020-02-18 11:03:00-05:00,GOOGL,2020-02-18
"Global Stocks Drop As Apple, Others Share Grim Outlook Due To Coronavirus Outbreak",2020-02-18 08:57:00-05:00,GOOGL,2020-02-18
"EU Rejects Facebook Proposal On Content Moderation, Suggests To Adapt To Local Regulations",2020-02-18 07:37:00-05:00,GOOGL,2020-02-18
"Tiger Global Management Takes Share Stake Of 106,360 Shares Of Class A Capital Stock In Alphabet",2020-02-14 13:56:00-05:00,GOOGL,2020-02-14
YouTube Says in a Blog it Paid $3B to the Music Industry in 2019 via Ads and Subscriptions,2020-02-14 13:28:00-05:00,GOOGL,2020-02-14
Google In Talks To Pay Publishers For Content In Premium News Product,2020-02-14 09:02:00-05:00,GOOGL,2020-02-14
"Streaming Is Now 20% Of TV Viewing, Netflix Clings To Top Spot",2020-02-13 15:33:00-05:00,GOOGL,2020-02-13
UK's CMA Clears Deal Between Google and Looker,2020-02-13 05:36:00-05:00,GOOGL,2020-02-13
Google Joins Blockchain Startup Hedera Hashgraph's Governing Council,2020-02-12 03:39:00-05:00,GOOGL,2020-02-12
FTC Asks Tech Giants To Hand Over Details Of Every Single Acquisition They Made Last Decade,2020-02-12 03:03:00-05:00,GOOGL,2020-02-12
"Trump Gives New Definition To 'Make America Great Again,' And It Involves Tech Giants",2020-02-12 01:57:00-05:00,GOOGL,2020-02-12
"WhatsApp Payments To Launch In India, BofA Says Monetization Will Take Time",2020-02-11 15:08:00-05:00,GOOGL,2020-02-11
Federal Trade Commission Chairman Says Number Of Deals Made By Big Tech Companies It Wants To Study Is In The Hundreds,2020-02-11 13:23:00-05:00,GOOGL,2020-02-11
Piper Sandler Remains Bullish On Slack On Broader Enterprise Adoption,2020-02-11 13:00:00-05:00,GOOGL,2020-02-11
"Hearing FTC To Examine Past Acquisitions By Large Technology Companies, Wants Information On Past Deals That Weren't Scrutinized; Unconfirmed",2020-02-11 11:40:00-05:00,GOOGL,2020-02-11
Stocks That Hit 52-Week Highs On Tuesday,2020-02-11 10:17:00-05:00,GOOGL,2020-02-11
Youtube In Talks To Follow Amazon And Apple Into Video Subscriptions Market,2020-02-11 05:32:00-05:00,GOOGL,2020-02-11
"Deutsche Bank Seeking Bids From Microsoft, Google, Amazon to Overhaul Its Technology",2020-02-11 05:23:00-05:00,GOOGL,2020-02-11
Google 'People Operations' Head Steps Down As Company Faces Mounting Employee Protests,2020-02-11 02:55:00-05:00,GOOGL,2020-02-11
Stocks That Hit 52-Week Highs On Monday,2020-02-10 10:25:00-05:00,GOOGL,2020-02-10
"'Google Could Acquire Tesla For $1,500 Per Share On Its Way To $2 Trillion Stock' -Forbes Contributor Article From Trefis, Great Speculations",2020-02-10 06:18:00-05:00,GOOGL,2020-02-10
'Big Google Search Ranking Algorithm Update - Currently Unconfirmed' -Search Engine Roundtable,2020-02-10 06:15:00-05:00,GOOGL,2020-02-10
Google Accused of Competition Abuse in Holiday Rentals,2020-02-10 04:24:00-05:00,GOOGL,2020-02-10
Hearing the US Has Blocked a Planned Data Cable Connecting LA and Hong Kong,2020-02-07 13:41:00-05:00,GOOGL,2020-02-07
"Citigroup Maintains Buy on Alphabet, Raises Price Target to $1700",2020-02-07 11:02:00-05:00,GOOGL,2020-02-07
"Job Market Heats Up In January, As Warmer Weather Might Have Helped Add Positions",2020-02-07 09:41:00-05:00,GOOGL,2020-02-07
"Google's Former Head of Pixel Smartphone Division, Mario Queiroz, has Left the Company",2020-02-07 05:36:00-05:00,GOOGL,2020-02-07
BitTorrent CEO Justin Sun's $4.5-Million Dinner With Warren Buffett,2020-02-06 15:33:00-05:00,GOOGL,2020-02-06
Everything You Need To Know About The Overwatch League 2020,2020-02-06 14:20:00-05:00,GOOGL,2020-02-06
"Alphabet, Sonos Shares Appear Unaffected Following Recent Reuters Article 'U.S. trade panel opens patent probe into Google speakers after Sonos complaint'",2020-02-06 14:05:00-05:00,GOOGL,2020-02-06
Alphabet shares are trading higher after CFRA maintained a Strong Buy on the company and raised the price target from $1737 to $1761.,2020-02-06 11:28:00-05:00,GOOGL,2020-02-06
Facebook At Key Inflection Point,2020-02-06 09:08:00-05:00,GOOGL,2020-02-06
Why Company Culture Is Critical for a Small Business' Bottom Line,2020-02-06 09:00:00-05:00,GOOGL,2020-02-06
"Facebook Sends Cease And Desist Letter To AI Startup, Joins Twitter, Venmo, YouTube",2020-02-06 06:16:00-05:00,GOOGL,2020-02-06
"China's Xiaomi, Huawei Technologies, Oppo and Vivo are Jointly Creating a Rival to Google App Store",2020-02-06 05:18:00-05:00,GOOGL,2020-02-06
"Shorts In A Twist: Tesla Shares Seem To Be Going Through A Classic ""Squeeze""",2020-02-05 12:03:00-05:00,GOOGL,2020-02-05
"Earnings Bonanza: Results Keep Pouring In, With Investors Looking Over Merck, Disney",2020-02-05 10:00:00-05:00,GOOGL,2020-02-05
10 Biggest Price Target Changes For Wednesday,2020-02-05 08:31:00-05:00,GOOGL,2020-02-05
"Argus Research Maintains Buy on Alphabet, Raises Price Target to $1620",2020-02-05 07:46:00-05:00,GOOGL,2020-02-05
Nvidia GeForce Now Game Streaming Is Now Available,2020-02-04 18:11:00-05:00,GOOGL,2020-02-05
Group Of State Attorney Generals Say Meeting With US Justice Department Officials To Discuss Alphabet's Google Anti-Trust Probe Has Concluded,2020-02-04 15:39:00-05:00,GOOGL,2020-02-04
"Twitter Analyst Sees Risk To Q1 Guidance, But Expects 'Buying Opportunity Ahead'",2020-02-04 15:36:00-05:00,GOOGL,2020-02-04
Mid-Afternoon Market Update: NASDAQ Rises Over 2%; Myomo Shares Spike Higher,2020-02-04 14:23:00-05:00,GOOGL,2020-02-04
"OK Google, How Is The Street Reacting To Alphabet's Q4 Earnings?",2020-02-04 13:40:00-05:00,GOOGL,2020-02-04
Mid-Day Market Update: Allot Surges After Q4 Results; Rockwell Medical Shares Plunge,2020-02-04 12:10:00-05:00,GOOGL,2020-02-04
"PreMarket Prep Recap, Feb. 4, 2020: TSLA Continues Its Unbelievable Move",2020-02-04 11:00:00-05:00,GOOGL,2020-02-04
"UPDATE: Needham Maintains Buy On Alphabet, Raises Target To $1,800 Notes 'There were several key ""firsts"" now that Sundar Pichai is CEO:'",2020-02-04 10:30:00-05:00,GOOGL,2020-02-04
Mid-Morning Market Update: Markets Open Higher; Alphabet Reports Mixed Q4 Results,2020-02-04 10:14:00-05:00,GOOGL,2020-02-04
China Reportedly Considering Further Stimulus To Help Economy Weather Coronavirus,2020-02-04 09:52:00-05:00,GOOGL,2020-02-04
Tuesday's Market Minute: REVIEWING THE FAANG 4Q,2020-02-04 09:44:00-05:00,GOOGL,2020-02-04
"Credit Suisse Maintains Outperform On Alphabet, $1700 Price Target As Firm Notes 3 Factors:",2020-02-04 09:44:00-05:00,GOOGL,2020-02-04
"Benzinga Pro's Top 5 Stocks To Watch For Tues., Feb. 4, 2020: GOOGL, DIS, EBAY, F, IBIO",2020-02-04 08:54:00-05:00,GOOGL,2020-02-04
"KeyBanc On Alphabet Notes 'Further, new disclosures and commentary helped highlight the magnitude of investments in opportunities beyond Search, which we believe can create substantial value for GOOGL over time'",2020-02-04 08:32:00-05:00,GOOGL,2020-02-04
"KeyBanc Reiterates Overweight, $1,769 Target On Alphabet As Firm Notes 'We recommend owning GOOGL. 4Q results showed excellent core Search ad revenue growth that appears sustainable for the foreseeable future'",2020-02-04 08:32:00-05:00,GOOGL,2020-02-04
"UPDATE: Raymond James Maintains Outperform On Alphabet, Raises Target To $1,580 'given solid advertising growth (Search, YouTube), increasing Google Cloud momentum, and an attractive valuation (~22x 2020E core EPS ex cash)'",2020-02-04 08:22:00-05:00,GOOGL,2020-02-04
"UPDATE:Piper Sandler On Alphabet Notes Co's 'Cloud Segment & YouTube Ads Growing Faster Than Core, But Too Small to Offset Broader Deceleration'; 'cloud segment is 6% and YouTube ads is 9% of '19 revenue'; 'Online Ad Spend is Ongoing Secular Tailwind'",2020-02-04 08:16:00-05:00,GOOGL,2020-02-04
"UPDATE: Piper Sandler Maintains Overweight On Alphabet, Raises Target To $1,600 Notes 'The core advertising business is decelerating, while cloud is accelerating and YouTube growth is outpacing the core'",2020-02-04 08:16:00-05:00,GOOGL,2020-02-04
10 Biggest Price Target Changes For Tuesday,2020-02-04 08:14:00-05:00,GOOGL,2020-02-04
12 Communication Services Stocks Moving In Tuesday's Pre-Market Session,2020-02-04 07:52:00-05:00,GOOGL,2020-02-04
"Raymond James Maintains Outperform on Alphabet, Raises Price Target to $1580",2020-02-04 07:41:00-05:00,GOOGL,2020-02-04
4 Internet Content & Information Stocks Moving In Tuesday's Pre-Market Session,2020-02-04 07:40:00-05:00,GOOGL,2020-02-04
"Piper Sandler Maintains Overweight on Alphabet, Raises Price Target to $1600",2020-02-04 07:27:00-05:00,GOOGL,2020-02-04
Alphabet shares are trading lower after the company reported worse-than-expected Q4 sales results.,2020-02-04 07:15:00-05:00,GOOGL,2020-02-04
"Needham Maintains Buy on Alphabet, Raises Price Target to $1800",2020-02-04 06:42:00-05:00,GOOGL,2020-02-04
A Peek Into The Markets: US Stock Futures Jump; Alphabet Posts Downbeat Q4 Sales,2020-02-04 06:37:00-05:00,GOOGL,2020-02-04
"Nomura Maintains Buy on Alphabet, Raises Price Target to $1680",2020-02-04 06:24:00-05:00,GOOGL,2020-02-04
"Pivotal Research Maintains Buy on Alphabet, Raises Price Target to $1700",2020-02-04 06:19:00-05:00,GOOGL,2020-02-04
Facebook Co-Founder's Asana Files To Go Public Via Direct Listing,2020-02-04 05:12:00-05:00,GOOGL,2020-02-04
"12 Stocks To Watch For February 4, 2020",2020-02-04 04:42:00-05:00,GOOGL,2020-02-04
Google Discloses YouTube Revenue For The First Time Ever,2020-02-04 01:44:00-05:00,GOOGL,2020-02-04
Amazon Testing Online Platform To Let Merchants Shop For Loans: Report,2020-02-03 21:44:00-05:00,GOOGL,2020-02-04
"Alphabet CEO Says Youtube Has 20 Million Paid Music And Premium Subscribers, Says YouTube Has 2M Paid YouTube TV Subscribers",2020-02-03 17:13:00-05:00,GOOGL,2020-02-04
Alphabet Reports Mixed Q4 Earnings,2020-02-03 16:34:00-05:00,GOOGL,2020-02-04
"Alphabet CFO Says No Impact Currently From Coronovirus, Could Impact Hardware Products If Protracted",2020-02-03 16:28:00-05:00,GOOGL,2020-02-04
7 Stocks Moving In Monday's After Hours,2020-02-03 16:24:00-05:00,GOOGL,2020-02-04
Alphabet shares are trading lower after the company reported worse-than-expected Q4 sales results.,2020-02-03 16:08:00-05:00,GOOGL,2020-02-04
Alphabet Reports Google Cloud Revenue 2.61B Up From 1.7B YoY,2020-02-03 16:06:00-05:00,GOOGL,2020-02-04
Alphabet Q4 Total Traffic Acquisition Cost $8.501B vs $7.436B in Same Qtr. Last Year,2020-02-03 16:05:00-05:00,GOOGL,2020-02-04
"Alphabet Reports Q4 Operating Margin 20%, Down From 21% YoY",2020-02-03 16:05:00-05:00,GOOGL,2020-02-04
"Alphabet Q4 EPS $15.35 Beats $12.53 Estimate, Sales $46.075B Miss $46.94B Estimate",2020-02-03 16:03:00-05:00,GOOGL,2020-02-04
Here's How Much Investing $100 In Google Stock Back In 2010 Would Be Worth Today,2020-02-03 13:10:00-05:00,GOOGL,2020-02-03
"3 Sector ETFs To Play Ahead Of Alphabet, Disney Earnings",2020-02-03 10:45:00-05:00,GOOGL,2020-02-03
"Alphabet Inc. shares are trading higher, potentially in anticipation of the company's Q4 earnings release after the close today.",2020-02-03 10:44:00-05:00,GOOGL,2020-02-03
"Surprise, Surprise: Stocks Wearing Their Rally Hats Despite China Market Tanking",2020-02-03 09:44:00-05:00,GOOGL,2020-02-03
Google Addresses Stadia Users Complaints About Lack Of Info For Upcoming Games,2020-02-03 08:35:00-05:00,GOOGL,2020-02-03
A Peek Into The Markets: US Stock Futures Gain Ahead Of Manufacturing Data,2020-02-03 06:48:00-05:00,GOOGL,2020-02-03
"8 Stocks To Watch For February 3, 2020",2020-02-03 04:54:00-05:00,GOOGL,2020-02-03
"Earnings Scheduled For February 3, 2020",2020-02-03 04:28:00-05:00,GOOGL,2020-02-03
Stephen King Quits Facebook Over Political Ads And Security Concerns Controversy,2020-02-03 00:05:00-05:00,GOOGL,2020-02-03
13 Super Bowl 54 Commercials You Won't Want To Miss,2020-01-31 15:45:00-05:00,GOOGL,2020-01-31
MAGA: A Look At The Trillion Dollar Market Cap Club,2020-01-31 12:05:00-05:00,GOOGL,2020-01-31
"Position Scrimmage: Coronavirus, End-Of-Month Profit Taking Influencing Markets",2020-01-31 09:46:00-05:00,GOOGL,2020-01-31
"Benzinga Pro's Top 5 Stocks To Watch For Fri., Jan. 31, 2020: AMZN, IBM, GOOGL, WWE, UBER",2020-01-31 08:27:00-05:00,GOOGL,2020-01-31
7 Communication Services Stocks Moving In Friday's Pre-Market Session,2020-01-31 07:55:00-05:00,GOOGL,2020-01-31
Alphabet Earnings Ahead: Analysts Eyeing These 3 Growth Drivers At Google,2020-01-30 11:30:00-05:00,GOOGL,2020-01-30
Microsoft Analysts See 20% Upside Following Across-The-Board Q2 Beat,2020-01-30 11:20:00-05:00,GOOGL,2020-01-30
3 Things That Move Alphabet's Stock,2020-01-30 11:15:00-05:00,GOOGL,2020-01-30
Google Confirms That Is Temporarily Shutting Down All China Offices Due To Coronavirus Outbreak,2020-01-29 15:54:00-05:00,GOOGL,2020-01-29
'Google is temporarily shutting down all China offices due to coronavirus outbreak' -The Verge,2020-01-29 14:53:00-05:00,GOOGL,2020-01-29
"February Market Outlook: Coronavirus, D.C. Proceedings, Earnings Season Could Mean Volatility",2020-01-29 14:53:00-05:00,GOOGL,2020-01-29
'Google Developing New 'Unified' Communications App for Businesses' -The Informatin,2020-01-28 16:27:00-05:00,GOOGL,2020-01-29
8 Stocks To Buy For This 2020 Presidential Election Year,2020-01-28 15:05:00-05:00,GOOGL,2020-01-28
"Accenture, Google Cloud To Collaborate To Help Life Sciences Cos. Advance Discovery, Development, Delivery Of Therapies, No Terms Disclosed",2020-01-28 09:02:00-05:00,GOOGL,2020-01-28
"7 Video Game, Esports Themes Investors Should Watch In 2020",2020-01-28 08:15:00-05:00,GOOGL,2020-01-28
"Activision Blizzard, Google Partnership Will Put Call Of Duty, Overwatch League Streaming On YouTube",2020-01-27 14:26:00-05:00,GOOGL,2020-01-27
"'Google App Maker will be shut down on January 19, 2021' -Blogpost From Google's G Suite Updates Blog",2020-01-27 12:12:00-05:00,GOOGL,2020-01-27
8 Cloud Stocks To Own In 2020,2020-01-27 09:00:00-05:00,GOOGL,2020-01-27
10 Biggest Price Target Changes For Monday,2020-01-27 08:56:00-05:00,GOOGL,2020-01-27
"﻿Shares of several communication companies are trading lower as the Wuhan coronavirus continues to spread throughout the country, prompting travel bans in multiple Chinese cities. Reports say the death toll rose to 80 as of the end of Sunday with more than 2,700 people now infected.",2020-01-27 08:51:00-05:00,GOOGL,2020-01-27
"Mizuho Securities Maintains Buy on Alphabet, Raises Price Target to $1650",2020-01-27 07:21:00-05:00,GOOGL,2020-01-27
"Amazon Employees Publicly Condemn Company's Communications, Climate Policies",2020-01-27 05:28:00-05:00,GOOGL,2020-01-27
Justice Department And State AGs To Share Information In Google Antitrust Probe,2020-01-27 00:46:00-05:00,GOOGL,2020-01-27
3 Classic Tech ETFs to be Tested by Earnings Reports This Week,2020-01-26 17:46:00-05:00,GOOGL,2020-01-27
"State Attorneys General to Meet With Justice Officials to Coordinate on Investigation into Google's Dominance in Advertising, Online Search",2020-01-26 10:24:00-05:00,GOOGL,2020-01-26
"Activision Blizzard Announces Google Cloud Will Serve As Preferred Provider For Co., Youtube Will Serve As Its Exclusive Streaming Partner Worldwide, Excluding China",2020-01-24 15:59:00-05:00,GOOGL,2020-01-24
10 Biggest Price Target Changes For Friday,2020-01-24 08:55:00-05:00,GOOGL,2020-01-24
Is The Drone Industry Finally Ready To Take Off?,2020-01-24 08:10:00-05:00,GOOGL,2020-01-24
"KeyBanc Maintains Overweight on Alphabet, Raises Price Target to $1.769K",2020-01-24 06:11:00-05:00,GOOGL,2020-01-24
"Today's Pickup: Waymo To Run Self-Driving Trucks In Texas, New Mexico",2020-01-23 12:42:00-05:00,GOOGL,2020-01-23
French Finance Minister Le Maire Says Has Reached Agreement With U.S on the Basis for Discussions on Digital Tax,2020-01-23 05:20:00-05:00,GOOGL,2020-01-23
UK Business Minister Leadsom Says We Are Going Ahead With the Digital Tax but We Need a Global Solution,2020-01-23 05:19:00-05:00,GOOGL,2020-01-23
University Of Minnesota Student Imprisoned In China For Tweets Critical Of Chinese Government,2020-01-23 03:48:00-05:00,GOOGL,2020-01-23
Researchers In Google's Cloud Team Identified 5 Different Types Of Potential Attack Allowing Third Parties To Obtain Sensitive Private Information,2020-01-22 12:48:00-05:00,GOOGL,2020-01-22
"Apple's Privacy Software Allowed Users To Be Tracked, Says Google",2020-01-22 12:44:00-05:00,GOOGL,2020-01-22
Stocks That Hit 52-Week Highs On Wednesday,2020-01-22 10:17:00-05:00,GOOGL,2020-01-22
GM-Backed Cruise's Self-Driving Robo-Taxi Revealed,2020-01-22 06:08:00-05:00,GOOGL,2020-01-22
Stocks That Hit 52-Week Highs On Tuesday,2020-01-21 10:11:00-05:00,GOOGL,2020-01-21
"Macron, Trump Agree To Hold Off Tit-For-Tat Tariffs",2020-01-21 08:34:00-05:00,GOOGL,2020-01-21
"Morgan Stanley Maintains Overweight on Alphabet, Raises Price Target to $1,560",2020-01-21 08:29:00-05:00,GOOGL,2020-01-21
Huawei Partners With TomTom To Develop Google Maps Alternative,2020-01-21 04:40:00-05:00,GOOGL,2020-01-21
"Macron, Trump Declare Truce on Digital Tax Dispute",2020-01-20 19:17:00-05:00,GOOGL,2020-01-21
4 ETFs For Alphabet's Ascent Into The Four Comma Club,2020-01-19 14:34:00-05:00,GOOGL,2020-01-19
9 Takeaways From The JPMorgan Healthcare Conference,2020-01-17 14:47:00-05:00,GOOGL,2020-01-17
Stocks That Hit 52-Week Highs On Friday,2020-01-17 13:23:00-05:00,GOOGL,2020-01-17
"UPDATE: UBS Maintains Buy on Alphabet, Raises Price Target to $1.675K As Firm Continues 'to see Cloud as an area where GOOG management will continue heavy levels of investment to maintain/build upon recent end market success'",2020-01-17 10:51:00-05:00,GOOGL,2020-01-17
Twitch's Viewership Declined In Q4 After Popular Streamers Left The Platform: Report,2020-01-17 07:25:00-05:00,GOOGL,2020-01-17
"Microsoft Commits To Go 'Carbon Negative' By 2030, Creates $1B Fund For Climate Innovation",2020-01-17 04:20:00-05:00,GOOGL,2020-01-17
"Google Parent Company Alphabet Joins The $1 Trillion Club With Apple, Microsoft, Aramco",2020-01-17 00:34:00-05:00,GOOGL,2020-01-17
Alphabet Inc. Market Cap Hits $1 Trillion,2020-01-16 15:59:00-05:00,GOOGL,2020-01-16
"Analyst: Amazon, Wayfair Big Winners From Impressive Online Holiday Sales Growth",2020-01-16 11:20:00-05:00,GOOGL,2020-01-16
Stocks That Hit 52-Week Highs On Thursday,2020-01-16 10:22:00-05:00,GOOGL,2020-01-16
"AirAsia Partners With Google To Reskill Staff, Launches Tech Academy",2020-01-16 03:22:00-05:00,GOOGL,2020-01-16
Criteo Comments on Google Chrome Privacy Enhancements,2020-01-15 05:30:00-05:00,GOOGL,2020-01-15
"Grindr, Tinder, OkCupid, Makeup, Kids And Prayer Apps Spreading User Data: Report",2020-01-15 01:11:00-05:00,GOOGL,2020-01-15
Bears Fawning For FANG With A Newly Upsized ETN,2020-01-14 14:30:00-05:00,GOOGL,2020-01-14
"Google Purchases Appsheet, No Terms Disclosed",2020-01-14 14:29:00-05:00,GOOGL,2020-01-14
"10 Most Trusted Brands In America: US Postal Service, Amazon Top The List",2020-01-14 14:15:00-05:00,GOOGL,2020-01-14
"Are You Ready For Some Esports? League Of Legends Will Add 'Monday Night League' Games On Website, YouTube, Twitch",2020-01-14 13:33:00-05:00,GOOGL,2020-01-14
Cramer Weighs In On Whether Alphabet Is Worth $1 Trillion,2020-01-14 12:28:00-05:00,GOOGL,2020-01-14
'Google is buying an Irish retail search startup called Pointy'  -Business Insider,2020-01-14 10:09:00-05:00,GOOGL,2020-01-14
"Microsoft CEO Criticizes India's Exclusionary Citizenship Law, Compares To US Experience",2020-01-14 01:58:00-05:00,GOOGL,2020-01-14
"Evercore ISI Group Maintains Outperform on Alphabet, Raises Price Target to $1.6K",2020-01-13 09:51:00-05:00,GOOGL,2020-01-13
Stocks That Hit 52-Week Highs On Friday,2020-01-10 12:18:00-05:00,GOOGL,2020-01-10
"Benzinga's Top Upgrades, Downgrades For January 10, 2020",2020-01-10 12:16:00-05:00,GOOGL,2020-01-10
"Bernstein Initiates Coverage On Alphabet with Outperform Rating, Announces $1.6K Price Target",2020-01-10 07:42:00-05:00,GOOGL,2020-01-10
Facebook Refuses To Limit Political Ads But Gives Users More Control Over Them,2020-01-10 05:09:00-05:00,GOOGL,2020-01-10
"Spotify, YouTube, Other Streaming Platforms Exceed Trillion In 2019",2020-01-10 02:16:00-05:00,GOOGL,2020-01-10
"Bernstein Initiates Coverage On Facebook And Google With Outperform Ratings; Firm Also Initiates Coverage On Amazon At Market Perform, Citing Exposure To Retail And Regulatory Concerns",2020-01-09 17:55:00-05:00,GOOGL,2020-01-10
Stocks That Hit 52-Week Highs On Thursday,2020-01-09 15:15:00-05:00,GOOGL,2020-01-09
"Billionaire Gives Away $9M As 'Social Experiment,' Breaks Twitter Records",2020-01-09 04:37:00-05:00,GOOGL,2020-01-09
Google's Travel Site Updated To Provide More Info,2020-01-09 01:59:00-05:00,GOOGL,2020-01-09
'Sonos sues Google for allegedly swiping speaker tech' -Washington Post,2020-01-07 14:58:00-05:00,GOOGL,2020-01-07
Alphabet shares are trading higher after Pivotal Researched upgraded the stock from Hold to Buy and raised the price target from $1.445k to $1.65k per share.,2020-01-06 10:12:00-05:00,GOOGL,2020-01-06
"Barron's Picks And Pans: Amazon, Dine Brands, Walgreens And More",2020-01-05 09:45:00-05:00,GOOGL,2020-01-05
"Benzinga's Top Upgrades, Downgrades For January 3, 2020",2020-01-03 11:33:00-05:00,GOOGL,2020-01-03
'@Xiaomi said Friday it had fixed a bug and communicated with @Google n response to the US firm disabling #Xiaomi link to Assistant and Google Home after a user reported seeing footage from other cameras.' -China's Global Times,2020-01-03 08:54:00-05:00,GOOGL,2020-01-03
Amazon To Employee Climate Activists: Toe The Line Or Get Fired,2020-01-03 07:39:00-05:00,GOOGL,2020-01-03
12 Stocks That Have Been The World's Most Valuable Company,2020-01-02 16:53:00-05:00,GOOGL,2020-01-03
"Nomura Internet Stock Preview For The Year: Buy Google, Activision Blizzard",2020-01-02 16:07:00-05:00,GOOGL,2020-01-03
Google Says Its AI Sometimes Outperforms Human Doctors In Detecting Cancer,2020-01-02 14:05:00-05:00,GOOGL,2020-01-02
"New Horizons: Virgin Galactic Debuts, China's Moon Landing, Female Space Walk And More",2020-01-01 17:51:00-05:00,GOOGL,2020-01-02
10 Things You Stopped Using This Decade,2019-12-31 11:30:00-05:00,GOOGL,2019-12-31
"Google Will Scrap Dutch, Irish IP Licensing System, Will Return IP To US",2019-12-31 09:25:00-05:00,GOOGL,2019-12-31
"Uber May Need to Curtail or Shut Down its Food Ordering Business in 2020 Due to Competition from Google, Others Says Analyst",2019-12-31 05:51:00-05:00,GOOGL,2019-12-31
YouTube To Limit Data It Collects On Kids Videos,2019-12-30 12:52:00-05:00,GOOGL,2019-12-30
34 CEOs Who Resigned Or Were Fired In 2019,2019-12-30 12:37:00-05:00,GOOGL,2019-12-30
Amazon Pays 13 Times More In Taxes With Hopes To Expand Business In Japan,2019-12-30 01:17:00-05:00,GOOGL,2019-12-30
Stocks That Hit 52-Week Highs On Friday,2019-12-27 11:27:00-05:00,GOOGL,2019-12-27
"YouTube Calls Crypto Video Removal An 'Error,' But Many Still Not Reinstated",2019-12-27 01:57:00-05:00,GOOGL,2019-12-27
Federal Aviation Administration Suggests Remote Tracking For Drones,2019-12-27 00:02:00-05:00,GOOGL,2019-12-27
"Gene Munster Talks Tesla's Opportunity, Apple's Valuation, Netflix's Headwinds",2019-12-26 14:16:00-05:00,GOOGL,2019-12-26
White House Says FAA Proposal Is 'Critical Step To Safely Integrate Commercial Drones Into The National Airspace',2019-12-26 11:36:00-05:00,GOOGL,2019-12-26
FAA Says It Expects All Drones Would Be In Compliance Within Three Years Of Finalizing Rule,2019-12-26 11:34:00-05:00,GOOGL,2019-12-26
U.S. Federal Aviation Administration Proposes Requiring Nearly All U.S. Drones To Be Equipped With Remote Tracking Technology,2019-12-26 11:33:00-05:00,GOOGL,2019-12-26
YouTube Allegedly Taking Down Cryptocurrency-Related Videos From Its Platform,2019-12-26 05:31:00-05:00,GOOGL,2019-12-26
Google Announces Pricing for First Stadia Games,2019-12-25 19:30:00-05:00,GOOGL,2019-12-26
"AFP Tweets: Apple told AFP that ToTok was removed from its App Store pending a review, while Google said it was taken down from the Play Store ""for a policy issue""",2019-12-23 18:20:00-05:00,GOOGL,2019-12-24
Google Buys Typhoon Studios To Bolster Stadia,2019-12-23 15:05:00-05:00,GOOGL,2019-12-23
Can Google Ever Catch Amazon And Microsoft In The Cloud?,2019-12-21 11:50:00-05:00,GOOGL,2019-12-21
Google Fined 150M Euros by France,2019-12-20 05:33:00-05:00,GOOGL,2019-12-20
Google Announces Independent Game Developer Typhoon Studios Has Joined Stadia,2019-12-19 12:37:00-05:00,GOOGL,2019-12-19
Google Shares Unaffected Following Earlier Bloomberg Article 'Facebook Pursues Music Video Rights in Challenge to YouTube',2019-12-19 10:38:00-05:00,GOOGL,2019-12-19
'Something Wrong With The Silicon Valley Propaganda': Peter Thiel Talks About Tech And Trump,2019-12-19 02:22:00-05:00,GOOGL,2019-12-19
"Why Alexa, Siri Are Teaming Up",2019-12-18 15:16:00-05:00,GOOGL,2019-12-18
Google Resolves Long-Running Tax Dispute With Australia,2019-12-18 15:03:00-05:00,GOOGL,2019-12-18
'Google and Amazon to create common tech platform for smart home devices' -AFP,2019-12-18 08:52:00-05:00,GOOGL,2019-12-18
"Blockchain Startup Raises $15M From Stanford And LinkedIn, Yahoo Co-Founders",2019-12-18 07:05:00-05:00,GOOGL,2019-12-18
UK's CMA Says There Is 'A Strong Argument For Development Of New Regulatory Regime' For Digital Markets; It Is Also Concerned About Lack Of Transparency In Way That Business Work On Platforms Such As Facebook And Google,2019-12-18 06:36:00-05:00,GOOGL,2019-12-18
Stocks That Hit 52-Week Highs On Tuesday,2019-12-17 11:19:00-05:00,GOOGL,2019-12-17
Google Cloud And Palo Alto Networks Expand Strategic Partnership,2019-12-16 12:11:00-05:00,GOOGL,2019-12-16
PewDiePie Says He Will Take A Break From YouTube In 2020,2019-12-16 05:20:00-05:00,GOOGL,2019-12-16
"FTC's Look Into Facebook A 'Negative Development,' Says RBC's Mahaney",2019-12-13 11:47:00-05:00,GOOGL,2019-12-13
"Angela Merkel The Most Powerful Woman On Forbes 2019 List, Thunberg The Youngest",2019-12-13 06:12:00-05:00,GOOGL,2019-12-13
YouTube's Music App Outpaces Spotify and Local Rivals in India,2019-12-13 05:53:00-05:00,GOOGL,2019-12-13
"Facebook, Google Are No Longer The Best Places To Work: Glassdoor",2019-12-12 06:05:00-05:00,GOOGL,2019-12-12
'An update to our harassment policy' -YouTube Blog,2019-12-11 09:52:00-05:00,GOOGL,2019-12-11
There's A New Trading Tool That Allows Traders To Trade Cannabis With Leverage,2019-12-11 09:47:00-05:00,GOOGL,2019-12-11
"Citi CFO, Currently Speaking At Goldman US Financial Services Conference, Says, Referring To Partnership With Google, Google Will Not Have Underyling Banking Data",2019-12-10 15:17:00-05:00,GOOGL,2019-12-10
Walmart Testing Driverless Grocery Delivery,2019-12-10 13:12:00-05:00,GOOGL,2019-12-10
"Fitbit Shares Dip To Session Low, Down 1.9% Over Last Min. As Hearing Alphabet Deal For Fitbit Is Facing A Dept. Of Justice Probe",2019-12-10 12:17:00-05:00,GOOGL,2019-12-10
"Huawei Ban Is Hurting Other Smartphone Makers, Including Apple",2019-12-09 22:04:00-05:00,GOOGL,2019-12-10
eBay Leaving Investors Bruised – Is It In Trouble?,2019-12-09 10:37:00-05:00,GOOGL,2019-12-09
Jorjin Chairman Says Smart Glasses May Replace Smartphones,2019-12-09 06:21:00-05:00,GOOGL,2019-12-09
Big Tech Firms Pose Global Financial Stability Risks: FSB Report,2019-12-08 23:44:00-05:00,GOOGL,2019-12-09
6 Ways To Control Your Child's Screen Time Around The Holidays,2019-12-08 13:10:00-05:00,GOOGL,2019-12-08
"Barron's Picks And Pans: Alphabet, Capital One, Macy's, Skechers And More",2019-12-08 12:33:00-05:00,GOOGL,2019-12-08
"EA, Cloudera And More 'Fast Money Halftime Report' Picks From Dec. 6",2019-12-06 16:32:00-05:00,GOOGL,2019-12-09
Stocks That Hit 52-Week Highs On Friday,2019-12-06 10:33:00-05:00,GOOGL,2019-12-06
Next Decade Could Belong To Cryptocurrency As Fiat System Crumbles: Deutsche Bank Research,2019-12-06 06:26:00-05:00,GOOGL,2019-12-06
Smart AR Glasses Shipments to Rise Significantly in 2023,2019-12-06 05:50:00-05:00,GOOGL,2019-12-06
"Bank Of America Downgrades F5 Networks, Negative Secular Trends Too Large To Ignore",2019-12-05 11:14:00-05:00,GOOGL,2019-12-05
"Benzinga's Top Upgrades, Downgrades For December 5, 2019",2019-12-05 10:02:00-05:00,GOOGL,2019-12-05
10 Biggest Price Target Changes For Thursday,2019-12-05 08:35:00-05:00,GOOGL,2019-12-05
"Stifel Nicolaus Upgrades Alphabet to Buy, Raises Price Target to $1,525",2019-12-05 07:24:00-05:00,GOOGL,2019-12-05
"American Airlines Says Google Had A Brief Technical Issue That Impacted Multiple Carriers, Including American; Issue Now Resolved",2019-12-04 14:52:00-05:00,GOOGL,2019-12-04
"Bank Of America On Alphabet Notes 'but we think initiatives with new advertising formats, Cloud traction, and YouTube content (what is YouTube in 5 years?), and any regulatory changes are much bigger factors in 2020'",2019-12-04 14:03:00-05:00,GOOGL,2019-12-04
"Bank Of America On Alphabet Notes 'Also, there may be an opportunity for change in Alphabet's super-voting control stock structure over time. This could result in a slightly higher multiple'",2019-12-04 14:02:00-05:00,GOOGL,2019-12-04
"Bank Of America Maintains Buy, $1.45K Target On Alphabet Notes 'With the founders taking a step back, we think Google is more likely to evolve its corporate philosophy to be more ""Street friendly"" over time'",2019-12-04 14:02:00-05:00,GOOGL,2019-12-04
"'Congrats on the move, Larry Page! Quick reminder: We do still expect you to testify before Congress. And changing your title while staying on the board and retaining effective control of it will not exempt you from accountability' -Elizabeth Warren",2019-12-04 13:32:00-05:00,GOOGL,2019-12-04
Did Alphabet's CEO Shuffle Come As A Surprise?,2019-12-04 11:00:00-05:00,GOOGL,2019-12-04
"Boris Johnson Affirms Plan To Tax Facebook, Google Despite Trump Retaliation",2019-12-04 09:00:00-05:00,GOOGL,2019-12-04
Sequoia Capital To Invest $3.4B In US And China,2019-12-04 05:31:00-05:00,GOOGL,2019-12-04
Alphabet CEO Larry Page To Step Down; Google CEO Sundar Pichai Will Assume Dual Roles,2019-12-03 17:01:00-05:00,GOOGL,2019-12-04
"Mastercard, Wynn And More 'Fast Money Halftime Report' Picks From Dec. 3",2019-12-03 16:51:00-05:00,GOOGL,2019-12-04
Larry Page To Step Down From Alphabet. Pichai To Be Ceo,2019-12-03 16:35:00-05:00,GOOGL,2019-12-04
Genius Media Group Inc. Sues Google Over Alleged Lifted Content; Genius Claims Lyrics Transcriptions on Google Search Contain Secret Watermark,2019-12-03 11:44:00-05:00,GOOGL,2019-12-03
French President Macron Says  French Digital Tax Doesn't Target United States Specifically; Says Digital Companies Whatever Their Nationality Compete Unfairly With Real Businesses,2019-12-03 09:46:00-05:00,GOOGL,2019-12-03
"Benzinga's Top Upgrades, Downgrades For December 3, 2019",2019-12-03 09:35:00-05:00,GOOGL,2019-12-03
10 Biggest Price Target Changes For Tuesday,2019-12-03 08:34:00-05:00,GOOGL,2019-12-03
"Piper Jaffray Initiates Coverage On Alphabet with Overweight Rating, Announces $1.5K Price Target",2019-12-03 06:30:00-05:00,GOOGL,2019-12-03
"Citigroup Assumes Alphabet at Buy, Raises $1,500 Price Target",2019-12-03 06:11:00-05:00,GOOGL,2019-12-03
French Finance Minister Le Maire Say Digital Tax Proposal Remains Valid,2019-12-03 05:52:00-05:00,GOOGL,2019-12-03
"Macron's Comments On NATO 'Very, Very Nasty,' Trump Says",2019-12-03 05:05:00-05:00,GOOGL,2019-12-03
US Wants To Put 100% Tariffs On $2.4B French Imports,2019-12-03 00:54:00-05:00,GOOGL,2019-12-03
Infographic: What Would It Take To Break Up The FAAMG Stocks?,2019-12-02 15:21:00-05:00,GOOGL,2019-12-02
Alphabet's YouTube and Google Took Down More Than 300 Trump Ads,2019-12-02 05:47:00-05:00,GOOGL,2019-12-02
This Industry ETF Is Usually A December Winner,2019-12-01 09:40:00-05:00,GOOGL,2019-12-01
EU Antitrust Regulators Say They're Investigating Google's Data Collection,2019-11-30 16:40:00-05:00,GOOGL,2019-12-02
Bitcoin Vs FANG: A Pseudo-Analysis Of Traditional Equity Assets Compared To Emerging Crypto Assets,2019-11-29 09:19:00-05:00,GOOGL,2019-11-29
Trump Campaign Says Google Policy Disproportionately Hurts GOP,2019-11-26 13:47:00-05:00,GOOGL,2019-11-26
15 Highest-Rated Analyst Stock Picks In The S&P 500,2019-11-26 13:32:00-05:00,GOOGL,2019-11-26
"Fitbit Shares Up 3% Premarket; Proxy Filing From Late Mon. Showed Details Of Co.'s Bidding Process Over Aug., Sept., Oct.",2019-11-26 08:01:00-05:00,GOOGL,2019-11-26
Google Fires Four Employee Activists For 'Data Security Breach',2019-11-26 04:14:00-05:00,GOOGL,2019-11-26
Black Friday For Gamers: The Biggest Video Game Deals This Holiday Season,2019-11-25 15:20:00-05:00,GOOGL,2019-11-25
"What You Should Know About Viagogo, The Company That Just Bought StubHub",2019-11-25 12:22:00-05:00,GOOGL,2019-11-25
Alphabet's Loon Subsidiary Has Agreed With Internet Para Todos Peru To Use High-Altitude Balloons To Expand Internet Access To Parts Of Peruvian Amazonia,2019-11-21 12:54:00-05:00,GOOGL,2019-11-21
Hearing YouTube Creators Now Required to Indicate Whether Content Is Made for Kids,2019-11-21 12:43:00-05:00,GOOGL,2019-11-21
Google Restricts Political Advertising On Its Platform,2019-11-21 01:12:00-05:00,GOOGL,2019-11-21
Vietnam's Vingroup in Deal with Google to Develop Smart TVs,2019-11-20 04:43:00-05:00,GOOGL,2019-11-20
Google Stadia Launch Update: Stadia Codes Being Sent Out 'Throughout The Day',2019-11-19 08:15:00-05:00,GOOGL,2019-11-19
"Boeing, Intel And More 'Fast Money Halftime Report' Picks From Nov. 18",2019-11-18 15:58:00-05:00,GOOGL,2019-11-18
Stocks That Hit 52-Week Highs On Monday,2019-11-18 11:01:00-05:00,GOOGL,2019-11-18
How Google's Fitbit Acquisition Is Already Posing Some Problems,2019-11-18 10:28:00-05:00,GOOGL,2019-11-18
"Barron's Picks And Pans: Medtronic, Tesla, Walmart And More",2019-11-17 12:49:00-05:00,GOOGL,2019-11-17
US Supreme Court Will Hear Google's Bid To End Oracle's Software Copyright Suit Related To Android OS,2019-11-15 14:05:00-05:00,GOOGL,2019-11-15
"Nvidia Impresses Analysts With Datacenter Resurgence, Expanding Margins",2019-11-15 13:11:00-05:00,GOOGL,2019-11-15
Stocks That Hit 52-Week Highs On Friday,2019-11-15 10:14:00-05:00,GOOGL,2019-11-15
'States' massive Google antitrust probe will expand into search and Android businesses' -CNBC,2019-11-14 15:45:00-05:00,GOOGL,2019-11-14
Governments And Banks Are Trying To Reduce Their Reliance On Big Tech,2019-11-14 13:16:00-05:00,GOOGL,2019-11-14
Apple Exec: Key To Success Is Not Using 'Cheap' Chromebooks,2019-11-14 11:54:00-05:00,GOOGL,2019-11-14
What Wall Street Thinks Of Google Cache,2019-11-14 11:05:00-05:00,GOOGL,2019-11-14
"Palo Alto Networks Shares Spike, Hearing CTFN Says Google Looking To Acquire Co.",2019-11-13 15:20:00-05:00,GOOGL,2019-11-13
"Google Spokesperson Says Co. Is Exploring How It Can Partner With Banks, Credit Unions In US To Offer Smart Checking Accounts Through Google Pay",2019-11-13 12:42:00-05:00,GOOGL,2019-11-13
Tech Giants Continue To Find New Competition In The Online Calendar Space,2019-11-13 10:06:00-05:00,GOOGL,2019-11-13
Google Wants To Be Your Bank Account,2019-11-13 08:58:00-05:00,GOOGL,2019-11-13
Democratic US Senator Warner Says Google's Fitbit Deal Needs Lots Of Scrutiny,2019-11-13 08:00:00-05:00,GOOGL,2019-11-13
"Google To Offer Checking Accounts Through Google Pay; Accounts Would Be Offered By Citigroup, Stanford Federal Credit Union",2019-11-13 06:37:00-05:00,GOOGL,2019-11-13
Twitch Launches Software For Live Streaming,2019-11-13 04:33:00-05:00,GOOGL,2019-11-13
Department of Health and Human Services to Investigate Google's 'Project Nightingale',2019-11-13 04:10:00-05:00,GOOGL,2019-11-13
Experts Discuss Google's Secretive Project Nightingale,2019-11-12 17:38:00-05:00,GOOGL,2019-11-13
"Disney+ Goes Live, Creates Promise For The Distributor But Risk For The Producer",2019-11-12 08:50:00-05:00,GOOGL,2019-11-12
Ascension Issues Press Release Confirming Working With Google On Healthcare,2019-11-11 15:14:00-05:00,GOOGL,2019-11-11
UPDATE: Patients And Doctors Not Yet Informed About Data Being Shared With Google,2019-11-11 13:30:00-05:00,GOOGL,2019-11-11
UPDATE: Search Giant Is Amassing Health Records From Ascension Facilities In 21 States,2019-11-11 13:29:00-05:00,GOOGL,2019-11-11
"Google's Secret ""Project Nightingale"" Aims To Gather And Crunch Personal Health Data On Millions Of Americans",2019-11-11 13:28:00-05:00,GOOGL,2019-11-11
InterDigital And Google Close Licensing Deal Through A New Platform,2019-11-11 13:16:00-05:00,GOOGL,2019-11-11
The Verge Article Highlights New YouTube Policy Stating That Co. Has No Obligation To Host Content Or Keep Videos Up,2019-11-11 10:03:00-05:00,GOOGL,2019-11-11
"Facebook, Google Considering Changes In Political Ad Policies",2019-11-08 13:15:00-05:00,GOOGL,2019-11-08
"Alibaba, FedEx And More 'Fast Money Halftime Report' Picks For November 7",2019-11-07 15:56:00-05:00,GOOGL,2019-11-07
Google Shares Unaffected As Hearing Co. In Talks With Telecom Italia Related To A Datacenter Deal,2019-11-07 11:36:00-05:00,GOOGL,2019-11-07
Stocks That Hit 52-Week Highs On Thursday,2019-11-07 10:16:00-05:00,GOOGL,2019-11-07
Alphabet Is Investigating Sexual Misconduct Allegations Against Execs,2019-11-06 23:48:00-05:00,GOOGL,2019-11-07
Google Considering Changes to Political Ad Policy,2019-11-06 17:58:00-05:00,GOOGL,2019-11-07
"Google Says As Part Of App Defense Alliance, Co Is Integrating Google Play Protect Detection Systems With Eset, Lookout, Zimperium's Scanning Engines",2019-11-06 12:35:00-05:00,GOOGL,2019-11-06
Photoshop Goes Mobile: Top Announcements From The Adobe MAX Show,2019-11-05 11:59:00-05:00,GOOGL,2019-11-05
"Analyst: Snap, Twitter Off To Strong Starts In Q4",2019-11-05 11:45:00-05:00,GOOGL,2019-11-05
This Day In Market History: Writer Strike Cripples Hollywood,2019-11-05 06:47:00-05:00,GOOGL,2019-11-05
"Bulls And Bears Of The Week: Apple, Facebook, Starbucks, Wayfair And More",2019-11-03 10:44:00-05:00,GOOGL,2019-11-03
WeTrader Competition: Round Four Wrap-up,2019-11-01 17:15:00-04:00,GOOGL,2019-11-04
Google Invades Apple's Wearables Territory With Fitbit Acquisition,2019-11-01 14:36:00-04:00,GOOGL,2019-11-01
Google Will Buy Fitbit For $2.1B,2019-11-01 09:23:00-04:00,GOOGL,2019-11-01
Fitbit To Be Acquired By Google At $7.35/Share In Cash,2019-11-01 09:00:00-04:00,GOOGL,2019-11-01
"Court Filing Shows Google, Alphabet Have Sued Texas State Attorney General To Ensure Protection For Confidential Business Info",2019-10-31 14:43:00-04:00,GOOGL,2019-10-31
Facebook Perseveres Against Pressures With Yet Another Strong And Better Than-Expected Quarter,2019-10-31 11:20:00-04:00,GOOGL,2019-10-31
"SiriusXM Reports Will Now Be Available On Google Nest Smart Speakers, Displays Via Google Assistant, No Terms Disclosed",2019-10-30 09:04:00-04:00,GOOGL,2019-10-30
Sony To Shutter PlayStation Vue Amid 'Competitive Pay TV Industry',2019-10-29 17:36:00-04:00,GOOGL,2019-10-30
'Fast Money' Picks For October 29,2019-10-29 12:08:00-04:00,GOOGL,2019-10-29
Cramer: $10B Pentagon Contract Validates Microsoft's Cloud Business,2019-10-29 12:05:00-04:00,GOOGL,2019-10-29
The Head Of Fidelity Institutional Outlines The 4 Macro Trends Taking Over Financial Services Right Now,2019-10-29 11:35:00-04:00,GOOGL,2019-10-29
Hey Google! Sell-Side Sentiment Solid After Alphabet's Q3 Earnings Disappoint,2019-10-29 11:20:00-04:00,GOOGL,2019-10-29
3 Reasons Fitbit Could Be An Attractive M&A Target,2019-10-29 11:10:00-04:00,GOOGL,2019-10-29
"BMO Capital Maintains Market Perform on Alphabet, Raises Price Target to $1,250",2019-10-29 10:41:00-04:00,GOOGL,2019-10-29
"Barclays Maintains Overweight on Alphabet, Raises Price Target to $1,400",2019-10-29 10:30:00-04:00,GOOGL,2019-10-29
"Canaccord Genuity Maintains Buy on Alphabet, Raises Price Target to $1,450",2019-10-29 10:23:00-04:00,GOOGL,2019-10-29
"KeyBanc Maintains Overweight on Alphabet, Raises Price Target to $1.546K",2019-10-29 06:05:00-04:00,GOOGL,2019-10-29
Australia's ACCC Says Google Allegedly Misled Consumers on Collection and Use of Location Data,2019-10-29 03:48:00-04:00,GOOGL,2019-10-29
Alphabet shares are trading lower after the company reported Q3 EPS of $10.12 versus the $12.38 estimate.,2019-10-28 16:24:00-04:00,GOOGL,2019-10-29
Alphabet Shares Fall On Q3 Earnings,2019-10-28 16:15:00-04:00,GOOGL,2019-10-29
"Alphabet Q3 EPS $10.12 May Not Compare To $12.38 Estimate, Sales $40.499B Beat $40.32B Estimate",2019-10-28 16:05:00-04:00,GOOGL,2019-10-29
"Alphabet shares are trading higher ahead of the company's Q3 earnings report, which is expected to be released after the close today.",2019-10-28 14:41:00-04:00,GOOGL,2019-10-28
"UPDATE: Alphabet Held Secret 'Logistics Summit' With Representatives From FedEx, Other Shipping Cos.",2019-10-28 14:30:00-04:00,GOOGL,2019-10-28
FedEx Shares Volatile As Hearing Google Held Secret Meetings With Representatives From FedEx,2019-10-28 14:27:00-04:00,GOOGL,2019-10-28
Report: Google Looking To Acquire Fitbit,2019-10-28 12:19:00-04:00,GOOGL,2019-10-28
More Earnings And A Fed Decision In Week Four Of The WeTrader Competition,2019-10-28 11:56:00-04:00,GOOGL,2019-10-28
"Fitbit Shares Resume Trade, Continue Higher, Now Up 29%",2019-10-28 11:52:00-04:00,GOOGL,2019-10-28
Apple Shares Tick Very Slightly Lower (~0.1-0.2%) Following Report Alphabet Made Offer To Buy Fitbit,2019-10-28 11:50:00-04:00,GOOGL,2019-10-28
"Fitbit Shares Halted On Circuit Breaker, Up 18.6%, As Hearing Alphabat Made Offer To Buy Co.",2019-10-28 11:47:00-04:00,GOOGL,2019-10-28
Q3 Earnings Outlook For Alphabet,2019-10-28 07:45:00-04:00,GOOGL,2019-10-28
Bloomberg Reports Apple is Hiring a Team to Bolster its Smart Home Devices,2019-10-28 07:44:00-04:00,GOOGL,2019-10-28
WeTrader Competition: Round Three Wrap-up,2019-10-25 16:03:00-04:00,GOOGL,2019-10-28
Faster Internet = Bigger Paycheck?,2019-10-25 13:03:00-04:00,GOOGL,2019-10-25
Amazon Misses Wall Street Profit Estimates Sending The Stock Tumbling,2019-10-25 11:06:00-04:00,GOOGL,2019-10-25
"BMO Capital Maintains Market Perform on Alphabet, Raises Price Target to $1,245",2019-10-25 08:33:00-04:00,GOOGL,2019-10-25
Google Announces Changes to Search Engine 'Choice Screen' On Android Phones In EU,2019-10-23 12:51:00-04:00,GOOGL,2019-10-23
Google Bows To EU Pressure Over Android Remedy,2019-10-23 12:50:00-04:00,GOOGL,2019-10-23
More US State Attorneys General Join Facebook Antitrust Probe,2019-10-23 02:02:00-04:00,GOOGL,2019-10-23
U.S. State AG's Probing Antitrust Concerns at Google Plan to Meet Next Month in Colorado to Discuss Investigation,2019-10-22 18:56:00-04:00,GOOGL,2019-10-23
"KeyBanc Notes 'Conversations with advertisers remained quite positive around Facebook and Google, with signs of continued growth in demand across the platforms aided by rapidly expanding use of publisher automation tools'",2019-10-22 11:33:00-04:00,GOOGL,2019-10-22
"Options Trader Danielle Shay On Increasing Awareness, Opportunity In the Markets",2019-10-22 08:30:00-04:00,GOOGL,2019-10-22
Google Names Javier Soltero VP For G Suite Productivity Apps,2019-10-21 14:11:00-04:00,GOOGL,2019-10-21
"Veem Leverages Blockchain, Bitcoin In Global Payments Space",2019-10-21 12:29:00-04:00,GOOGL,2019-10-21
Cramer: Is FAAMG The New FAANG?,2019-10-21 11:11:00-04:00,GOOGL,2019-10-21
Positioning CBD Businesses For Success,2019-10-18 12:33:00-04:00,GOOGL,2019-10-18
Public: The Investment App Connecting Millennials With 'One Of The Biggest Drivers Of Prosperity',2019-10-17 16:04:00-04:00,GOOGL,2019-10-18
"Google Snubs WeWork, Signs Toronto Lease With Co-Working Rival",2019-10-17 15:49:00-04:00,GOOGL,2019-10-17
"Google Says Adding Ability For People To Report Crashes, Speed Traps & Traffic Slowdowns On Google Maps From Their iPhone; Feature Is Expanding To iOS",2019-10-17 13:25:00-04:00,GOOGL,2019-10-17
Trump Says Not Happy With EU Digital Tax On American Companies,2019-10-16 13:25:00-04:00,GOOGL,2019-10-16
'Panasonic poaches Google robotic expert for smart-home tech' -Recent Nikkei Article,2019-10-16 13:13:00-04:00,GOOGL,2019-10-16
From Google Pixel 4 Event: Smartphone Starts At $799,2019-10-15 10:52:00-04:00,GOOGL,2019-10-15
From Google Pixel 4 Event: Has Launched New Nest Wifi Router 2 Pack For $269,2019-10-15 10:38:00-04:00,GOOGL,2019-10-15
From Google Pixel 4 Event: Has Launched Nest Mini Smart Speaker With A Mall Mount For $49,2019-10-15 10:36:00-04:00,GOOGL,2019-10-15
Survey: Teens Spend More Time On YouTube Than Netflix,2019-10-15 10:30:00-04:00,GOOGL,2019-10-15
From Google Pixel 4 Event: Highlighting Updates For Google Nest,2019-10-15 10:26:00-04:00,GOOGL,2019-10-15
From Google Pixel 4 Event: New Pixel Earbuds Will Be Coming In Spring 2020,2019-10-15 10:23:00-04:00,GOOGL,2019-10-15
'Stadia arrives on November 19' -Google Blog,2019-10-15 10:21:00-04:00,GOOGL,2019-10-15
CenturyLink Expands On-Demand Network Connectivity to Google Cloud Platform,2019-10-15 08:26:00-04:00,GOOGL,2019-10-15
"Apple, Microsoft Battle For Position As World's Most Valuable Company By Market Cap",2019-10-14 15:03:00-04:00,GOOGL,2019-10-14
"Mortgage Industry Disruptor Better.com Expands Business Lines, Eyes $1B Valuation",2019-10-11 14:29:00-04:00,GOOGL,2019-10-11
Trader Toolkit: Cash Flow,2019-10-11 09:18:00-04:00,GOOGL,2019-10-11
"Google Spokesperson Says 'The Revolution Of Our Times' App Was Found To Be Violating Policy Which Prohibits Developers From Capitalizing On Sensitive Events, Has Suspended It",2019-10-10 11:38:00-04:00,GOOGL,2019-10-10
What To Expect From Q3 Internet Earnings,2019-10-09 16:24:00-04:00,GOOGL,2019-10-10
Why This Cannabis Social Media Platform Was Just Removed From The App Store,2019-10-09 15:33:00-04:00,GOOGL,2019-10-09
Survey Shows Teens Prefer YouTube Over Netflix,2019-10-08 09:53:00-04:00,GOOGL,2019-10-08
Investors Sell FANG To Buy IPOs In September's IMX,2019-10-07 16:54:00-04:00,GOOGL,2019-10-08
Google to Build a Data Center in Nebraska,2019-10-04 15:41:00-04:00,GOOGL,2019-10-04
Google Considering Purchase Of Rival To Video App TikTok,2019-10-04 14:25:00-04:00,GOOGL,2019-10-04
"Delta, Ulta And More 'Fast Money' Picks For October 3",2019-10-03 11:27:00-04:00,GOOGL,2019-10-03
Cloud Competition: Is Digital Ocean The Next AWS?,2019-10-02 16:36:00-04:00,GOOGL,2019-10-03
Here's How Large Option Traders Reacted To Microsoft's Surface Event,2019-10-02 13:25:00-04:00,GOOGL,2019-10-02
Microsoft To Partner With Google For Android On The Surface Duo,2019-10-02 11:26:00-04:00,GOOGL,2019-10-02
Google Announces Incognito Mode in Google Maps,2019-10-02 06:56:00-04:00,GOOGL,2019-10-02
Huawei Phones Lose Access to Install Google's Apps,2019-10-02 04:39:00-04:00,GOOGL,2019-10-02
Looking At The Newest S&P 500 Sector One Year Later,2019-09-30 14:49:00-04:00,GOOGL,2019-09-30
'Alphabet taps former FDA commissioner to oversee health strategy and policy' -CNBC,2019-09-30 14:38:00-04:00,GOOGL,2019-09-30
Analyst: Facebook Next To Face Antitrust Scrutiny,2019-09-29 16:26:00-04:00,GOOGL,2019-09-30
Analyst: Apple's Services Narrative Is Largely Priced In; Stock No Longer Attractive,2019-09-26 12:09:00-04:00,GOOGL,2019-09-26
Oracle Received Requests from Congressional and State Investigator for Information about Google,2019-09-25 20:46:00-04:00,GOOGL,2019-09-26
United Steelworkers Says Workers At Google Contractor HCL Vote To Join USW,2019-09-24 15:29:00-04:00,GOOGL,2019-09-24
"Starbucks, Google Score Legal Victories In Europe; Fiat Has To Pay Up",2019-09-24 11:21:00-04:00,GOOGL,2019-09-24
Google Wins Right-to-be Forgotten Fight With France,2019-09-24 03:57:00-04:00,GOOGL,2019-09-24
Winners And Losers From Nomura CIO Spending Survey,2019-09-23 16:30:00-04:00,GOOGL,2019-09-24
"Alphabet, Chipotle And More 'Fast Money Halftime Report' Picks From September 23",2019-09-23 16:02:00-04:00,GOOGL,2019-09-24
'Google Play Pass is Here: $4.99/Mo for Access to 350+ Apps and Games' -Droid Life,2019-09-23 12:06:00-04:00,GOOGL,2019-09-23
10 Stocks Where Short Sellers Are Throwing In The Towel,2019-09-23 10:40:00-04:00,GOOGL,2019-09-23
"Google Says By Default, Co Does Not Retain Users' Google Assistant Audio Recordings; This Has Been The Case, And Will Remain Unchanged; Says To Store User Audio Data, They Can Opt In To Voice & Audio Activity (Vaa) Setting When They Set Up Assistant",2019-09-23 09:15:00-04:00,GOOGL,2019-09-23
Google CEO Says Co to Invest €3B to Expand European Data Centers,2019-09-20 04:01:00-04:00,GOOGL,2019-09-20
Senator Mark Warner Says Google Must Be Accountable For China Work,2019-09-19 11:18:00-04:00,GOOGL,2019-09-19
Google Says Google Pay India Monthly Users at 67M,2019-09-19 05:14:00-04:00,GOOGL,2019-09-19
'Drug dealers are peddling steroids on Facebook and YouTube' -Earlier Washington Post Article $,2019-09-16 15:01:00-04:00,GOOGL,2019-09-16
'Here's what Google got from Fossil in its $40 million deal' -Wareable,2019-09-16 13:59:00-04:00,GOOGL,2019-09-16
'Google will announce its answer to iPhone 11 on Oct. 15' -Tweets CNBC,2019-09-16 12:36:00-04:00,GOOGL,2019-09-16
Dan Nathan's Alphabet Options Trade,2019-09-15 18:23:00-04:00,GOOGL,2019-09-16
'House Committee Requests Tech Executives' Emails in Antitrust Probe' -WSJ,2019-09-13 08:35:00-04:00,GOOGL,2019-09-13
Todd Gordon's Alphabet Options Trade,2019-09-12 17:20:00-04:00,GOOGL,2019-09-13
"CVS, Shake Shack And More 'Fast Money Halftime Report' Picks From September 12",2019-09-12 16:10:00-04:00,GOOGL,2019-09-13
"Hearing Google Has Agreed To €500M Fine By French Authorities, Will Settle Fiscal Fraud Probe",2019-09-12 09:54:00-04:00,GOOGL,2019-09-12
"NLRB Says Google Must Tell Employees They Are Free to Speak Out About Work Conditions, Other Topics",2019-09-12 06:56:00-04:00,GOOGL,2019-09-12
Google to Build Second Data Center in Taiwan,2019-09-12 04:38:00-04:00,GOOGL,2019-09-12
EU Court Says Germany Must Notify EU of Copyright Law Targeting Google,2019-09-12 04:31:00-04:00,GOOGL,2019-09-12
Google About to Launch Google Play Pass,2019-09-10 05:01:00-04:00,GOOGL,2019-09-10
Smart Speaker Shipments Growing Slowly in 2019,2019-09-10 04:43:00-04:00,GOOGL,2019-09-10
App Auto Generates Google Shopping Ads For Shopify,2019-09-09 15:54:00-04:00,GOOGL,2019-09-09
Analysts React To Heavy Selling Pressure In The Tech Sector,2019-09-09 15:01:00-04:00,GOOGL,2019-09-09
Texas Attorney General Says Formal Doc Request Has Been Sent To Google Today,2019-09-09 14:41:00-04:00,GOOGL,2019-09-09
"Tennessee Attorney General Says Attorney Generals Will Be Looking Into Alphabet/Google Acquisitions, Cos. Google Took Stakes In Then Rolled Out Similar Products",2019-09-09 14:21:00-04:00,GOOGL,2019-09-09
"'.@Huawei confirmed at #IFA2019 in Berlin that #Mate30 series will be installed with #Android10, but will not carry any #Google apps when launched on Sept. 19. ' -China's National Business Daily",2019-09-09 08:41:00-04:00,GOOGL,2019-09-09
Treasury Secretary Says Meeting With Digital Companies This Week To Discuss France Digital Tax Issue,2019-09-09 08:20:00-04:00,GOOGL,2019-09-09
"Google Says It Supports Responsible Political Ads That Comply With Local Legislation, Following Russian Accusation It Distributed Political Advertising During Sunday Elections",2019-09-09 03:47:00-04:00,GOOGL,2019-09-09
Facebook Dating Vs. Match.com Vs. Tinder,2019-09-07 14:55:00-04:00,GOOGL,2019-09-07
Google Parent Alphabet Received Civil Investigative Demand from DoJ on Aug. 30; Seeks Information and Documents Related to Prior Antitrust Investigations in U.S. and Elsewhere,2019-09-06 17:15:00-04:00,GOOGL,2019-09-09
'Google files patent for using A.I. to track a baby's body and eye movements ' -CNBC,2019-09-06 14:52:00-04:00,GOOGL,2019-09-06
Texas Attorney General To Announce Launch Of Multistate Investigation Into Whether Big Tech Companies Broke Antitrust Law On Monday,2019-09-06 11:54:00-04:00,GOOGL,2019-09-06
"'States to Launch Google, Facebook Antitrust Probes' -WSJ",2019-09-06 10:26:00-04:00,GOOGL,2019-09-06
"New York AG Confirms Antitrust Investigation Into Facebook, Google Is Reportedly Next",2019-09-06 10:23:00-04:00,GOOGL,2019-09-06
"Russian Watchdog Says It Has Sent Requests To Google And Facebook Asking For Ban On Political Ads During Upcoming Local Election; Says If Facebook And Google Do Not Comply With Political Ads Ban, Russia Will Consider This Election Interference",2019-09-06 10:19:00-04:00,GOOGL,2019-09-06
"Telenav Says GM Contact Unaffected By Deal Between Automaker, Google",2019-09-06 10:07:00-04:00,GOOGL,2019-09-06
"States Launching Google, Facebook Antitrust Probes;  Google Probe to Be Announced Monday",2019-09-06 05:59:00-04:00,GOOGL,2019-09-06
Analyst: Why Google Could Buy Nutanix,2019-09-05 15:30:00-04:00,GOOGL,2019-09-05
"GM Will Deploy Google System Over Time, No Lightswitch Change",2019-09-05 11:49:00-04:00,GOOGL,2019-09-05
Shares of several large-cap companies are trading higher with the broader stock market after the Chinese Minister of Commerce said the leaders of the U.S. and China are set to meet in Washington D.C in early October.,2019-09-05 11:27:00-04:00,GOOGL,2019-09-05
Trefis Research Report Suggests 'Google Could Acquire Nutanix For $9 BillionTo Further Its Cloud Ambitions',2019-09-05 06:16:00-04:00,GOOGL,2019-09-05
"Facebook, Google, Twitter Meeting With US Security Officials At Facebook HQ Wed. To Discuss 2020 US Election",2019-09-04 14:42:00-04:00,GOOGL,2019-09-04
'Tech company sources say they've heard the big state AG tech crackdown on @Google and possibly others will be led by AGs in @MississippiAGO @TXAG @UtahAG and Nebraska...' -Tweet From Charlie Gasparino,2019-09-04 12:29:00-04:00,GOOGL,2019-09-04
Google Fined $170M By FTC Over Accusations Of Child Privacy Violations By YouTube,2019-09-04 10:55:00-04:00,GOOGL,2019-09-04
TD Ameritrade Rolls Out New Hands-Free Google Assistant Integration,2019-09-04 10:24:00-04:00,GOOGL,2019-09-04
'F.T.C. Fines Google $170 Million for Violating Children's Privacy on YouTube' NY Times,2019-09-04 09:15:00-04:00,GOOGL,2019-09-04
TD Ameritrade Customers Can Use Google Assistant to Access Accounts,2019-09-04 03:48:00-04:00,GOOGL,2019-09-04
'Google emerges as target of a new state attorneys general antitrust probe' -Washington Post,2019-09-03 13:58:00-04:00,GOOGL,2019-09-03
It's All In The Cloud: Tech Investor Reveals Her Top Picks,2019-09-03 12:01:00-04:00,GOOGL,2019-09-03
'Google to pay up to $200M to settle FTC YouTube investigation' -POLITICO,2019-08-30 14:08:00-04:00,GOOGL,2019-08-30
Reasons To Investigate This Internet ETF,2019-08-30 12:46:00-04:00,GOOGL,2019-08-30
Google To Pay Up To $200M To Settle FTC Youtube Investigation,2019-08-30 12:39:00-04:00,GOOGL,2019-08-30
'Google is facing another EU antitrust probe — this time over its jobs search tool' -CNBC From Yesterday,2019-08-29 06:41:00-04:00,GOOGL,2019-08-29
Report: US Officials Move To Block Trans-Pacific Cable,2019-08-28 14:31:00-04:00,GOOGL,2019-08-28
"US Officials Are Seeking To Block An Undersea Cable Backed By Google, Facebook Inc. And A Chinese Partner, WSJ Reports",2019-08-28 07:36:00-04:00,GOOGL,2019-08-28
'Google to move Pixel smartphone production to Vietnam' -Nikkei,2019-08-28 06:55:00-04:00,GOOGL,2019-08-28
Central Figure Charged With Theft In Autonomous Vehicle Trade Secrets Case,2019-08-27 17:07:00-04:00,GOOGL,2019-08-28
"Former Google, Uber Self-Driving Tech Engineer Levandowski Indicted On IP Theft Charges",2019-08-27 14:37:00-04:00,GOOGL,2019-08-27
Department Of Justice Files Criminal Charges Against Anthony Levandowski Alleging Theft Of Alphabet Trade Secrets;  Justice Department Says Levandowski Stole Engineering Details For Lidar Technology Before Eventually Working At Uber,2019-08-27 13:32:00-04:00,GOOGL,2019-08-27
"Morgan Stanley Maintains Overweight On Google, Maintains $1,450 Target As Firm Notes 'our bottom up sizing of Google Maps monetization, Discover Feed,and GOOGL's new eCommerce products shows the potential to add ~$5bn (~450bp) to '20 Websites'",2019-08-27 09:51:00-04:00,GOOGL,2019-08-27
"'Arbutus Biopharma Corp - Co Expects To Record A Charge Of About $5.8 Mln, Excluding The Amount Of Any Potential Award Of Attorneys' Fees In Q3' -Bloomberg",2019-08-26 16:32:00-04:00,GOOGL,2019-08-27
'Baidu replaces Google to become number two in smart speaker market in Q2 2019' -Canalys,2019-08-26 14:24:00-04:00,GOOGL,2019-08-26
Shares of several large-cap companies are trading higher amid easing trade tensions. President Trump said China is ready to come back to the negotiating table.,2019-08-26 13:58:00-04:00,GOOGL,2019-08-26
"French, US Finance Officials Agree on a Draft Proposal on France's Digital Tax; Will Submit to Heads of State on Monday",2019-08-26 04:00:00-04:00,GOOGL,2019-08-26
Shares of several large-cap companies are trading lower in sympathy with the overall market on escalated trade tensions after China announced it plans to impose a 5% to 10% tariff rate on $75 billion worth of U.S. goods.,2019-08-23 09:58:00-04:00,GOOGL,2019-08-23
Hearing Germany Planning 'Gaia-X' Cloud Rival To Google And Amazon; Unconfirmed,2019-08-22 14:51:00-04:00,GOOGL,2019-08-22
"EU Officials Want To Set Up A €100 Billion Wealth Fund To Bolster ""European Champions"" Against American And Chinese Business Rivals Like Google, Apple And Alibaba",2019-08-22 13:46:00-04:00,GOOGL,2019-08-22
Microsoft The Latest To Be Criticized For Using Humans To Listen To User Audio,2019-08-22 11:06:00-04:00,GOOGL,2019-08-22
"Kohl's, Snap And More 'Fast Money' Picks For August 22",2019-08-22 10:58:00-04:00,GOOGL,2019-08-22
Google Collaborates with Telangana Government in India for 'Digital Telangana',2019-08-22 04:20:00-04:00,GOOGL,2019-08-22
"Loup Ventures Analyzes Voice Assistants: Google Bests Siri And Alexa, But All Are Improved",2019-08-21 16:46:00-04:00,GOOGL,2019-08-22
DXC Technology and Google Cloud Announce Global Partnership To 'Drive Innovation For Enterprises At Scale',2019-08-20 09:04:00-04:00,GOOGL,2019-08-20
State Attorneys General to Move Forward With Antitrust Probe Of Big Tech Companies; State Effort Could Dovetail With Justice Dept. Probe,2019-08-19 16:51:00-04:00,GOOGL,2019-08-20
Shares of several large-cap companies are trading higher on renewed optimism for a solution to the U.S.-China trade war.,2019-08-19 12:07:00-04:00,GOOGL,2019-08-19
"'Wow, Report Just Out! Google manipulated from 2.6 million to 16 million votes for Hillary Clinton in 2016 Election! This was put out by a Clinton supporter, not a Trump Supporter! Google should be sued. My victory was even bigger...' -Tweets Trump",2019-08-19 11:54:00-04:00,GOOGL,2019-08-19
Google Shuts Down Service Provided to Wireless Carriers Globally That Showed Weak Spots in Their Network Coverage,2019-08-19 07:33:00-04:00,GOOGL,2019-08-19
This Day In Market History: The Google IPO,2019-08-19 07:00:00-04:00,GOOGL,2019-08-19
What Analysts Have To Say About Nvidia Following Earnings Beat,2019-08-16 11:55:00-04:00,GOOGL,2019-08-16
Shares of several large-cap companies are trading higher with the broader market on renewed optimism surrounding US-China trade talks after Donald Trump announced earlier in the week that he would delay additional tariffs on Chinese goods until December.,2019-08-16 11:53:00-04:00,GOOGL,2019-08-16
'The Trump administration has urged Congress to make permanent the expiring legal authority that empowers the National Security Agency to gain access to logs of Americans' domestic communications...' -Tweet From NY Times,2019-08-15 14:26:00-04:00,GOOGL,2019-08-15
"Q2 13F Roundup: How Buffett, Einhorn, Ackman And Others Adjusted Their Portfolios",2019-08-15 13:40:00-04:00,GOOGL,2019-08-15
"Appaloosa 13F Shows Raised Stakes In Google, UnitedHealth, Cut Stakes In Vistra Energy, T-Mobile, Facebook, Took New Stake In Intelsat",2019-08-14 16:20:00-04:00,GOOGL,2019-08-15
SunTrust: Internet Stocks Outperforming S&P 500,2019-08-13 16:59:00-04:00,GOOGL,2019-08-14
"Watching Facebook, Alphabet, Other Major Tech Names Amid Report FTC Chair Says Prepared To Break Up Major Tech Platforms By Undoing Past Mergers If Necessary",2019-08-13 16:32:00-04:00,GOOGL,2019-08-14
Shares of several large-cap companies are trading higher in sympathy with the overall market after the U.S. announced it is excluding and delaying the additional 10% tariff on certain products.,2019-08-13 10:37:00-04:00,GOOGL,2019-08-13
Google's Jobs Search Draws Antitrust Complaints From Rivals,2019-08-13 03:54:00-04:00,GOOGL,2019-08-13
Russia Tells Google Not to Advertise Illegal Events Following Protest in Moscow,2019-08-11 08:32:00-04:00,GOOGL,2019-08-11
"The Lesson From The Capital One Data Breach: The Cloud Is Vulnerable, And We Shouldn't Forget It",2019-08-09 12:49:00-04:00,GOOGL,2019-08-09
Huawei To Google: We Don't Need You Anymore,2019-08-09 10:26:00-04:00,GOOGL,2019-08-09
Amazon Seeks FAA Approval For Its Prime Air Drone,2019-08-08 15:51:00-04:00,GOOGL,2019-08-08
Shares are several consumer technology companies are trading higher in sympathy with the overall market.,2019-08-08 13:58:00-04:00,GOOGL,2019-08-08
"Chinese Cloud Services Rivalry Heats Up As Alibaba, Tencent Face Off",2019-08-08 11:30:00-04:00,GOOGL,2019-08-08
"CNBC Tweet: AMD lands Google, Twitter as customers with newest server chip.",2019-08-07 19:41:00-04:00,GOOGL,2019-08-08
"AT&T, Disney And More 'Fast Money' Picks For August 7",2019-08-07 10:34:00-04:00,GOOGL,2019-08-07
"From Disney Q3 Earnings Conference Call: Expect Co. To Conclude Deals With Apple, Amazon, Google, Other Distribution Partners",2019-08-06 17:18:00-04:00,GOOGL,2019-08-07
Series Of Trump Tweets Emphasizes 'We are watching Google very closely!',2019-08-06 13:53:00-04:00,GOOGL,2019-08-06
Hearing Cowen Says AMD May Announce Google As A CPU Customer At tomorrow's Event,2019-08-06 11:21:00-04:00,GOOGL,2019-08-06
Shares of several large-cap companies are trading lower with the overall market on renewed US-China trade tensions. President Trump announced an additional 10% tariff on $300 billion worth of Chinese goods. China is manipulating its currency and announced they are not buying any agricultural products from the U.S.,2019-08-05 11:14:00-04:00,GOOGL,2019-08-05
Analysts Share Their View On FANG Stocks And Apple,2019-08-02 16:22:00-04:00,GOOGL,2019-08-05
"MKM Partners Assumes Alphabet at Buy, Announces $1.45K Price Target",2019-08-02 08:25:00-04:00,GOOGL,2019-08-02
'Google suspends transcriptions of recordings from its voice assistant in Europe' -CNBC,2019-08-01 14:44:00-04:00,GOOGL,2019-08-01
"Amgen, Alphabet And More 'Fast Money Halftime Report' Picks From July 31",2019-07-31 17:07:00-04:00,GOOGL,2019-08-01
'I Didn't Want To Die': Why One Woman Turned To Trading Options To Fund Life-Extending Stem Cell Treatments,2019-07-31 15:49:00-04:00,GOOGL,2019-07-31
How Does Apple's iPhone Loyalty Compare To Samsung And Google?,2019-07-31 12:55:00-04:00,GOOGL,2019-07-31
'Fastest Crypto Exchange In The World' Released To Retail Market,2019-07-31 11:26:00-04:00,GOOGL,2019-07-31
Welcome To Minority Report: See The Pixel 4's Gesture Control Technology,2019-07-30 15:35:00-04:00,GOOGL,2019-07-30
Analyst: Google Cloud Could Drop Intel For AMD,2019-07-30 10:09:00-04:00,GOOGL,2019-07-30
"Apple On Today's Menu, With Starring Roles From China Talks, Fed Meeting",2019-07-30 10:07:00-04:00,GOOGL,2019-07-30
"AMD Shares Spike 1.5%, Intel Shares Fall 0.8% As Hearing Lynx Equity Out With A Call Suggesting Google Cloud Could Switch From Intel To AMD Chips",2019-07-30 08:31:00-04:00,GOOGL,2019-07-30
4 Banks That Don't Charge Month Fees For Checking Accounts,2019-07-30 08:07:00-04:00,GOOGL,2019-07-30
"Google Cloud, VMware Highlight Launch Of Google Cloud VMware Solution By CloudSimple",2019-07-30 08:01:00-04:00,GOOGL,2019-07-30
"Huawei Chairman Says Small Amount of Non-essential Supplies Has Resumed, but Not Key Ones Such as Google Android",2019-07-30 03:51:00-04:00,GOOGL,2019-07-30
'Huawei and Google Were Working On New Smart Speaker Before Trump's Ban' -The Information,2019-07-29 13:09:00-04:00,GOOGL,2019-07-29
"VMware Shares Relatively Unaffected Following The Information Report 'The People With Power at Google Cloud,' Suggesting Google Cloud Discussing Partnership With VMware",2019-07-29 10:12:00-04:00,GOOGL,2019-07-29
"Bulls And Bears Of The Week: Coca-Cola, Intel, Mattel, Starbucks And More",2019-07-28 16:55:00-04:00,GOOGL,2019-07-29
"@elonmusk Tweet Ability to stream YouTube & Netflix when car is stopped coming to your Tesla soon! Has an amazingly immersive, cinematic feel due to the comfy seats & surround sound audio.",2019-07-28 08:18:00-04:00,GOOGL,2019-07-28
Report: Verizon Hiring Blockchain Engineers,2019-07-27 14:21:00-04:00,GOOGL,2019-07-27
Dan Nathan's Apple Options Trade,2019-07-27 09:07:00-04:00,GOOGL,2019-07-27
"This Analyst Sees Upside Potential In Alphabet, Twitter and Amazon",2019-07-27 08:53:00-04:00,GOOGL,2019-07-27
"'Australia to 'lift veil' on Facebook, Google algorithms to protect privacy' -Reuters From Earlier",2019-07-26 13:37:00-04:00,GOOGL,2019-07-26
"'We Continue To Like The Company's Fundamentals': Investors, Analysts Cheer Alphabet's Q2 Rebound",2019-07-26 11:45:00-04:00,GOOGL,2019-07-26
'Fast Money' Traders Share Their Thoughts On Alphabet After Earnings,2019-07-26 11:31:00-04:00,GOOGL,2019-07-26
Analysts Aren't Shaken By Amazon's Q2 Earnings,2019-07-26 11:21:00-04:00,GOOGL,2019-07-26
"A Look At Benzinga Pro's Most-Searched Tickers For July 26, 2019",2019-07-26 11:13:00-04:00,GOOGL,2019-07-26
"UPDATE: Wedbush Maintains Outperform On Alphabet, Raises Target To $1.5K As Firm Believes 'that an OUTPERFORM rating is warranted given valuation upside and an unrivalled collection of high-profile and omnipresent core products and platforms'",2019-07-26 10:54:00-04:00,GOOGL,2019-07-26
"UPDATE: Canaccord Genuity On Google Continues: 'which coupled with other growth vectors (Cloud, Other Bets), ongoing buyback to offset dilution, and reasonable valuation, create an attractive investment case in the large-cap tech universe'",2019-07-26 10:40:00-04:00,GOOGL,2019-07-26
"UPDATE: Canaccord Genuity Maintains Buy On Google, Raises Target To $1.35K As Firm Thinks 'several product changes introduced earlier this year will likely drive accelerating advertising growth in 2H'",2019-07-26 10:40:00-04:00,GOOGL,2019-07-26
"Trump Tweets On China Issues For Apple, Google",2019-07-26 10:37:00-04:00,GOOGL,2019-07-26
Stock Wars: Intel Vs. AMD Vs. Nvidia,2019-07-26 10:12:00-04:00,GOOGL,2019-07-26
"Benzinga Pro's Top 10 Most-Searched Tickers For Morning of Friday, July 26, 2019",2019-07-26 10:10:00-04:00,GOOGL,2019-07-26
UPDATE: KeyBanc On Google Continues: 'which along with other significant growth opportunities suggest the potential for solid revenue and profit growth for the foreseeable future',2019-07-26 10:07:00-04:00,GOOGL,2019-07-26
"UPDATE: KeyBanc Reiterates Overweight On Google, Raises Target To $1.516K As Firm Notes '2Q results showed stability in core Sites ad revenue and likely acceleration in GCP'",2019-07-26 10:07:00-04:00,GOOGL,2019-07-26
"'There may or may not be National Security concerns with regard to Google and their relationship with China. If there is a problem, we will find out about it...' -Tweet From Trump",2019-07-26 10:03:00-04:00,GOOGL,2019-07-26
10 Biggest Price Target Changes For Friday,2019-07-26 09:37:00-04:00,GOOGL,2019-07-26
"Stifel Nicolaus Maintains Hold on Alphabet, Raises Price Target to $1.299K",2019-07-26 09:06:00-04:00,GOOGL,2019-07-26
"Wedbush Maintains Outperform on Alphabet, Raises Price Target to $1.5K",2019-07-26 09:01:00-04:00,GOOGL,2019-07-26
"Credit Suisse Maintains Outperform on Alphabet, Raises Price Target to $1,500",2019-07-26 08:59:00-04:00,GOOGL,2019-07-26
Alphabet shares are trading higher after the company reported better-than-expected Q2 EPS and sales results.,2019-07-26 08:39:00-04:00,GOOGL,2019-07-26
"Mizuho Maintains Buy on Alphabet, Raises Price Target to $1.4K",2019-07-26 08:06:00-04:00,GOOGL,2019-07-26
"Morgan Stanley Maintains Overweight on Alphabet, Raises Price Target to $1.45K",2019-07-26 07:49:00-04:00,GOOGL,2019-07-26
"Canaccord Genuity Maintains Buy on Alphabet, Raises Price Target to $1.35K",2019-07-26 07:47:00-04:00,GOOGL,2019-07-26
Alphabet Reported With Thurs.'s Earnings Report Addition Of $25B To Buyback Plan,2019-07-26 07:24:00-04:00,GOOGL,2019-07-26
"Citigroup Maintains Buy on Alphabet, Raises Price Target to $1.45K",2019-07-26 07:11:00-04:00,GOOGL,2019-07-26
"Nomura Maintains Buy on Alphabet, Raises Price Target to $1.4K",2019-07-26 07:05:00-04:00,GOOGL,2019-07-26
"KeyBanc Maintains Overweight on Alphabet, Raises Price Target to $1.516K",2019-07-26 06:08:00-04:00,GOOGL,2019-07-26
36 Technology Stocks Moving In Thursday's After-Market Session,2019-07-26 04:53:00-04:00,GOOGL,2019-07-26
Alphabet CFO Says Annual Run Rate For Cloud In Q2 Was Over $8B,2019-07-25 17:14:00-04:00,GOOGL,2019-07-26
Alphabet CFO Says Cloud Third-Largest Driver Of Alphabet Revenue Growth,2019-07-25 17:14:00-04:00,GOOGL,2019-07-26
"Alphabet CFO Ruth Porat, On Huawei's Operating System, Says Co. Focused On Protecting Users, Those Using Huawei Devices;  Porat, On Huawei's Operating System, Says It Is Still An Open Item",2019-07-25 17:13:00-04:00,GOOGL,2019-07-26
"Alphabet Surges After Q2 Earnings, Revenue Beats",2019-07-25 16:20:00-04:00,GOOGL,2019-07-26
Alphabet shares are trading higher after the company reported better-than-expected Q2 EPS and sales results.,2019-07-25 16:09:00-04:00,GOOGL,2019-07-26
"Alphabet Q2 Adj. EPS $14.21 Beats $11.3 Estimate, Sales $38.944B Beat $38.17B Estimate",2019-07-25 16:03:00-04:00,GOOGL,2019-07-26
Will Google's Earnings Finally Give Investors Reason To Cheer?,2019-07-25 13:35:00-04:00,GOOGL,2019-07-25
"How This Investor Passed On 100,000% Returns",2019-07-25 08:27:00-04:00,GOOGL,2019-07-25
"Wedbush: Antitrust Interest In Tech Companies Mostly Noise, Breakups Unlikely",2019-07-24 11:44:00-04:00,GOOGL,2019-07-24
Treasury Secretary Mnuchin Says Does Not See Any Area In Which Google Is Working With Chinese Gov't. Which Raises Concerns,2019-07-24 08:08:00-04:00,GOOGL,2019-07-24
WSJ: More Government Scrutiny Coming For Big Tech Companies,2019-07-23 17:34:00-04:00,GOOGL,2019-07-24
"'DOJ anti-trust chief in a statement says: ""Without the discipline of meaningful market-based competition, digital platforms may act in ways that are not responsive to consumer demands...' -CNBC Now Tweet",2019-07-23 16:58:00-04:00,GOOGL,2019-07-24
"UPDATE: Dept. Of Justice Review 'Is Different, Broader Than Upcoming Google Probe'",2019-07-23 16:49:00-04:00,GOOGL,2019-07-24
"Facebook, Amazon, Apple Shares Sharply Lower Following Dept. Of Justice Probe Headline, Google Shares Indicated Lower, Twitter Shares Down Modestly",2019-07-23 16:46:00-04:00,GOOGL,2019-07-24
Trump Is Expected To Drop In On White House Meeting With Tech Giants Including Google And Micron,2019-07-22 12:22:00-04:00,GOOGL,2019-07-22
TD Ameritrade Moves One Step Closer Towards Making Trading Through Your Car Possible,2019-07-22 07:34:00-04:00,GOOGL,2019-07-22
Google to Pay $13M to End 2010 Privacy Lawsuit,2019-07-21 17:02:00-04:00,GOOGL,2019-07-22
FaceApp Is A Reminder That Our Data Is More Vulnerable Than We Realize,2019-07-19 11:48:00-04:00,GOOGL,2019-07-19
"'Israeli security company reportedly has tool that spies on Apple, Google and Facebook cloud data' -CNBC",2019-07-19 09:33:00-04:00,GOOGL,2019-07-19
4 Great Finance Apps for On-The-Go Professionals,2019-07-18 13:55:00-04:00,GOOGL,2019-07-18
Huawei Will Continue Using Android OS For Its Phones,2019-07-18 09:15:00-04:00,GOOGL,2019-07-18
Russia Fines Google For Refusing To Filter Traffic,2019-07-18 08:55:00-04:00,GOOGL,2019-07-18
"UPDATE: KeyBanc On Google, Facebook, Twitter Sees 'advertisers gaining greater appreciation for the quality of impression, reach, frequency that is available, which is driving strong demand for quality video ad inventory'",2019-07-17 12:15:00-04:00,GOOGL,2019-07-17
"KeyBanc Previews Google, Facebook, Twitter Q2 Earnings, Continues 'to see strong growth in the volume and quality of available video ad inventory across the major platforms'",2019-07-17 12:14:00-04:00,GOOGL,2019-07-17
CooTek Sales From Google's Admob May Be Adversely Affected Amid Play Store Removal,2019-07-17 11:55:00-04:00,GOOGL,2019-07-17
Stock Wars: GM Vs. Ford Vs. Tesla Vs. Toyota,2019-07-17 08:19:00-04:00,GOOGL,2019-07-17
Google CEO Tells U.S. Senator Co has Ended Some Partnerships in China,2019-07-17 04:17:00-04:00,GOOGL,2019-07-17
Google Banned Major Chinese App Developer CooTek from Play Store and Ad Platforms,2019-07-17 04:12:00-04:00,GOOGL,2019-07-17
Trump Says He Would Recommend That US Attorney General And Various Agencies Take A Look At Google's Involvement In China To See If There Is Truth To Allegations,2019-07-16 12:59:00-04:00,GOOGL,2019-07-16
Today's Pickup: Drone App Wants To Control The Skies,2019-07-16 12:54:00-04:00,GOOGL,2019-07-16
"Google, In Response To Peter Thiel's Accusation Of Co.'s Ties With Chinese Govt Says 'We Do Not Work With The Chinese Military'",2019-07-16 09:15:00-04:00,GOOGL,2019-07-16
4 Ways To Avoid ATM Fees If You Have An Online Bank,2019-07-16 07:54:00-04:00,GOOGL,2019-07-16
'Google accused of ripping off digital ad technology in U.S. lawsuit' -Yahoo Finance,2019-07-15 15:34:00-04:00,GOOGL,2019-07-15
"Morgan Stanley Maintains Overweight on Alphabet, Lowers Price Target to $1.4K",2019-07-15 08:38:00-04:00,GOOGL,2019-07-15
3 Apps To Help You Transfer Money Between Banks,2019-07-12 10:55:00-04:00,GOOGL,2019-07-12
"Munster Talks Growth Outlook For Amazon, Google",2019-07-12 07:36:00-04:00,GOOGL,2019-07-12
4 Apps To Help You Save For A Down Payment,2019-07-11 16:46:00-04:00,GOOGL,2019-07-12
"'Google admits partners leaked more than 1,000 private conversations with Google Assistant' -CNBC",2019-07-11 13:13:00-04:00,GOOGL,2019-07-11
Facebook Shares Unaffected Following UK Sun Article 'Google secretly building NEW Facebook rival called Shoelace that's like 'Tinder for making friends'',2019-07-11 11:33:00-04:00,GOOGL,2019-07-11
Breaking Down 3 Of The Year's Most Intriguing Cybersecurity Stocks,2019-07-11 10:25:00-04:00,GOOGL,2019-07-11
Billionaire Woos Amazon and Google With Indian Data Hubs,2019-07-11 04:19:00-04:00,GOOGL,2019-07-11
'IRS Allegedly Hopes to Make Tech Giants Release User Crypto Activity' -Coin Telegraph,2019-07-09 15:57:00-04:00,GOOGL,2019-07-09
"Apple, Google, Facebook To Testify At Judiciary Committee",2019-07-09 13:50:00-04:00,GOOGL,2019-07-09
What To Know About Google's Acquisition Of Elastifile,2019-07-09 12:31:00-04:00,GOOGL,2019-07-09
'Google to acquire Elastifile' -Google Cloud Blog Post,2019-07-09 10:06:00-04:00,GOOGL,2019-07-09
"Google, Dish in Talks to Create 4th Mobile Carrier",2019-07-07 20:49:00-04:00,GOOGL,2019-07-08
'Waymo is now allowed to transport passengers in its self-driving vehicles on California roads',2019-07-02 14:16:00-04:00,GOOGL,2019-07-02
Huawei Says it's Awaiting Guidance from U.S. Commerce Dept on Using Google Android After President Trump's G20 Comments,2019-07-01 18:48:00-04:00,GOOGL,2019-07-02
'Retailers Eager to Lodge Antitrust Complaints Against Amazon and Google' -Bloomberg,2019-07-01 16:56:00-04:00,GOOGL,2019-07-02
Google Shares Unaffected As Following Post From Co.'s 'The Keyword' Blog: 'Breaking ground in Nevada',2019-07-01 14:20:00-04:00,GOOGL,2019-07-01
Google Maps Launching Live Traffic Delays For Buses In Places Where Real-Time Information Direct From Local Transit Agencies Is Not Available,2019-06-27 13:30:00-04:00,GOOGL,2019-06-27
"Alphabet's Cybersecurity Firm, Chronicle, Will Become Part Of Google Cloud",2019-06-27 12:25:00-04:00,GOOGL,2019-06-27
Trump: Social Media Companies 'Trying To Rig The Election',2019-06-26 13:37:00-04:00,GOOGL,2019-06-26
'The White House is hosting a social media summit as Trump continues to assail tech companies' -CNBC,2019-06-26 11:35:00-04:00,GOOGL,2019-06-26
"White House To Hold Social Media Summit On Thurs., Jul. 11, 2019",2019-06-26 11:34:00-04:00,GOOGL,2019-06-26
"Trump Says Google Is 'Totally Biased', Says Tech Companies Should Be Sued",2019-06-26 08:45:00-04:00,GOOGL,2019-06-26
"Trump Says We Should Be Suing Google And Facebook, Perhaps We Will",2019-06-26 08:41:00-04:00,GOOGL,2019-06-26
Instagram's Mosseri On Deepfakes: 'If It Takes Too Long To Identify It...The Damage Is Done',2019-06-26 07:23:00-04:00,GOOGL,2019-06-26
'UPDATE: Youtube DELETES Video Exposing Google Plan to Interfere in 2020 Election' -The Dan Bongino Show,2019-06-25 10:28:00-04:00,GOOGL,2019-06-25
Google Will Invest An Added $1.1B In Dutch Data Centers,2019-06-24 13:03:00-04:00,GOOGL,2019-06-24
"Google Will Invest Added €1B In Dutch Data Centers; Will Build New Data Center In Middenmeer, Netherlands",2019-06-24 09:31:00-04:00,GOOGL,2019-06-24
Hearing Moffett Nathanson Out Saying Alphabet Q1 Earnings May Show Core Search Growth Has Slowed Such That Other Google Businesses  Could No Longer Prop Up Results; Unconfirmed,2019-06-24 08:57:00-04:00,GOOGL,2019-06-24
"Hearing Cleveland Research Out With Negative Checks On Alphabet, Checks Show Search Business Trending Weak As Major Customers Appear Increasingly Reluctant To Add Spend; Unconfirmed",2019-06-24 08:56:00-04:00,GOOGL,2019-06-24
"Senate Democrats Ask FTC, Justice Department About Status Of Possible Anti-Trust Probes Into Apple, Amazon.Com, Facebook And Alphabet",2019-06-21 14:28:00-04:00,GOOGL,2019-06-21
Leveraging Instagram To Build Cannabis Businesses,2019-06-20 16:35:00-04:00,GOOGL,2019-06-21
'Google is giving up on competing with Apple's iPad as it ends its tablet business and cancels two unreleased devices' -Business Insider,2019-06-20 14:56:00-04:00,GOOGL,2019-06-20
This CEO Thinks Big Tech Enables Data Breaches,2019-06-20 13:10:00-04:00,GOOGL,2019-06-20
Shares of several technology companies are trading higher amid renewed hopes of a Federal Reserve rate cut this year and in sympathy with Oracle reporting strong Q4 earnings.,2019-06-20 07:29:00-04:00,GOOGL,2019-06-20
Report: YouTube Exploring Standalone App For Kids Content,2019-06-19 13:00:00-04:00,GOOGL,2019-06-19
"'YouTube, Under Fire, Considers Major Changes to Kids' Content' -WSJ",2019-06-19 10:35:00-04:00,GOOGL,2019-06-19
'Google has confirmed that they have resolved the Google Calendar issue. All Salesloft features that integrate with calendar are now operational' -SalesLoft Status,2019-06-18 13:32:00-04:00,GOOGL,2019-06-18
Google To Invest Additional $1B In Housing In The Bay Area,2019-06-18 12:43:00-04:00,GOOGL,2019-06-18
Google Says Announcing An Additional $1 Bln Investment In Housing Across The Bay Area,2019-06-18 12:07:00-04:00,GOOGL,2019-06-18
"Sanofi, Google Partner On Health Care-Focused Virtual Innovation Lab",2019-06-18 10:54:00-04:00,GOOGL,2019-06-18
'Our team is aware of this issue and working on a fix. Appreciate your patience.' -Tweet From Google Calendar,2019-06-18 10:44:00-04:00,GOOGL,2019-06-18
"Sanofi, Google to Establish New Virtual Innovation Lab Focusing on Healthcare",2019-06-18 04:31:00-04:00,GOOGL,2019-06-18
Chinese Brands Are Taking The Global Economy By Storm,2019-06-17 15:05:00-04:00,GOOGL,2019-06-17
"'Alphabet is worth 50% more if broken up, but not Facebook, analyst says' -CNBC",2019-06-17 14:50:00-04:00,GOOGL,2019-06-17
Internet Trends Report: Why Immigration Is Critical To The US Tech Industry,2019-06-17 12:50:00-04:00,GOOGL,2019-06-17
Huawei Delays Foldable Phone Launch,2019-06-14 15:10:00-04:00,GOOGL,2019-06-14
E3: Morgan Stanley's 6 Takeaways,2019-06-14 14:58:00-04:00,GOOGL,2019-06-14
"Netflix, Next Games To Develop 'Stranger Things' Game Similar To Pokemon Go",2019-06-13 15:22:00-04:00,GOOGL,2019-06-13
Google CEO Sundar Pichai Was In Oklahoma To Announce A $600M Investment To Expand Data Center In Mayes County,2019-06-13 13:28:00-04:00,GOOGL,2019-06-13
Legal Expert Breaks Down Antitrust Risk For Big US Tech Stocks,2019-06-13 13:12:00-04:00,GOOGL,2019-06-13
From Kyrgyzstan To London: How This CEO Is Trying To Revolutionize Productivity In Financial Services,2019-06-13 11:39:00-04:00,GOOGL,2019-06-13
"Nomura: AMD's Upcoming Products Can Drive Revenue Momentum, Operating Leverage",2019-06-12 14:17:00-04:00,GOOGL,2019-06-12
Vietnam Asked Companies Not to Advertise on YouTube Videos Containing Anti-state Propaganda,2019-06-12 04:38:00-04:00,GOOGL,2019-06-12
'Fmr #Google Engineer @m_wacker says he was FIRED just days after he appeared on 'Trish Regan Primetime' to expose the company's bias and 'outrage mobs'' -Tweet From FOX Business Anchor Trish Regan,2019-06-11 16:40:00-04:00,GOOGL,2019-06-12
"From Earlier: 'Antitrust Chief Rips Google and Amazon, Citing Historic Breakups' -Bloomberg",2019-06-11 15:58:00-04:00,GOOGL,2019-06-11
YouTube's Account Purges Spark A Cannabis Content Alternative,2019-06-11 12:35:00-04:00,GOOGL,2019-06-11
Dept. Of Justice Antitrust Chief Touts Importance Of Protecting Competition In Digital Economy,2019-06-11 11:21:00-04:00,GOOGL,2019-06-11
Shares of Shares of several semiconductor and technology companies are trading higher on continued trade optimism. The recent US-Mexico deal boosted confidence that the US could also strike a deal with China.,2019-06-11 09:47:00-04:00,GOOGL,2019-06-11
Morgan Stanley Says The Market Is Underappreciating Tesla's AV Business,2019-06-11 09:43:00-04:00,GOOGL,2019-06-11
Hearing Needham Out Saying A Breakup Of Google Would Yield Investors ~50%,2019-06-11 06:16:00-04:00,GOOGL,2019-06-11
DOJ Demands Google Hand Over Data Pertinent To Roger Stone,2019-06-10 15:25:00-04:00,GOOGL,2019-06-10
'Sources say @Google gearing up for epic battle w Trump DOJ over antitrust issues; Unclear if Google has been contacted by DOJ; $GOOGL believes it has a strong counterargument given past successful skirmishes with FTC any case could take years more now' -FBN's Charlie Gasparino,2019-06-10 12:32:00-04:00,GOOGL,2019-06-10
"Shares of several technology companies are trading higher after the U.S. and Mexico signed part of an immigration deal. If reached, Mexico would avoid previously announced tariffs; if not reached, President Trump stated tariffs would be reinstated.",2019-06-10 10:21:00-04:00,GOOGL,2019-06-10
"Trump Talks China, Mexico And Big Tech In CNBC Interview",2019-06-10 10:19:00-04:00,GOOGL,2019-06-10
Whitney Tilson: 'I Think We Are In An IPO Bubble',2019-06-10 10:04:00-04:00,GOOGL,2019-06-10
"Trump, Speaking About Big US Technology Firms, Says There Is Something Going On In Terms Of Monopoly",2019-06-10 08:59:00-04:00,GOOGL,2019-06-10
Trump Says EU Is Attacking US Companies,2019-06-10 08:58:00-04:00,GOOGL,2019-06-10
"Whitney Tilson On Antitrust Concerns On Amazon, Google, Facebook, Says Thinks Cos. Will Not Be Broken Up, Says Might Be Fines, But 'Still Gonna Be Dominate Cos.'",2019-06-10 08:46:00-04:00,GOOGL,2019-06-10
"Ready Trader One: Events, Stocks To Watch At E3",2019-06-08 17:38:00-04:00,GOOGL,2019-06-10
"Bulls & Bears Of The Week: GameStop, McDonald's, Tesla, Tilray And More",2019-06-08 13:45:00-04:00,GOOGL,2019-06-08
Analyst Likes Google After More Details From Stadia,2019-06-07 16:26:00-04:00,GOOGL,2019-06-10
Bitcoin Vs. Apple Pay And Alipay,2019-06-07 14:21:00-04:00,GOOGL,2019-06-07
Russia's RIA Says Russian Watchdog Has Not Ruled Out A New Case Against Google,2019-06-07 09:02:00-04:00,GOOGL,2019-06-07
"Google's Stadia Video Game Platform Announces Pricing, Games Structure",2019-06-06 12:49:00-04:00,GOOGL,2019-06-06
Google Livestreaming Stadia Event (Link),2019-06-06 12:03:00-04:00,GOOGL,2019-06-06
Google Buys Intelligence Company Looker For $2.6B In Cash,2019-06-06 09:37:00-04:00,GOOGL,2019-06-06
Google Reports Purchase Of Looker For $2.6B In All-Cash Deal,2019-06-06 09:11:00-04:00,GOOGL,2019-06-06
Cramer Says He Understands The Case For Breaking Up Big Tech,2019-06-05 15:17:00-04:00,GOOGL,2019-06-05
"Munster Gives His Quick Take On Netflix, Livent And More",2019-06-05 09:47:00-04:00,GOOGL,2019-06-05
"Apple's WWDC 2019 Was All About Apps, Security",2019-06-04 14:55:00-04:00,GOOGL,2019-06-04
"Benzinga's Top Upgrades, Downgrades For June 4, 2019",2019-06-04 09:10:00-04:00,GOOGL,2019-06-04
"Loop Capital Initiates Coverage On Alphabet with Hold Rating, Announces $1.25K Price Target",2019-06-04 07:01:00-04:00,GOOGL,2019-06-04
66 Biggest Movers From Yesterday,2019-06-04 05:19:00-04:00,GOOGL,2019-06-04
"'House Democrats plan sweeping antitrust investigation of Facebook, Google and other technology giants' -Washington Post",2019-06-03 17:11:00-04:00,GOOGL,2019-06-04
"All The Updates, Features Apple Showed Off At WWDC 2019: Dark Mode, MacOS Catalina And More",2019-06-03 16:36:00-04:00,GOOGL,2019-06-04
'Google to Hold First Ever Stadia Connect Livestream' -Variety Earlier Reported,2019-06-03 14:56:00-04:00,GOOGL,2019-06-03
"UBS: Despite Regulatory Risk, Alphabet Is A Buy",2019-06-03 14:03:00-04:00,GOOGL,2019-06-03
Apple Falls As Justice Department Given Jurisdiction For Possible Antitrust Probe,2019-06-03 13:50:00-04:00,GOOGL,2019-06-03
Apple Highlighting Enhanced Privacy Features On iOS 13,2019-06-03 13:41:00-04:00,GOOGL,2019-06-03
Facebook Falls Following Reports Of Potential FTC Probe,2019-06-03 13:03:00-04:00,GOOGL,2019-06-03
51 Stocks Moving In Monday's Mid-Day Session,2019-06-03 12:46:00-04:00,GOOGL,2019-06-03
"Trader Idea Feed: '$SPY breaking the ema support, room lower into the 275.9 area. Range bounce today. Facebook, Google, Amazon ready for next legs down, bear flagging uptrends broken from the bounce.' @SpartanTrading Via Twitter",2019-06-03 12:14:00-04:00,GOOGL,2019-06-03
"With Looming Federal Antitrust Probe Over Google, Bank Of America Still Likes Alphabet",2019-06-03 11:52:00-04:00,GOOGL,2019-06-03
"UPDATE: Antitrust Jurisdiction Split: Facebook Received FTC Probe, Dept. Of Justice On Alphabet/Google",2019-06-03 11:44:00-04:00,GOOGL,2019-06-03
'Big tech's time of reckoning: It looks like Trump is making good on his threat to take on Google and Amazon' -Business Insider,2019-06-03 10:57:00-04:00,GOOGL,2019-06-03
"Bank Of America Says Dept. Of Justice Probe Of Alphabet/Google Could Include Regulations On Business Practices, Or Antitrust Probe Leading To Breakup",2019-06-03 08:42:00-04:00,GOOGL,2019-06-03
30 Stocks Moving In Monday's Pre-Market Session,2019-06-03 08:12:00-04:00,GOOGL,2019-06-03
Alphabet shares are trading lower after the Justice Department announced an antitrust investigation into Google.,2019-06-03 07:59:00-04:00,GOOGL,2019-06-03
"Google Cloud Reported High Levels of Network Congestion in Eastern U.S. Affecting Multiple Service in Google Cloud, GSuite and YouTube",2019-06-02 19:44:00-04:00,GOOGL,2019-06-03
Alphabet's Google Braces For Antitrust Investigation From The Justice Department,2019-06-02 15:45:00-04:00,GOOGL,2019-06-02
"DoJ Preparing Antitrust Investigation of Google;  Expected to Examine Google Practices Related to Search, Other Businesses",2019-06-01 07:43:00-04:00,GOOGL,2019-06-01
Cowen's Pascarelli: CBD Market Shows 'Encouraging Signs',2019-05-31 11:52:00-04:00,GOOGL,2019-05-31
Many mega-cap stocks trading lower following a tweet from President Trump late Thursday the US will impose a 5 percent tariff on goods from Mexico.,2019-05-31 06:43:00-04:00,GOOGL,2019-05-31
Google Takes Measures To Restrict Marijuana Sales,2019-05-30 08:35:00-04:00,GOOGL,2019-05-30
Charlotte's Web Says Friday TSX Listing 'A Milestone For The Overall Industry',2019-05-29 12:34:00-04:00,GOOGL,2019-05-29
Shares of several technology companies are trading lower with the overall US market as US-China trade tensions continue to concern investors.,2019-05-29 11:54:00-04:00,GOOGL,2019-05-29
"China Renaissance Initiates Coverage On Alphabet with Hold Rating, Announces $1,270 Price Target",2019-05-29 09:44:00-04:00,GOOGL,2019-05-29
"Benzinga's Top Upgrades, Downgrades For May 29, 2019",2019-05-29 09:26:00-04:00,GOOGL,2019-05-29
"Pivotal Research Initiates Coverage On Alphabet with Hold Rating, Announces $1.25K Price Target",2019-05-29 08:18:00-04:00,GOOGL,2019-05-29
"Incoming Walmart CTO Kumar Has Google, Amazon On Résumé",2019-05-28 16:07:00-04:00,GOOGL,2019-05-29
"'Walmart poaches ex-Google, Amazon exec Suresh Kumar for new CTO role' -CNBC",2019-05-28 12:32:00-04:00,GOOGL,2019-05-28
"Alphabet, Apple And More: 'Fast Money' Picks For May 28",2019-05-27 10:55:00-04:00,GOOGL,2019-05-27
Analyst: Huawei Blacklist Is $400M Risk For Google,2019-05-24 15:02:00-04:00,GOOGL,2019-05-24
Leveraged Chip ETFs Embody Trade War Volatility,2019-05-24 10:41:00-04:00,GOOGL,2019-05-24
"Shares of technology companies are trading lower with the overall market, which has been relatively rangebound over the last 13 sessions. The technology sector is the second worst performing today.",2019-05-23 15:07:00-04:00,GOOGL,2019-05-23
"'Facebook and Google are America's 'biggest competitive advantage,' says Mark Cuban' -Yahoo Finance",2019-05-23 13:29:00-04:00,GOOGL,2019-05-23
"Google Announces Users Can Use Google Search, Maps, Or Assistant To Order Food From Services Like Doordash, Postmates, Delivery.com, Slice, Chownow",2019-05-23 13:15:00-04:00,GOOGL,2019-05-23
"Turtle Beach Continues Partnership With Ali-A, The 'Most-Watched' Gamer On YouTube",2019-05-23 09:08:00-04:00,GOOGL,2019-05-23
'EU regulator launches probe into Google over data privacy' -CNBC,2019-05-22 13:02:00-04:00,GOOGL,2019-05-22
"Cannabis Still Can't Be Sold, Promoted On Facebook Or Instagram",2019-05-22 09:17:00-04:00,GOOGL,2019-05-22
Qualcomm Reports Snapdragon XR1 Platform Will Power Glass Enterprise Edition 2 From Google,2019-05-22 07:34:00-04:00,GOOGL,2019-05-22
Uber Seeks Approval For San Diego Drone Deliveries,2019-05-21 17:13:00-04:00,GOOGL,2019-05-22
Huawei Will Consider Rivals To Google's Android System,2019-05-21 08:31:00-04:00,GOOGL,2019-05-21
A Huawei Senior Exec Says Co. Working Closely With Google To Resolve US Ban,2019-05-21 06:33:00-04:00,GOOGL,2019-05-21
"Google, on U.S. Easing Restrictions on Trade With Huawei, Says License Allows Co to Provide Software Updates & Security Patches too Existing Models for Next 90 Days",2019-05-21 06:23:00-04:00,GOOGL,2019-05-21
"Ann Arbor-Based Fintech Startup Clinc Raises $52M, Aims For 2022 IPO",2019-05-20 14:17:00-04:00,GOOGL,2019-05-20
'Glass Enterprise Edition 2: faster and more helpful' -Earlier Blog Post From Google's The Keyword,2019-05-20 13:33:00-04:00,GOOGL,2019-05-20
Chips Stocks Rattled As Companies Halt Supplying China's Huawei,2019-05-20 08:53:00-04:00,GOOGL,2019-05-20
Google Is Shutting Down Its Jump VR Video Program,2019-05-20 04:05:00-04:00,GOOGL,2019-05-20
Google Suspends Some Business with Huawei after Trump Blacklist,2019-05-19 18:53:00-04:00,GOOGL,2019-05-20
"Bulls And Bears Of The Week: Apple, Chevron, FedEx, Uber And More",2019-05-18 15:18:00-04:00,GOOGL,2019-05-18
Google Has Agreed To Refund Advertisers Following Suite Related To Fraud Scheme,2019-05-17 13:16:00-04:00,GOOGL,2019-05-17
"Q1 13F Roundup: How Buffett, Einhorn, Ackman And Others Adjusted Their Portfolios",2019-05-17 09:21:00-04:00,GOOGL,2019-05-17
Google Reviewing Italy's Antitrust investigation; Will Work to Resolve Issues,2019-05-17 04:41:00-04:00,GOOGL,2019-05-17
Shares of many technology companies are trading higher after President Trump signed an executive order giving the government the authority to block technology companies deemed a national security threat from selling to the U.S.,2019-05-16 10:50:00-04:00,GOOGL,2019-05-16
"13F From Soros Shows New Stake In Adobe, Lyft, Liquidated Positions In Amazon, Alphabet, Kraft Heinz",2019-05-15 16:18:00-04:00,GOOGL,2019-05-16
Google Says Become Aware Of An Issue That Affects The Bluetooth Low Energy Version Of The Titan Security Key Available In The U.S.,2019-05-15 13:07:00-04:00,GOOGL,2019-05-15
"Shares of several important consumer technology mega cap companies trading higher with the broader stock market. These stocks were under pressure over the last couple weeks as concerns with US, China trade talks weighed.",2019-05-15 12:13:00-04:00,GOOGL,2019-05-15
Cooperman 13F Shows New 109K Share Stake In Alphabet,2019-05-15 11:06:00-04:00,GOOGL,2019-05-15
Deutsche Bank More Bullish On Google With New 'Blockbuster' Ad Possibilities,2019-05-15 10:05:00-04:00,GOOGL,2019-05-15
'Fast Money' Traders Share The Stocks To Buy On The Dip,2019-05-14 07:35:00-04:00,GOOGL,2019-05-14
'Exclusive: India orders anti-trust probe of Google for alleged Android abuse - sources' -Earlier Article From Reuters,2019-05-10 09:30:00-04:00,GOOGL,2019-05-10
"Roku's Q1 Inspires 23% Stock Pop, Higher Price Targets Across The Board",2019-05-09 12:00:00-04:00,GOOGL,2019-05-09
Shares of several technology stocks are trading lower on continued concern of China trade negotiations; China has become firmer in its stance and negotiations are set to continue next Thursday with expectations now being more uncertain.,2019-05-09 10:46:00-04:00,GOOGL,2019-05-09
Google CEO Says Privacy Should Be Equally Available To All In NYT Op-Ed,2019-05-08 16:48:00-04:00,GOOGL,2019-05-09
"'Google's subscription music services are struggling to grow, almost a year into a revamp of its flagship YouTube Music'",2019-05-08 13:54:00-04:00,GOOGL,2019-05-08
"Rosenblatt Ambivalent On Pinterest, Waits To Compare To Leading Ad Platforms",2019-05-08 09:32:00-04:00,GOOGL,2019-05-08
Criteo 8-K Shows Comment On Recent Google Chrome News,2019-05-08 09:31:00-04:00,GOOGL,2019-05-08
"Google Pixel 3A And Google Pixel 3A Xl Will Be Available From Sprint Beginning Wednesday, May 8",2019-05-07 16:00:00-04:00,GOOGL,2019-05-08
Opinion | The Risks Facing Uber Ahead Of Its IPO,2019-05-07 14:44:00-04:00,GOOGL,2019-05-07
"Google Launches Pixel 3A Smartphone, Starts At $399, Will Be Sold At Verizon, T-Mobile, Sprint, US Cellular Stores, Co. Continues To Talk With AT&T About Selling The Phone",2019-05-07 14:26:00-04:00,GOOGL,2019-05-07
"Alphabet's Google To Launch 3D, Augmented Reality Effects In Mobile Search Results",2019-05-07 13:12:00-04:00,GOOGL,2019-05-07
Stocks Chopped Around Last Week As The Intermediate Market Cycle Winds Down,2019-05-06 14:03:00-04:00,GOOGL,2019-05-06
UBS Says Alphabet 'Well-Positioned' For Local Ads,2019-05-06 11:25:00-04:00,GOOGL,2019-05-06
"Benzinga's Bulls & Bears Of The Week: Apple, Disney, GE, Sprint And More",2019-05-05 14:35:00-04:00,GOOGL,2019-05-05
"Google Says Will Political Advertising In Transparency Report To Show Voters Who Is Purchasing Election Ads In EU, How Much Money Is Being Spent",2019-05-02 13:18:00-04:00,GOOGL,2019-05-02
"UPDATE: Google's YouTube Manually Reviewed 1M+ Suspected Terrorist Videos In First 3 Months Of 2019, Said 90K Videos Manually Reviewed Violated Its Terrorism Policy",2019-05-02 12:26:00-04:00,GOOGL,2019-05-02
Letter To Congress Shows Alphabet's Google Spends Hundreds Of Millions Of Dollars Annually On Content Review Policies,2019-05-02 12:26:00-04:00,GOOGL,2019-05-02
"'Great Technology' Is How AMD Differentiates Itself, CEO Tells Cramer",2019-05-02 10:54:00-04:00,GOOGL,2019-05-02
"Alphabet, Marriott, Starbucks And More: 'Fast Money Halftime Report' Picks For May 1",2019-05-01 15:54:00-04:00,GOOGL,2019-05-01
FireEye Analysts Have Tepid Reaction To Mixed Q1,2019-05-01 15:12:00-04:00,GOOGL,2019-05-01
Cuomo Calls For Investigation Of Companies That Allegedly Used Google Ads Website Features To Hide Additional Tax Filing Options From Low-Income Individuals,2019-05-01 13:30:00-04:00,GOOGL,2019-05-01
Google Says Auto-Delete Controls Are Coming First To Location History And Web & App Activity And Will Roll Out In The Coming Weeks,2019-05-01 13:09:00-04:00,GOOGL,2019-05-01
"Cramer Blasts Alphabet Earnings, Praises Apple",2019-05-01 10:26:00-04:00,GOOGL,2019-05-01
"Benzinga's Top Upgrades, Downgrades For May 1, 2019",2019-05-01 09:24:00-04:00,GOOGL,2019-05-01
"Alphabet's Eric Schmidt, Diane Greene To Leave Board This June",2019-05-01 08:13:00-04:00,GOOGL,2019-05-01
DZ Bank Downgrades Alphabet Inc. - Class A Common Stock to Hold,2019-05-01 06:21:00-04:00,GOOGL,2019-05-01
Gilead Reports CFO Robin Washington To Step Down; Was Named To Alphabet's Board,2019-04-30 16:27:00-04:00,GOOGL,2019-05-01
"Joe Montana-Backed Herb Relaunches Website To Focus On Education, Information",2019-04-30 15:41:00-04:00,GOOGL,2019-04-30
Investors Punish Alphabet's Stock After Concerning Quarter,2019-04-30 13:14:00-04:00,GOOGL,2019-04-30
On CNBC Dan Niles Says Reducing His Exposure To Alphabet,2019-04-30 12:49:00-04:00,GOOGL,2019-04-30
10 Biggest Price Target Changes For Tuesday,2019-04-30 10:18:00-04:00,GOOGL,2019-04-30
"KeyBanc Reiterates Overweight, $1.43K Target On Alphabet As Firm Maintains Co's 'overall revenue growth prospects remain excellent and see the prospect for improved EBITDA and FCF margins through 2020'",2019-04-30 09:42:00-04:00,GOOGL,2019-04-30
"Benzinga Pro's Top 10 Most-Searched Tickers For Morning of Tue., Apr. 30, 2019",2019-04-30 09:42:00-04:00,GOOGL,2019-04-30
"Benzinga's Top Upgrades, Downgrades For April 30, 2019",2019-04-30 09:37:00-04:00,GOOGL,2019-04-30
Stalled Revenue Growth Inspires Stifel To Downgrade Google,2019-04-30 09:25:00-04:00,GOOGL,2019-04-30
UPDATE: Stifel Downgrades Alphabet To Hold As Firm Believes Co's 'multiple is likely to remain range bound over the next twelve months as a potential deceleration digestion period lies ahead with lower visibility into near-term revenue growth rates',2019-04-30 08:44:00-04:00,GOOGL,2019-04-30
"Nomura Maintains Buy on Alphabet Inc. - Class A Common Stock, Lowers Price Target to $1.3K",2019-04-30 08:03:00-04:00,GOOGL,2019-04-30
"Morgan Stanley Maintains Overweight on Alphabet Inc. - Class A Common Stock, Lowers Price Target to $1.425K",2019-04-30 08:00:00-04:00,GOOGL,2019-04-30
Alphabet shares are trading lower after the company reported worse-than-expected Q1 sales.,2019-04-30 07:59:00-04:00,GOOGL,2019-04-30
"Stifel Nicolaus Downgrades Alphabet Inc. - Class A Common Stock to Hold, Announces $1,287 Price Target",2019-04-30 06:35:00-04:00,GOOGL,2019-04-30
7 Stocks Moving In Monday's After-Hours Session,2019-04-29 17:06:00-04:00,GOOGL,2019-04-30
Alphabet Shares Fall After Q1 Sales Miss,2019-04-29 16:14:00-04:00,GOOGL,2019-04-30
Alphabet shares are trading lower after the company reported worse-than-expected Q1 sales results.,2019-04-29 16:10:00-04:00,GOOGL,2019-04-30
"Alphabet, Inc. To Report Q1 Results After The Closing Bell; Co. Historically Issues Its Report Before 4:05 p.m. ET",2019-04-29 15:56:00-04:00,GOOGL,2019-04-29
Spotify Hits 100M Premium Subs; Buckingham Sees 20% Upside,2019-04-29 10:39:00-04:00,GOOGL,2019-04-29
"Raymond James Maintains Outperform, $1.3K Target On Alphabet Ahead Of Co's Q1 'given solid continued advertising growth for both Search and YouTube, increasing Google Cloud traction, and an attractive valuation (~20.5x 2020 core EPS ex cash)'",2019-04-29 10:10:00-04:00,GOOGL,2019-04-29
US Supreme Court Has Asked Trump Admin. To Weigh In On Whether To Hear Google Appeal In Copyright Dispute With Oracle,2019-04-29 09:33:00-04:00,GOOGL,2019-04-29
"'Boringly Excellent': Street Gushes Over Microsoft's Quarter, Feather In Cap For Nadella",2019-04-25 13:24:00-04:00,GOOGL,2019-04-25
"BMO Capital Maintains Market Perform on Alphabet Inc. - Class A Common Stock, Raises Price Target to $1.2K",2019-04-25 10:48:00-04:00,GOOGL,2019-04-25
"Investor Survey Shows Bullish Sentiment On The Rise, But Not For FAANG Stocks",2019-04-24 09:46:00-04:00,GOOGL,2019-04-24
Facebook Q1 Earnings Preview: What The Street Expects,2019-04-23 17:29:00-04:00,GOOGL,2019-04-24
Google's Waymo To Build Autonomous Vehicles In Detroit,2019-04-23 12:18:00-04:00,GOOGL,2019-04-23
American Axle Shares Spike 5% Amid Report Google's Waymo To Partner With Co. For Factory In Detroit Which Will Mass Produce Self-Driving Cars,2019-04-23 10:20:00-04:00,GOOGL,2019-04-23
Google's Spinoff Wing Is First To Receive FAA Approval To Deliver By Drone,2019-04-23 09:22:00-04:00,GOOGL,2019-04-23
"Ex-Uber Exec Talks Company's Roots, Path To Profitability",2019-04-22 14:33:00-04:00,GOOGL,2019-04-22
Google Drones May Soon Fly Commercially Over Virginia,2019-04-19 16:41:00-04:00,GOOGL,2019-04-22
"Amazon, Google Reports Official YouTube Apps Will Launch On Fire TV, Prime Video App Coming To Chromecast, Android TV",2019-04-18 09:05:00-04:00,GOOGL,2019-04-18
StockTwits To Launch Commission-Free Trading App,2019-04-18 09:00:00-04:00,GOOGL,2019-04-18
'Big Tech to face antitrust law on user data in Japan' -Nikkei,2019-04-17 16:35:00-04:00,GOOGL,2019-04-18
Google Cloud Says Former SAP Cloud President Robert Enslin Named President Of Global Customer Operations; Says Current President Paul-Henri Ferrand 'To Take On New Challenge' At Google,2019-04-17 14:15:00-04:00,GOOGL,2019-04-17
Zoom Video Communications IPO: What You Need To Know,2019-04-16 15:44:00-04:00,GOOGL,2019-04-16
Waymo Says Waymo's Ride-Hailing App Is Now Available On Google Play,2019-04-16 13:08:00-04:00,GOOGL,2019-04-16
Hearing Google Mentioned Positively At OTR Global,2019-04-16 09:50:00-04:00,GOOGL,2019-04-16
"Longbow Turns Bullish On Western Digital, Projects 'A Line Of Sight To Cyclical Recovery'",2019-04-15 15:57:00-04:00,GOOGL,2019-04-15
"EU Countries Back Copyright Reforms Targeting Google, Facebook",2019-04-15 04:26:00-04:00,GOOGL,2019-04-15
A Look At The Dow And FANG Stocks In 2019,2019-04-11 16:30:00-04:00,GOOGL,2019-04-12
'Discovery Lands Nine Networks on YouTube TV' -Broadcasting Cable,2019-04-10 13:03:00-04:00,GOOGL,2019-04-10
'Updates to YouTube TV: More content and a new price' -YouTube Blog,2019-04-10 12:39:00-04:00,GOOGL,2019-04-10
YouTube TV Membership Which Will Be Billed Through Apple Will Be $54.99/Month,2019-04-10 12:37:00-04:00,GOOGL,2019-04-10
Avaya Highlights Further Integration With Google Cloud 'to fully leverage the AI and cloud capabilities of both companies',2019-04-10 08:04:00-04:00,GOOGL,2019-04-10
March IMX Reveals Value Is Making A Comeback,2019-04-09 15:21:00-04:00,GOOGL,2019-04-09
"UPDATE: Google Cloud Announced 33 New Partners, Including JP Morgan Chase, DISH, USA Today, Sprint, Viacom, P&G, Tyson Foods, Unilever, Samsung, UPS",2019-04-09 13:06:00-04:00,GOOGL,2019-04-09
'Google Cloud Next '19: Welcome to the future of digital transformation' -Google Cloud Blogpost,2019-04-09 13:04:00-04:00,GOOGL,2019-04-09
Intel And Google Cloud Will Collaborate On Anthos,2019-04-09 12:34:00-04:00,GOOGL,2019-04-09
Mckesson Announces Move To Google Cloud,2019-04-08 13:04:00-04:00,GOOGL,2019-04-08
"Canada's Democratic Institutions Minister Says Believes Facebook, Twitter, Google Has Not Yet Done Enough To Help Safeguard The Oct. Election",2019-04-08 10:36:00-04:00,GOOGL,2019-04-08
"Citi Downgrades Roku To Sell On Increased Competition, Valuation",2019-04-08 08:55:00-04:00,GOOGL,2019-04-08
Switching Sides: Google AI Expert Accepts Job At Apple,2019-04-05 08:39:00-04:00,GOOGL,2019-04-05
FANG Stocks Flying As Nirvana Spreads In The Tech Sector,2019-04-04 12:42:00-04:00,GOOGL,2019-04-04
Google Strengthens Presence In Cuba With ETECSA Team Up,2019-04-02 13:55:00-04:00,GOOGL,2019-04-02
"Walmart Unveils Voice-Activated, Google-Powered Grocery Shopping",2019-04-02 06:27:00-04:00,GOOGL,2019-04-02
Credit Suisse Thinks Spotify's Expectations Are Too High,2019-04-01 14:38:00-04:00,GOOGL,2019-04-01
'Hitting send on the next 15 years of Gmail' -Google The Keyword Blog,2019-04-01 12:55:00-04:00,GOOGL,2019-04-01
Memes Survive EU's Internet Copyright Laws — For Now,2019-03-29 16:56:00-04:00,GOOGL,2019-04-01
HUD Looking Into Twitter And Google Ad Targeting Practices,2019-03-28 15:54:00-04:00,GOOGL,2019-03-28
'Mr. Google' Goes To Washington To Chat With Trump,2019-03-28 10:39:00-04:00,GOOGL,2019-03-28
M&C Saatchi Backs Calls for Competition Watchdog Investigation of Facebook and Google,2019-03-28 03:59:00-04:00,GOOGL,2019-03-28
"'Just met with @sundarpichai, President of @Google, who is obviously doing quite well. He stated strongly that he is totally committed to the U.S. Military, not the Chinese Military....' -Tweet From Pres Trump",2019-03-27 15:56:00-04:00,GOOGL,2019-03-27
Oppenheimer: Trade Desk Shares Unduly Punished For Possible Cookie Restrictions By Google,2019-03-27 10:16:00-04:00,GOOGL,2019-03-27
'McClatchy and Google partner on an experimental lab for local news' -Google 'The Keyword' Blog,2019-03-26 14:24:00-04:00,GOOGL,2019-03-26
KeyBanc Downgrades Criteo On Google Cookie Policy Overhang,2019-03-26 10:42:00-04:00,GOOGL,2019-03-26
Google Sees EU Copyright Directive As 'Improved' But Will Still Lead To Legal Uncertainty,2019-03-26 08:28:00-04:00,GOOGL,2019-03-26
Apple Arcade Is The Company's Newest Subscription Gaming Service,2019-03-25 16:35:00-04:00,GOOGL,2019-03-26
YouTube Said to Cancel Plans for High-end Series,2019-03-25 03:52:00-04:00,GOOGL,2019-03-25
eBay To Begin Rolling Out Google Play On Its Marketplace Platform,2019-03-21 09:00:00-04:00,GOOGL,2019-03-21
Shares of several tech stocks are trading higher in sympathy with the overall market after the Federal Reserve announced they will leave rates unchanged.,2019-03-20 15:46:00-04:00,GOOGL,2019-03-20
How Google's Stadia Video Game Streamer Will Be 'Highly Disruptive',2019-03-20 10:11:00-04:00,GOOGL,2019-03-20
"UPDATE: Alphabet Says EC Decision Will Impose €1.49B Fine, Directs Action Related To AdSense For Search Deal; Co. Sees Accruing Fine In Q1'19",2019-03-20 08:35:00-04:00,GOOGL,2019-03-20
Alphabet 8-K Shows EC Announced Decision Certain Contractual Provisions In Deals Google Had With AdSense For Search Partners Infringed European Competition Law,2019-03-20 08:33:00-04:00,GOOGL,2019-03-20
EU Antitrust Regulators Fine Google €1.49B For Restricting Rival Online Search Advertisers,2019-03-20 07:08:00-04:00,GOOGL,2019-03-20
"'JUST IN: Chairman of House Homeland Security Committee summons chiefs of Twitter, YouTube, Facebook & Microsoft to Capitol Hill over their response to the New Zealand attack.' -CNBC",2019-03-19 15:58:00-04:00,GOOGL,2019-03-19
"AMD Radeon GPUs And Developer Tools Tapped For New Generation Gaming Platform, Google Stadia",2019-03-19 14:54:00-04:00,GOOGL,2019-03-19
"Trump Says He Sees 'Collusion' Related To Content On Social Media Platforms, Cites Facebook, Google, Twitter",2019-03-19 14:17:00-04:00,GOOGL,2019-03-19
Google Using AMD Created Chip For Gaming Service,2019-03-19 13:31:00-04:00,GOOGL,2019-03-19
Google Announces Public Launch Of Stadia Video Game Service,2019-03-19 13:15:00-04:00,GOOGL,2019-03-19
'Google Console Reveal - Game Developers Conference 2019 (GDC2019) Livestream' -YouTube,2019-03-19 12:46:00-04:00,GOOGL,2019-03-19
"AMD Analyst Says Cloud Gaming A Good Opportunity, But Stock Is 'Ahead Of Itself'",2019-03-19 12:27:00-04:00,GOOGL,2019-03-19
Google Expected To Make Gaming-Related Announcement At 1:00 p.m. ET,2019-03-19 11:28:00-04:00,GOOGL,2019-03-19
Analysts Dissect Nvidia's Product Announcements: 'Evolutionary Rather Than Game-Changing',2019-03-19 11:04:00-04:00,GOOGL,2019-03-19
A New Look For The Barron's 400 ETF,2019-03-19 08:51:00-04:00,GOOGL,2019-03-19
Taiwan Semiconductor Sees Chip Orders for Android Devices Ramp Up,2019-03-19 04:27:00-04:00,GOOGL,2019-03-19
US State Attorney Generals Are Taking First Steps Toward An Alphabet/Google Probe,2019-03-15 14:00:00-04:00,GOOGL,2019-03-15
'A Bit Scrappier': How Cannabis Marketers Navigate Social Media Restrictions,2019-03-15 08:15:00-04:00,GOOGL,2019-03-15
Google May be Working on Foldable Pixel Phones,2019-03-15 06:54:00-04:00,GOOGL,2019-03-15
Uber And Waymo Seeking Outside Funding For Autonomous Tech,2019-03-14 18:04:00-04:00,GOOGL,2019-03-15
S. Korea's Antitrust Regulator Asks Google to Change Some of its Terms of Service,2019-03-14 04:23:00-04:00,GOOGL,2019-03-14
This Day In Market History: The Microsoft IPO,2019-03-13 07:14:00-04:00,GOOGL,2019-03-13
Google Says Introducing YouTube Music in India With Ad-Supported Free Version and Ad-Free Paid Version,2019-03-13 04:17:00-04:00,GOOGL,2019-03-13
EU States Ditch Digital Tax Plan To Work For Global Reform,2019-03-12 07:29:00-04:00,GOOGL,2019-03-12
Senior U.S. Treasury Official Says Proposed Digital Tax from France Could Be Highly Discriminatory Against U.S. Businesses,2019-03-12 06:40:00-04:00,GOOGL,2019-03-12
News Corp's Australian Unit Calls for Breakup of Google,2019-03-12 04:24:00-04:00,GOOGL,2019-03-12
'Alphabet's Waymo Seeks Outside Investors' -The Information,2019-03-11 16:38:00-04:00,GOOGL,2019-03-12
'Elizabeth Warren Proposes Breaking Up Tech Giants Like Amazon' -NY Times,2019-03-08 08:53:00-05:00,GOOGL,2019-03-08
Samsung Display Said to have Delivered Samples of Flexible Displays for Foldable Phones to Apple and Google,2019-03-08 04:06:00-05:00,GOOGL,2019-03-08
'Waymo Starts Selling Sensors to Lower Cost of Self-Driving Cars' -Earlier Bloomberg Article,2019-03-06 09:43:00-05:00,GOOGL,2019-03-06
Google Says Will Not Allow Political Ads In 2019 Canadian Election,2019-03-05 10:39:00-05:00,GOOGL,2019-03-05
"Benzinga's Top Upgrades, Downgrades For March 5, 2019",2019-03-05 09:12:00-05:00,GOOGL,2019-03-05
"Needham Initiates Coverage On Alphabet with Buy Rating, Announces $1.35K Price Target",2019-03-05 07:41:00-05:00,GOOGL,2019-03-05
"'Google to sell 500 products from JD.com, deepening partnership' -Nikkei Asian Review",2019-03-04 12:50:00-05:00,GOOGL,2019-03-04
Google Rejects Australia's Findings on Market Influence,2019-03-04 04:16:00-05:00,GOOGL,2019-03-04
Lyft Says Entities Affiliated With Alphabet Beneficially Owned 5.33% Of Class A Common Stock For IPO,2019-03-01 11:38:00-05:00,GOOGL,2019-03-01
YouTube Disables Comments On Videos Featuring Minors,2019-02-28 13:37:00-05:00,GOOGL,2019-02-28
Detroit To Host Forbes Under 30 Summit Through 2021: 'A Place For Innovation',2019-02-26 15:18:00-05:00,GOOGL,2019-02-26
'Little League' Of Esports Is Going Public,2019-02-23 16:51:00-05:00,GOOGL,2019-02-25
"Wedbush Downgrades Fitbit Ahead Of Q4 Print, Says Medtech Opportunity Priced Into Stock",2019-02-22 15:22:00-05:00,GOOGL,2019-02-22
"'Under pressure, Google to end mandatory arbitration for employees' -Axios",2019-02-21 15:34:00-05:00,GOOGL,2019-02-21
"AT&T Says It Has Removed Its Advertising From Youtube, One Month After Announcing It Was Returning To The Platform",2019-02-21 13:30:00-05:00,GOOGL,2019-02-21
#YouTubewakeup: What You Need To Know,2019-02-21 10:43:00-05:00,GOOGL,2019-02-21
'YouTube axes hundreds of channels over child exploitation concerns' -Engadget,2019-02-21 10:40:00-05:00,GOOGL,2019-02-21
"Google Spokesperson Says On-Device Microphone On Google Nest Was Never Intended To Be A Secret And Should Have Been Listed In Tech Specifications; Says On-Device Microphone Has Never Been On, Is Only Activated When Users Specifically Enable Option",2019-02-20 12:49:00-05:00,GOOGL,2019-02-20
Google Says the Microphone on its Nest Device Was Not Intended to be a Secret and is Only On When Users Turn it On,2019-02-20 12:47:00-05:00,GOOGL,2019-02-20
"'We're excited to announce our intent to acquire data migration leader @aloomainc, expanding our ability to give enterprise customers an easy and secure way to migrate their data to Google Cloud' -Tweet From Google Cloud",2019-02-19 11:17:00-05:00,GOOGL,2019-02-19
'Alooma signs an agreement to join the Google Cloud family' -Alooma Blog Post,2019-02-19 11:16:00-05:00,GOOGL,2019-02-19
''SpongeBob' Spinoffs Planned as Nickelodeon Chief Brian Robbins Tries to Win Back Young Viewers (EXCLUSIVE)' -Variety,2019-02-15 10:47:00-05:00,GOOGL,2019-02-15
"Q4 13F Roundup: How Buffett, Einhorn, Ackman And Others Adjusted Their Portfolios",2019-02-15 10:21:00-05:00,GOOGL,2019-02-15
Reuters Report From Earlier Shows Germany IS Looking At Possibility Of A 15% Special Tax On Online Advertise Revenue Collected By Foreign Companies,2019-02-15 09:46:00-05:00,GOOGL,2019-02-15
"Analysts Downgrade TrueCar, Forecast Weak Fundamentals",2019-02-15 08:57:00-05:00,GOOGL,2019-02-15
"Soros Fund Management Dissolves Stakes in Apple, Pinduoduo; Raises Stake in Alphabet, Cuts Stakes in Amazon, Disney, Bank of America, AT&T; Takes Stake in Conagra",2019-02-15 04:55:00-05:00,GOOGL,2019-02-15
"Big Tech Stocks Appear Unaffected Following Report From India's Business Standard 'Google, Facebook, Twitter, Amazon stare at 30-40% digital tax blow in India'",2019-02-14 15:54:00-05:00,GOOGL,2019-02-14
'Google in Middle of Fight Over 5G Spectrum' -The Information,2019-02-14 13:55:00-05:00,GOOGL,2019-02-14
Cooperman's Omega 13F Shows Cut Stake In Alphabet From 130K Shares To ~82K Shares,2019-02-14 13:31:00-05:00,GOOGL,2019-02-14
How Truck Stops Could Drive The Electric Revolution,2019-02-14 11:39:00-05:00,GOOGL,2019-02-14
"'...Google to spend $13B to build new data centers in Nevada, Ohio, Texas, and Nebraska; tech giant will also double its Virginia-based workforce with expanded offices and more data center space and will also expand its New York City campus' -CNBC Tweets",2019-02-13 13:03:00-05:00,GOOGL,2019-02-13
Japan Plans Government Watchdog To Examine Big Tech Companies,2019-02-13 04:42:00-05:00,GOOGL,2019-02-13
Some Traders Attributing Recent Weakness In Tech Stocks To Comment In California Governor Newsom's State Of The State Address 'I've asked my team to develop a proposal for a new Data Dividend for Californians',2019-02-12 15:10:00-05:00,GOOGL,2019-02-12
Sonos CEO: 'We Are Paying For Sins Of The Past',2019-02-12 11:56:00-05:00,GOOGL,2019-02-12
Softbank Invests In Autonomous Grocery Delivery Startup Nuro,2019-02-11 18:07:00-05:00,GOOGL,2019-02-12
Google Blog Post Highlights Co. Belief EU Copyright Draft Rules Are Not Carefully Balanced And Would Harm Creative Economy In Europe,2019-02-07 09:39:00-05:00,GOOGL,2019-02-07
"Equinix Reports Google Has Selected Co. For Its LA Area Cable Landing Station, No Terms Disclosed",2019-02-07 08:15:00-05:00,GOOGL,2019-02-07
Google Removes Sites Banned in Russia from Search,2019-02-07 04:17:00-05:00,GOOGL,2019-02-07
Survey: Smart Speakers Quickly Becoming Ubiquitous In American Households,2019-02-06 09:39:00-05:00,GOOGL,2019-02-06
'Waymo reportedly in talks with Renault-Nissan Alliance on self-driving partnership' -Electrek,2019-02-05 13:42:00-05:00,GOOGL,2019-02-05
"'Protecting your data, no matter where you go on the web' -Google",2019-02-05 11:00:00-05:00,GOOGL,2019-02-05
Google Says Rolling Out Password Checkup And Cross Account Protection,2019-02-05 10:58:00-05:00,GOOGL,2019-02-05
8 Biggest Price Target Changes For Tuesday,2019-02-05 10:11:00-05:00,GOOGL,2019-02-05
Wall Street Reacts To Alphabet's Q4 Earnings,2019-02-05 09:17:00-05:00,GOOGL,2019-02-05
Survey Hints At Strong Quarter For Spotify,2019-02-05 08:50:00-05:00,GOOGL,2019-02-05
"Citigroup Maintains Buy on Alphabet, Lowers Price Target to $1.325K",2019-02-05 08:06:00-05:00,GOOGL,2019-02-05
32 Stocks Moving In Tuesday's Pre-Market Session,2019-02-05 07:53:00-05:00,GOOGL,2019-02-05
"BMO Capital Maintains Market Perform on Alphabet, Lowers Price Target to $1.1K",2019-02-05 07:51:00-05:00,GOOGL,2019-02-05
"Nomura Maintains Buy on Alphabet, Lowers Price Target to $1.31K",2019-02-05 07:33:00-05:00,GOOGL,2019-02-05
"Barclays Maintains Overweight on Alphabet, Lowers Price Target to $1.35K",2019-02-05 07:30:00-05:00,GOOGL,2019-02-05
A Peek Into The Markets: US Stock Futures Surge Ahead Of Earnings,2019-02-05 06:26:00-05:00,GOOGL,2019-02-05
"12 Stocks To Watch For February 5, 2019",2019-02-05 04:25:00-05:00,GOOGL,2019-02-05
From Alphabet Earnings Conference Call: Feedback On 'Project Stream' Video Game Service Has Been 'Super Positive',2019-02-04 17:24:00-05:00,GOOGL,2019-02-05
"From Alphabet Earnings Conference Call Q&A Section: CEO Says To Expect Cloud Unit  To, In 2019, Focus On Geographies, 6 Verticals, 5 Product Areas Where It Is Seeing Returns",2019-02-04 17:08:00-05:00,GOOGL,2019-02-05
'Pichai says YouTube now has nearly 2B monthly logged-in users. It had 1.8B as of last May.' -Tweet From TheStreet,2019-02-04 17:00:00-05:00,GOOGL,2019-02-05
"'Pichai: Over the last year, the number of active users for Google Assistant has quadrupled. Assistant now supports 30 languages, up from 8 a year ago' -Tweet From TheStreet",2019-02-04 17:00:00-05:00,GOOGL,2019-02-05
From Alphabet Earnings Conference Call: Number Of Daily Active Users On Co.'s Shopping Doubled On Year-Over-Year Basis During Holiday Season,2019-02-04 16:59:00-05:00,GOOGL,2019-02-05
From Alphabet Earnings Conference Call: Board Has Authorized Added $12.5B Buyback,2019-02-04 16:52:00-05:00,GOOGL,2019-02-05
From Alphabet Earnings Conference Call: Sees Capex Growth In 2019 To Moderate Quite Significantly,2019-02-04 16:51:00-05:00,GOOGL,2019-02-05
From Alphabet Earnings Conference Call: Sees Traffic Acquisition Costs Continuing To Increase Year Over Year As Mobile Search Grows,2019-02-04 16:51:00-05:00,GOOGL,2019-02-05
From Alphabet Earnings Conference Call: Forex To Remain A Headwind,2019-02-04 16:46:00-05:00,GOOGL,2019-02-05
"Alphabet Blows Away Q4 Earnings Estimates, Shares Fall",2019-02-04 16:15:00-05:00,GOOGL,2019-02-05
Alphabet Q4 Net Sales Excluding Traffic Acquisition Costs $31.84B,2019-02-04 16:06:00-05:00,GOOGL,2019-02-05
"Alphabet Q4 EPS $12.77 Beats $10.86 Estimate, Sales $39.276B Beat $38.98B Estimate",2019-02-04 16:03:00-05:00,GOOGL,2019-02-05
"Apple Is The 'Better Mind' In The Tech Space, Pro Says",2019-02-04 13:52:00-05:00,GOOGL,2019-02-04
How The FANG Stocks Trade With Each Other And The Rest Of The Market,2019-02-04 11:00:00-05:00,GOOGL,2019-02-04
"A Peek Into The Markets: US Stock Futures Edge Higher, Alphabet Earnings In Focus",2019-02-04 06:36:00-05:00,GOOGL,2019-02-04
"8 Stocks To Watch For February 4, 2019",2019-02-04 04:50:00-05:00,GOOGL,2019-02-04
"Earnings Scheduled For February 4, 2019",2019-02-04 04:02:00-05:00,GOOGL,2019-02-04
This Day In Market History: Alphabet Briefly Becomes World's Most Valuable Company,2019-02-01 07:10:00-05:00,GOOGL,2019-02-01
'Apple blocks Google from running its internal iOS apps' -The Verge,2019-01-31 16:25:00-05:00,GOOGL,2019-02-01
Hearing Apple Taking Actions On Google Apps Following Facebook Initative,2019-01-31 16:23:00-05:00,GOOGL,2019-02-01
"BATs Bounce Back, Lift This ETF",2019-01-31 09:20:00-05:00,GOOGL,2019-01-31
'YouTube Music comes to Sonos' -YouTube Blog,2019-01-30 13:08:00-05:00,GOOGL,2019-01-30
Koch Industries' Subsidiary Invests In Metal 3D Printing,2019-01-30 11:14:00-05:00,GOOGL,2019-01-30
"Google Will Post Solid Revenues, But Expenses May Weigh On Margins, BofA Says In Q4 Preview",2019-01-29 16:27:00-05:00,GOOGL,2019-01-30
"Podcast: Nike Continues To Expand With MLB Deal, Streaming War Heats Up",2019-01-28 15:39:00-05:00,GOOGL,2019-01-28
"Inuvo Announced Its Vertro Subsidiary Entered Into Amendment Number One To Google Services Agreement; Pursuant To Agreement, Among Other Things, Payment Terms Were Modified And Term Of Agreement Was Extended To Feb 28, 2021",2019-01-28 08:28:00-05:00,GOOGL,2019-01-28
Breaking Down The Incredible Rise Of Esports,2019-01-26 16:06:00-05:00,GOOGL,2019-01-28
'Continuing our work to improve recommendations on YouTube' -YouTube Blog,2019-01-25 10:53:00-05:00,GOOGL,2019-01-25
Oracle Comments on Google's Petition For Review By Supreme Court; Says Petition Presents a 'Rehash Of Arguments That Have Already Been Thoughtfully And Thoroughly Discredited',2019-01-24 17:25:00-05:00,GOOGL,2019-01-25
Google Has Asked Supreme Court To Reverse Its Ruling Which Revived Oracle Copyright Case,2019-01-24 15:10:00-05:00,GOOGL,2019-01-24
Analyst Says Apple's App Store Spending Is Likely To Slow In 2019,2019-01-24 12:45:00-05:00,GOOGL,2019-01-24
"Google Signs Long-term Agreement To Purchase The Output Of A 10-megawatt Solar Array In Tainan City, Taiwan",2019-01-23 04:08:00-05:00,GOOGL,2019-01-23
"'Elliott Thinks Walmart, Google And Private Equity Could Be Interested In Buying Ebay's Core Marketplace Business For About $15 Billion' -CNBC",2019-01-22 15:58:00-05:00,GOOGL,2019-01-22
Waymo Looks To The Motor City For Autonomous Vehicle Plant,2019-01-22 15:40:00-05:00,GOOGL,2019-01-22
Pivotal Makes No Changes To Google Model As Big Brands Flock Back To YouTube,2019-01-22 15:04:00-05:00,GOOGL,2019-01-22
Google Buys Smartwatch Tech And Know-How From Fossil,2019-01-17 15:03:00-05:00,GOOGL,2019-01-17
"The EU is Preparing a Third Antitrust Fine for Google's Adsense, According to Bloomberg",2019-01-17 08:49:00-05:00,GOOGL,2019-01-17
"Alphabet, McDonald's, Netflix, Xilinx: 'Fast Money' Picks For January 16",2019-01-16 07:41:00-05:00,GOOGL,2019-01-16
"UPDATE: Global Equities' Chowdhry Warns Could Take Another 2 Qtrs. For Amazon's AWS, Microsoft's Azure, Google's GCP To Clean Their Workloads From Crypto Miners Abuse",2019-01-14 13:30:00-05:00,GOOGL,2019-01-14
"UPDATE: Global Equities' Chowdhry Sees Recent Crackdown On Crypto Miners As Creating A Temporary Compute Overcapacity In The 'Super Cloud' Cos., Sees Intel Datacenter Business Experiencing Temporary Issues",2019-01-14 13:29:00-05:00,GOOGL,2019-01-14
'Google employees are launching a social media blitz to pressure tech giants on workplace harassment issues' -Recode,2019-01-14 09:24:00-05:00,GOOGL,2019-01-14
"BofA Upgrades Twitter After Internet User Survey, Finds Falling Snapchat Usage",2019-01-10 17:44:00-05:00,GOOGL,2019-01-11
"Alphabet, Inc. Board Sued On Thursday In California State Court By Shareholder; Lawsuit Alleges Board Breached Fiduciary Duty By Covering Up Sexual Misconduct By Top Execs, Cites Meeting Minutes From 2024-2016",2019-01-10 16:27:00-05:00,GOOGL,2019-01-11
Morgan Stanley Posts Negative Yelp Review: 'We Question The Sustainability Of This Pricing Umbrella',2019-01-10 09:10:00-05:00,GOOGL,2019-01-10
EU Court Adviser Says Google Can Limit Right to be Forgotten to EU,2019-01-10 04:16:00-05:00,GOOGL,2019-01-10
Fintech APIs Consolidate As Plaid Buys Quovo In $200M Deal,2019-01-09 08:12:00-05:00,GOOGL,2019-01-09
"As Sports Broadcasters See Some Viewers Return, Experts Predict Another Year Of Streaming Transition",2019-01-07 15:49:00-05:00,GOOGL,2019-01-07
"Pivotal Forecasts Good Year For Online Ads, Upgrades Adobe, Alphabet, Salesforce",2019-01-07 13:36:00-05:00,GOOGL,2019-01-07
Google Announces Launch Of Smart Displays For Google Assistant,2019-01-07 11:56:00-05:00,GOOGL,2019-01-07
10 Biggest Price Target Changes For Monday,2019-01-07 10:07:00-05:00,GOOGL,2019-01-07
"Benzinga's Top Upgrades, Downgrades For January 7, 2019",2019-01-07 08:59:00-05:00,GOOGL,2019-01-07
"Pivotal Research Upgrades Alphabet to Buy, Raises Price Target to $1.24K",2019-01-07 06:57:00-05:00,GOOGL,2019-01-07
"Benzinga's Bulls & Bears Of The Week: Amazon, CBS, Intel, Nike, Tesla And More",2019-01-06 09:27:00-05:00,GOOGL,2019-01-06
Google  Expects Google Assistant To Be On 1 Billion Devices By The End Of January,2019-01-04 12:05:00-05:00,GOOGL,2019-01-04
Robert Kricheff Discusses Changing Valuation Models In New Book 'That Doesn't Work Anymore',2019-01-04 11:30:00-05:00,GOOGL,2019-01-04
RBC's Mahaney: Tech 'Reckoning' Already Occurred,2019-01-04 10:03:00-05:00,GOOGL,2019-01-04
"Goldman Sees Amazon, Alphabet, PayPal, GrubHub, Netflix As Best Risk/Reward In US Internet Space, Sees Spotify, Twitter As Stocks Which Offer Most Upside From Current Levels",2019-01-04 06:24:00-05:00,GOOGL,2019-01-04
"Alphabet's Verily Life Sciences Unit Reports $1B Investment Round Led By Silver Lake To Advance Plans On Business Strategies Which Are Additive, Complementary To Its Current Life Sciences Portfolio",2019-01-03 16:33:00-05:00,GOOGL,2019-01-04
Canaccord Genuity Upgrades Alphabet to Buy,2019-01-03 09:43:00-05:00,GOOGL,2019-01-03
"Immersion Reports Deal With Google To Develop Next-Gen Haptic Devices, No Terms Disclosed",2019-01-03 08:32:00-05:00,GOOGL,2019-01-03
Tech stocks shares are trading lower after Apple cut Q1 sales guidance drastically.,2019-01-02 16:44:00-05:00,GOOGL,2019-01-03
"Benzinga's Bulls & Bears Of The Week: Amazon, Apple, Disney, Facebook, GM And More",2018-12-30 15:39:00-05:00,GOOGL,2018-12-30
12 Tech Trends To Watch Over The Next 12 Months,2018-12-28 14:00:00-05:00,GOOGL,2018-12-28
"The Year In Cryptocurrency: Bitcoin's Burst, Hackers, Rejections, Regulations And More",2018-12-27 14:30:00-05:00,GOOGL,2018-12-27
"Stocks across sectors are trading lower, reversing course after strong gains on Wednesday.",2018-12-27 12:16:00-05:00,GOOGL,2018-12-27
"In The December Bloodbath, These Hidden Factors Might Be Prompting Traders To Buy",2018-12-27 10:14:00-05:00,GOOGL,2018-12-27
'Why Alphabet Will Make a Big Acquisition to Help Google Cloud -The Information,2018-12-26 10:06:00-05:00,GOOGL,2018-12-26
Holiday Cheer Hard To Find Following Wall Street's Worst Week In A Decade,2018-12-24 09:39:00-05:00,GOOGL,2018-12-24
Losing Its FAANG: Market Struggles In 2018 As Tech Rally Slows,2018-12-23 09:35:00-05:00,GOOGL,2018-12-23
"Barron's Picks And Pans: Unicorns, European Treasures, Health Care Bargains And More",2018-12-23 09:25:00-05:00,GOOGL,2018-12-23
Hearing Dealreporter Says Atlassian Is Being Speculated As A Potential Google Target; Unconfirmed,2018-12-20 15:57:00-05:00,GOOGL,2018-12-20
Twitter Sinks After Citron Calls It 'The Harvey Weinstein Of Social Media',2018-12-20 11:20:00-05:00,GOOGL,2018-12-20
"Facebook Takes Heat From NAACP, Muslim Advocates And Trump",2018-12-18 11:20:00-05:00,GOOGL,2018-12-18
"Trump Tweet: Facebook, Twitter and Google are so biased toward the Dems it is ridiculous! Twitter, in fact, has made it much more difficult for people to join @realDonaldTrump. They have removed many names & greatly slowed the level and speed of increase. They have acknowledged-done NOTHING!",2018-12-18 07:33:00-05:00,GOOGL,2018-12-18
"'Google's Secret China Project ""Effectively Ended"" After Internal Confrontation' -The Intercept",2018-12-17 12:38:00-05:00,GOOGL,2018-12-17
Will Oracle Earnings Put Analyst Cloud Concerns to Rest?,2018-12-17 11:54:00-05:00,GOOGL,2018-12-17
Why The Chinese Market Is Attractive To Google,2018-12-13 17:02:00-05:00,GOOGL,2018-12-14
"Google, Facebook Push Back on Vietnam's Sweeping Cyber Laws",2018-12-13 04:48:00-05:00,GOOGL,2018-12-13
MediaTek Collaborates with Google to Bring AR and Lens Visual Search Experiences to Mid-Range Smartphones,2018-12-13 04:47:00-05:00,GOOGL,2018-12-13
Google Announces Partnership in India to Use AI To Improve Diabetic Eye Disease Screening,2018-12-13 04:43:00-05:00,GOOGL,2018-12-13
"Red Hat Shares Volatile Here As Traders Circulate 'IBM's $34 billion Red Hat acquisition came after deal talks with Microsoft, Google and Amazon, sources say' -Business Insider",2018-12-12 12:16:00-05:00,GOOGL,2018-12-12
Google Considering Steps to Open Representative Office in Vietnam,2018-12-12 04:37:00-05:00,GOOGL,2018-12-12
"Google CEO Sundar Pichai Addresses Search Bias, Data Security In Capitol Hill Testimony",2018-12-11 14:29:00-05:00,GOOGL,2018-12-11
"Google CEO Sundar Pichai, Giving Testimony In Front Of Senate Judiciary Committee, Says Co. Has No Plans To Launch In China",2018-12-11 11:13:00-05:00,GOOGL,2018-12-11
Google Shares Up 0.9% As CEO Sundar Pichai Currently Giving Testimony Before House Judiciary Committee,2018-12-11 10:40:00-05:00,GOOGL,2018-12-11
Most FAANG Stocks Are In Bear Territory — But Still A Good Bet For Long-Term Investors,2018-12-10 16:13:00-05:00,GOOGL,2018-12-11
Google Issues Statement Highlighting Bug Impacted ~52.5M Users Using Google+ API; Bug Was Fixed Within A Week Of Being Introduced,2018-12-10 12:39:00-05:00,GOOGL,2018-12-10
Australian Competition & Consumer Commisssion Report Includes Proposal To Prevent Google's Search Engine Being Installed As A Default Search Engine On Internet Browsers,2018-12-09 17:24:00-05:00,GOOGL,2018-12-10
'Google and Tencent Secretly Explore Cloud-Computing Cooperation' -The Information,2018-12-07 10:09:00-05:00,GOOGL,2018-12-07
3 Reasons To Like Alphabet's Stock,2018-12-06 13:21:00-05:00,GOOGL,2018-12-06
"Benzinga's Top Upgrades, Downgrades For December 6, 2018",2018-12-06 09:15:00-05:00,GOOGL,2018-12-06
"Guggenheim Initiates Coverage On Alphabet with Buy Rating, Announces $1.33K Price Target",2018-12-06 07:52:00-05:00,GOOGL,2018-12-06
France's Finance Minister Says France will Tax Companies Like Google and Facebook if No EU Agreement,2018-12-06 04:13:00-05:00,GOOGL,2018-12-06
"Apple to Launch HomePod in China in 2019, Ahead of Google, Amazon Devices",2018-12-05 14:01:00-05:00,GOOGL,2018-12-05
A Bullish View On A New Sector ETF,2018-12-05 11:15:00-05:00,GOOGL,2018-12-05
"FreightTech 25: Waze's Contributors All Work Very Cheap, And They've Got A Winning Technology As A Result",2018-12-04 10:52:00-05:00,GOOGL,2018-12-04
Alphabet's Wing to Launch Drone Delivery in Finland in  Spring 2019,2018-12-04 06:26:00-05:00,GOOGL,2018-12-04
"EU To Review New Digital Tax Plan From France, Germany",2018-12-03 15:44:00-05:00,GOOGL,2018-12-03
Market Experts React To G20 Summit,2018-12-03 14:34:00-05:00,GOOGL,2018-12-03
How Google Is Driving Apple Services Revenue Growth,2018-11-30 15:51:00-05:00,GOOGL,2018-11-30
'White House to Hold Roundtable With Tech Executives' -WSJ,2018-11-29 12:36:00-05:00,GOOGL,2018-11-29
US House Judiciary Committee To Hold Dec. 5 Hearing With Google CEO Pichai On Social Media Practices,2018-11-28 10:58:00-05:00,GOOGL,2018-11-28
Google CEO Sundar Pichai Ready to Testify Before Congress in December,2018-11-28 04:32:00-05:00,GOOGL,2018-11-28
Analyst: FANG Stocks Growth Fundamentals Remain Relatively Strong,2018-11-27 17:05:00-05:00,GOOGL,2018-11-28
YouTube Unit Of Alphabet Inc's Google Says Aims To Make All Future Original Programming Ad-Supported; Say Strategy Shift Follows Global User And Advertiser Demand,2018-11-27 15:38:00-05:00,GOOGL,2018-11-27
Waymo Says Deborah Hersman Will Join Co. As Chief Safety Officer And Amee Chande Will Join As Chief Commercial Officer,2018-11-27 11:29:00-05:00,GOOGL,2018-11-27
Insider Response To Tech's Volatile Autumn,2018-11-27 11:01:00-05:00,GOOGL,2018-11-27
Upbeat Sentiment On Retail Wanes After Trump Comments On Trade,2018-11-27 10:44:00-05:00,GOOGL,2018-11-27
Some Google Employees Calling On The Company To Cancel Project Dragonfly,2018-11-27 09:23:00-05:00,GOOGL,2018-11-27
KeyBanc Sees 'Significant Runway' For AMD In Cloud Data Processors,2018-11-26 15:05:00-05:00,GOOGL,2018-11-26
A Black Friday Recap: Holiday Season 'Off To A Mixed Start',2018-11-26 12:38:00-05:00,GOOGL,2018-11-26
5 Biggest Price Target Changes For Monday,2018-11-26 09:44:00-05:00,GOOGL,2018-11-26
A Russian Communications Watchdog Has Opened An Administrative Case Against Google,2018-11-26 07:40:00-05:00,GOOGL,2018-11-26
Russia Plans Fines of 1% of Russian Revenue for Tech Firms That Break Rule,2018-11-26 04:14:00-05:00,GOOGL,2018-11-26
Google Says Supporting the EU Parliamentary Elections,2018-11-22 18:31:00-05:00,GOOGL,2018-11-23
A Perspective On The Recent Meltdown In FAANG Stocks,2018-11-21 11:32:00-05:00,GOOGL,2018-11-21
"The Daily Biotech Pulse: Mylan Recalls Blood Pressure Drug, Heat Biologics Offering, New Novelion CEO",2018-11-21 08:04:00-05:00,GOOGL,2018-11-21
iQIYI Partners with Google to Incorporate Google Widevine DRM into Multi-Digital Rights Management System,2018-11-21 04:10:00-05:00,GOOGL,2018-11-21
"Tech Shares, Retailer Earnings Roil Markets In Continuing Sell-Off",2018-11-20 10:38:00-05:00,GOOGL,2018-11-20
"Several tech and tech-related stocks moving lower despite no company-specific news; Move may be linked to reports Apple cut iPhone production orders, as well as sell off in the overall market.",2018-11-19 12:04:00-05:00,GOOGL,2018-11-19
"Pot Stocks, ETFs, Top News And Data From The Cannabis Industry This Week",2018-11-17 15:53:00-05:00,GOOGL,2018-11-17
Munster: There's Something 'Fundamentally Wrong' With Facebook,2018-11-16 15:07:00-05:00,GOOGL,2018-11-16
"'Google Cloud CEO Diane Greene is out, to be replaced by former Oracle exec Thomas Kurian' -CNBC",2018-11-16 12:46:00-05:00,GOOGL,2018-11-16
Loud And Clear: Sonos Boasts High Demand In Q4 Print,2018-11-16 10:56:00-05:00,GOOGL,2018-11-16
"Tablet Boom Fades As Smartphones, Sleek Laptops Take Over",2018-11-15 15:31:00-05:00,GOOGL,2018-11-15
"Rock Holdings To Buy Dictionary.com, Thesaurus.com From IAC/InterActiveCorp",2018-11-15 13:04:00-05:00,GOOGL,2018-11-15
"Q3 13F Roundup: How Buffett, Einhorn, Ackman And Others Adjusted Their Portfolio",2018-11-15 11:23:00-05:00,GOOGL,2018-11-15
"Loup's Munster Calls Google 'the oxygen of the internet,' Says Believes In The Co. Because They Are Changing The World",2018-11-15 08:50:00-05:00,GOOGL,2018-11-15
"Loup's Munster On Alphabet/Google Notes Short-Term For Stock/Co. Will Be Up And Down Amid Questions About Data, Privacy, But Says For An Investor With Greater Than A 1-Year View, 'this is a great story to own'",2018-11-15 08:49:00-05:00,GOOGL,2018-11-15
Alphabet's Wing to Launch Drone Delivery in Australia in 2019,2018-11-15 04:38:00-05:00,GOOGL,2018-11-15
"Moderate Inflation, Positive Retail Earnings Offer Lift In Back-And-Forth Market",2018-11-14 10:28:00-05:00,GOOGL,2018-11-14
"UPDATE: JANA Partners 13F Shows Fund Liquidated Stakes In Alphabet, Facebook, Wells Fargo, Grubhub",2018-11-14 09:37:00-05:00,GOOGL,2018-11-14
Hearing Barclays Has Removed Google From  Top Pick List; Unconfirmed,2018-11-14 09:24:00-05:00,GOOGL,2018-11-14
"Morgan Stanley Maintains Overweight on Alphabet, Lowers Price Target to $1.5K",2018-11-14 07:45:00-05:00,GOOGL,2018-11-14
Startup Point Of Sale Operating System Poynt Raises $100M,2018-11-13 11:34:00-05:00,GOOGL,2018-11-13
"Day After Selloff, Earnings, Trade News Seem To Offer Lift",2018-11-13 10:30:00-05:00,GOOGL,2018-11-13
'A note to our employees' -Blog Post From Google CEO Sundar Pichai,2018-11-08 11:30:00-05:00,GOOGL,2018-11-08
Samsung Unveils New Screen Technology For Foldable Phones: Infinity Flex,2018-11-07 14:25:00-05:00,GOOGL,2018-11-07
Tune In To Livestream Presentations From Google's Android Developers Summit,2018-11-07 13:48:00-05:00,GOOGL,2018-11-07
Google At Conference Says Expect 'Foldable Products' From Several Android Device Makers; Says Working Closely With Samsung Electronics On Foldable Phone For Early 2019,2018-11-07 13:45:00-05:00,GOOGL,2018-11-07
OpenText Reports Partnership With Google Cloud For Enterprise Information Management On Google Cloud Platform,2018-11-07 09:03:00-05:00,GOOGL,2018-11-07
Long Wait Is Over: Election Day Dawns With Markets Under Light Pressure,2018-11-06 10:06:00-05:00,GOOGL,2018-11-06
Why Apple Will Likely Remain Sole Member Of $1 Trillion Club For A While,2018-11-04 13:58:00-05:00,GOOGL,2018-11-04
Google Confirms Its Top DC Lobbyist Susan Molnari Is Leaving As Head Of America's Policy But Will Remain At Company,2018-11-02 11:10:00-04:00,GOOGL,2018-11-02
'Google's top Washington lobbyist is leaving' -Axios,2018-11-02 10:55:00-04:00,GOOGL,2018-11-02
"JMP Securities Maintains Market Outperform on Alphabet, Lowers Price Target to $1.375K",2018-11-02 10:31:00-04:00,GOOGL,2018-11-02
Ethos Aims To Improve Life Insurance With $35M Funding Round,2018-11-01 13:07:00-04:00,GOOGL,2018-11-01
UPDATE: Google CEO Sundar Pichai Will Be Appearing At The Dealbook Conference Today at 3:40pm ET,2018-11-01 11:17:00-04:00,GOOGL,2018-11-01
Google Employees Currently Staging Walk Out In Protest Of Allegedly Lenient Corporate Response To Allegations Of Sexual Misconduct By Executives,2018-11-01 11:13:00-04:00,GOOGL,2018-11-01
Spotify Reports Partnership With Google For Spotify To Offer Google Home Mini Speakers To Family Plan Master Account Holders In US During Holiday Season,2018-11-01 06:41:00-04:00,GOOGL,2018-11-01
Trick-Or-Treating With GM: Big Earnings Beat Could Help Provide A Halloween Lift,2018-10-31 10:06:00-04:00,GOOGL,2018-10-31
iRobot And Google Collaborate To Develop Smart Home,2018-10-31 09:04:00-04:00,GOOGL,2018-10-31
"'Red Hat gave Google and other buyers a chance to bid before IBM's $34 billion offer, sources say' -CNBC",2018-10-30 10:24:00-04:00,GOOGL,2018-10-30
Volkswagen CFO Says in Talks with Relevant Players in Autonomous Driving; Sees Google's Waymo as Leader,2018-10-30 04:38:00-04:00,GOOGL,2018-10-30
"CNBC ‏Tweet: Red Hat gave Google and other buyers a chance to bid before IBM's $34 billion offer, sources say",2018-10-29 20:35:00-04:00,GOOGL,2018-10-30
"Correction And Bounce: SPX Off 10% From Highs Intraday As Weak Earnings, Outlooks Crush Stocks",2018-10-29 10:50:00-04:00,GOOGL,2018-10-29
"IBM To Buy Red Hat In $34B Deal, IT Stocks Surge",2018-10-29 08:16:00-04:00,GOOGL,2018-10-29
"Barron's Picks And Pans: Bank Of America, Caterpillar, Sensata And More",2018-10-28 10:39:00-04:00,GOOGL,2018-10-28
Twitter Flies After Q3 Earnings; Analysts Weigh In On What To Do With The Stock,2018-10-26 15:42:00-04:00,GOOGL,2018-10-26
The Street Debates Alphabet's Q3: Buy The Dip Or Sell Into Weakness?,2018-10-26 13:44:00-04:00,GOOGL,2018-10-26
Gene Munster's 6 Takeaways From Alphabet's Q3,2018-10-26 12:01:00-04:00,GOOGL,2018-10-26
"Bank of America Maintains Buy on Alphabet, Lowers Price Target to $1,390",2018-10-26 10:27:00-04:00,GOOGL,2018-10-26
"Benzinga Pro's Top 10 Most-Searched Tickers For Morning Of Fri., Oct. 26, 2018",2018-10-26 10:16:00-04:00,GOOGL,2018-10-26
"Barclays Maintains Overweight on Alphabet, Lowers Price Target to $1.4K",2018-10-26 09:59:00-04:00,GOOGL,2018-10-26
"Stock Rally Looks Poised To Falter After Amazon, Alphabet Results Disappoint",2018-10-26 09:56:00-04:00,GOOGL,2018-10-26
"Canaccord Genuity Maintains Hold on Alphabet, Lowers Price Target to $1.14K",2018-10-26 09:52:00-04:00,GOOGL,2018-10-26
Alphabet shares are trading lower after Q3 sales of $33.74B missed the $34.03B analyst estimate.,2018-10-26 09:00:00-04:00,GOOGL,2018-10-26
"From Alphabet Inc. Conference Call; CFO Says Waymo Has Begun Charging Riders, Testing Pricing",2018-10-25 17:51:00-04:00,GOOGL,2018-10-26
"From Alphabet Inc. Conference Call; Co. Says Google Cloud To Add ING, Broadcom As Customers",2018-10-25 17:48:00-04:00,GOOGL,2018-10-26
"'How Google Protected Andy Rubin, the 'Father of Android'' -NY Times Earlier",2018-10-25 17:14:00-04:00,GOOGL,2018-10-26
"Google Q3 EPS $13.06 Beats $10.46 Estimate, Sales $33.74B Miss $34.03B Estimate",2018-10-25 16:03:00-04:00,GOOGL,2018-10-26
Alphabet Inc. To Report Q3 Earnings After The Closing Bell; Co. Historically Issues Its Report At Or Before 4:05 p.m. ET,2018-10-25 15:21:00-04:00,GOOGL,2018-10-25
"Loup Ventures Finds Phoneless Experiment Freeing, Frustrating",2018-10-25 13:16:00-04:00,GOOGL,2018-10-25
Alphabet Kicks Off EU Appeals Ahead Of Third Quarter Earnings,2018-10-25 10:57:00-04:00,GOOGL,2018-10-25
"Snapping Back, But Can Rally Attempt Last? Strong Earnings Might Power Market",2018-10-25 09:55:00-04:00,GOOGL,2018-10-25
UPDATE: Volkswagen Said to be in Talks With Waymo About Partnering on Mobility Service in Europe,2018-10-25 06:15:00-04:00,GOOGL,2018-10-25
"15 Stocks To Watch For October 25, 2018",2018-10-25 05:11:00-04:00,GOOGL,2018-10-25
"Earnings Scheduled For October 25, 2018",2018-10-25 04:48:00-04:00,GOOGL,2018-10-25
Facebook And Google Seek Assurance From UK About Impact Of Brexit Deal,2018-10-24 18:03:00-04:00,GOOGL,2018-10-25
"Apple's Tim Cook Takes On Silicon Valley, Bloomberg",2018-10-24 12:17:00-04:00,GOOGL,2018-10-24
Two US Senate Democrats Say Google+ Data Exposures Raise 'Serious Questions' About Whether Alphabet Inc. Violated 2011 FTC Consent Decree,2018-10-24 10:17:00-04:00,GOOGL,2018-10-24
UPDATE: 'Google is talking with Xilinx about integrating its chips into its data center' -The Information,2018-10-24 10:08:00-04:00,GOOGL,2018-10-24
"'Making it easier to control your data, directly in Google products' -Google Search Blogpost",2018-10-24 09:22:00-04:00,GOOGL,2018-10-24
Podcast: FAANG Stocks In The Spotlight As Earnings Season Trudges Along,2018-10-23 14:57:00-04:00,GOOGL,2018-10-23
Why It Might Be Time To Buy The Dip In Tech ETFs,2018-10-23 14:52:00-04:00,GOOGL,2018-10-23
Wall Street Starts The Day In Risk-off Mood As Global Sentiment Weakens,2018-10-23 10:26:00-04:00,GOOGL,2018-10-23
"Benzinga's Week Ahead: Can Tech Earnings Restore The Rally? Amazon, Google To Report",2018-10-22 12:49:00-04:00,GOOGL,2018-10-22
"Aptoide Says Court Has Ruled Against Google, Will Order Google To Stop Removing Aptoide's App Store From Users' Phone; Aptoide Says Will Fil Suit For Damages Against Google Next Week",2018-10-22 12:21:00-04:00,GOOGL,2018-10-22
Upcoming Earnings: Telecom Giants Verizon And AT&T Report This Week,2018-10-22 11:58:00-04:00,GOOGL,2018-10-22
"Tug-of-War: Volatile October Continues As Bulls, Bears Duke It Out",2018-10-22 09:56:00-04:00,GOOGL,2018-10-22
"'Broadcasters such as Gannett spinoff company Tegna, Sinclair Broadcasting, Tribune and the station division of Disney's ABC are now creating shows specifically for Facebook and YouTube' -The Information",2018-10-19 10:33:00-04:00,GOOGL,2018-10-19
Wedbush's 7 Reasons To Like Alphabet,2018-10-18 11:57:00-04:00,GOOGL,2018-10-18
"As Pentagon Cloud Computing Bid Deadline Nears, Google Drops Out, IBM Protests",2018-10-18 10:21:00-04:00,GOOGL,2018-10-18
The 'Fab 5' Stocks — And Why They're So Important To The Rally,2018-10-18 09:50:00-04:00,GOOGL,2018-10-18
"Benzinga's Top Upgrades, Downgrades For October 18, 2018",2018-10-18 09:14:00-04:00,GOOGL,2018-10-18
"Wedbush Initiates Coverage On Alphabet with Outperform Rating, Announces $1.35K Price Target",2018-10-18 06:47:00-04:00,GOOGL,2018-10-18
'China's JD Will Launch Flagship U.S. Store on Google This Year' -Bloomberg,2018-10-18 06:29:00-04:00,GOOGL,2018-10-18
10 Companies Distancing Themselves From Saudi Arabia,2018-10-17 12:47:00-04:00,GOOGL,2018-10-17
YouTube Was Down For Many Users Tuesday Night,2018-10-16 22:20:00-04:00,GOOGL,2018-10-17
YouTube Is Down For Some Users,2018-10-16 21:34:00-04:00,GOOGL,2018-10-17
"Facebook Shares Up 0.8% After Hours Following Netflix Earnings, Subsequent Move Higher In NFLX; Amazon Up 1%, Apple Up 0.4%, Google Shares Unchanged",2018-10-16 16:23:00-04:00,GOOGL,2018-10-17
"Google Says It Will Charge Smartphone Makers Licensing Fees For Google Play, Gmail, YouTube And Other Apps In Europe; Says Licensing Fees Will Offset Revenue Lost As A Result Of Its Compliance Efforts With EU Antitrust Order",2018-10-16 12:33:00-04:00,GOOGL,2018-10-16
FANG Weakness Drags New Communication Services ETFs,2018-10-15 10:00:00-04:00,GOOGL,2018-10-15
Hearing Alphabet CEO Tell Senators That Censored Chinese Search Engine Could Provide 'Broad Benefits',2018-10-12 14:04:00-04:00,GOOGL,2018-10-12
"Shares of tech stocks moving higher as market rebounds from mid-week lows, strength could be related to rotation back into growth names; Netflix up 5.3%, NVIDIA up 5.8%, Salesforce Up 5.1%, PayPal Up 4.4%, Apple up 3.2%, VMWare up 3.0%.",2018-10-12 10:49:00-04:00,GOOGL,2018-10-12
Positive Vibes: Bank Results Shift Focus Back To Earnings as Overseas Stocks Rise,2018-10-12 09:56:00-04:00,GOOGL,2018-10-12
"Orange, Google Collaborate on New Submarine Cable Across the Atlantic Ocean",2018-10-12 06:08:00-04:00,GOOGL,2018-10-12
Huawei Technologies And Samsung Electronics Say Demand For Smartphones Look Sluggish Going Into Christmas Season,2018-10-11 15:12:00-04:00,GOOGL,2018-10-11
Infographic: Google Diversifies With Growing Non-Ad Revenue,2018-10-11 13:39:00-04:00,GOOGL,2018-10-11
"After Wednesday Wash-Out, Comeback Might Be In Store As Rates Ease, Data Support",2018-10-11 10:08:00-04:00,GOOGL,2018-10-11
Cannabis Production Consumes Less Energy Than McDonald's,2018-10-10 11:07:00-04:00,GOOGL,2018-10-10
On The Rate Watch: Yields Still Driving Action As Inflation Data Roll In,2018-10-10 09:46:00-04:00,GOOGL,2018-10-10
Google Says Has Filed Appeal In EU Court Against EU Antitrust Fine In Android Case,2018-10-09 13:56:00-04:00,GOOGL,2018-10-09
"DA Davidson Out Bullish On Yext, Trade Desk",2018-10-09 13:43:00-04:00,GOOGL,2018-10-09
From Google Product Launch Event: Unveils Pixel 3 Smartphone; BZ NOTE: The Launch/Unveiling Of Pixel 3 Was Something Investors Knew Would Happen Tues.,2018-10-09 11:20:00-04:00,GOOGL,2018-10-09
"Investors Seem To Be Fretting About Rising Yields, Global Economic Growth",2018-10-09 10:31:00-04:00,GOOGL,2018-10-09
REMINDER: Made By Google Pixel Phone Launch Event Today at 11am ET,2018-10-09 07:39:00-04:00,GOOGL,2018-10-09
Google Won't Pursue Pentagon Cloud Contract,2018-10-08 16:32:00-04:00,GOOGL,2018-10-09
"Google's Hardware Event: What To Look For, How To Watch",2018-10-08 15:44:00-04:00,GOOGL,2018-10-08
"'Some advertisers are moving half of their search budget from Google to Amazon, say ad industry sources' -CNBC, Citing Sources",2018-10-08 15:02:00-04:00,GOOGL,2018-10-08
Report: Google Tried To Cover Up A Data Breach,2018-10-08 14:17:00-04:00,GOOGL,2018-10-08
"Google Says Shutting Down Google+ For Consumers, Says Launching More Granular Google Account Permission That Will Show In Individual Dialog Boxes",2018-10-08 13:18:00-04:00,GOOGL,2018-10-08
"'Project Strobe: Protecting your data, improving our third-party APIs, and sunsetting consumer Google+' -Google Blog Post",2018-10-08 13:13:00-04:00,GOOGL,2018-10-08
"'Google Exposed User Data, Feared Repercussions of Disclosing to Public' -WSJ",2018-10-08 12:50:00-04:00,GOOGL,2018-10-08
Google Exposed Private Data Of At Least Hundreds Of Thousands Of Google+ Users To Potential Misuse; Google+ Social Network Users Were Exposed To Software Glitch Between 2015 And March 2018,2018-10-08 12:49:00-04:00,GOOGL,2018-10-08
What's Next For FANG Stocks After Recent Weakness?,2018-10-08 12:02:00-04:00,GOOGL,2018-10-08
"The Week Ahead: Google Unveils New Pixel Phones, Big Bank Earnings Begin",2018-10-08 10:49:00-04:00,GOOGL,2018-10-08
UK Court Blocked Attempt to Bring Legal Action against Google over iPhone Data Collection Claims,2018-10-08 06:12:00-04:00,GOOGL,2018-10-08
Elastic's IPO: What You Need To Know,2018-10-05 08:18:00-04:00,GOOGL,2018-10-05
Kabbage Co-Founder On Lending $1B While The Banks Were Closed: Expectations With Financial Services Is Changing,2018-10-04 08:08:00-04:00,GOOGL,2018-10-04
DoJ Could Investigate Google over Android OS,2018-10-04 04:24:00-04:00,GOOGL,2018-10-04
"Alphabet, GM, Xilinx And A Retail ETF: 'Fast Money' Picks For October 3",2018-10-03 06:58:00-04:00,GOOGL,2018-10-03
"Google To Begin Beta Testing Of Project Stream, Starting With 'Assassin's Creed Odyssey'",2018-10-02 19:02:00-04:00,GOOGL,2018-10-03
"Customer Service Automation Startup, Onward, Says Google Has Bought Co., Terms Not Disclosed",2018-10-02 13:34:00-04:00,GOOGL,2018-10-02
"White House Advisor Says White House Will Likely Host Tech Meeting In Oct.; Google CEO, Representatives From Other Big Internet, Social Media Cos. Will Be Attending",2018-10-02 10:18:00-04:00,GOOGL,2018-10-02
"Censorship, Regulation 'Pretty Big Concerns' For Alphabet, Says WSJ Reporter",2018-10-01 14:47:00-04:00,GOOGL,2018-10-01
YouTube to Announce New Tools to Collect Data for Advertisers,2018-10-01 04:44:00-04:00,GOOGL,2018-10-01
"This Week In Cryptocurrency: Google Lifts Ad Ban, Bitcoin Cash Soars",2018-09-28 16:22:00-04:00,GOOGL,2018-10-01
Google CEO Sundar Pichai Will Testify At US House Hearing In November,2018-09-28 11:36:00-04:00,GOOGL,2018-09-28
"As Wall Street Awaits Main Earnings Season, Trade, Tesla Appear To Be In Focus",2018-09-28 10:19:00-04:00,GOOGL,2018-09-28
Google CEO Sundar Pichai To Meet With NEC Director Larry Kudlow Friday,2018-09-27 15:32:00-04:00,GOOGL,2018-09-27
Crypto Climb: Why XRP Is Soaring Today,2018-09-26 12:47:00-04:00,GOOGL,2018-09-26
From WW To Dunkin': A Look At Some Of The Biggest Corporate Name Changes,2018-09-26 10:54:00-04:00,GOOGL,2018-09-26
"Salesforce CEO Marc Benioff Talks Apple, Amazon And Alphabet",2018-09-26 09:18:00-04:00,GOOGL,2018-09-26
Why This Popular Equal-Weight ETF Could Outperform,2018-09-26 08:10:00-04:00,GOOGL,2018-09-26
Tech Companies Agreed To Voluntary Code Of Practice To Tackle Fake News; European Commission Says It Will Pay Attention To Effective Implementation Of Code,2018-09-26 06:07:00-04:00,GOOGL,2018-09-26
10 Years Of Android: How The Operating System Reached 86% Market Share,2018-09-25 14:56:00-04:00,GOOGL,2018-09-25
Waymo's Path To $50B In Annual Revenue,2018-09-25 13:31:00-04:00,GOOGL,2018-09-25
Nomura's Case For Adding Square To The FANG Trade,2018-09-25 12:28:00-04:00,GOOGL,2018-09-25
"Google Says Ads Policy On Financial Products, Services To Be Updated In Oct To Allow Regulated Cryptocurrenty Exchanges To Advertise In US, Japan",2018-09-25 11:58:00-04:00,GOOGL,2018-09-25
Google Ends Cryptocurrency Ad Ban,2018-09-25 11:08:00-04:00,GOOGL,2018-09-25
Having Some Ups And Downs: Market See-Saw Ride Seen Likely To Continue,2018-09-25 10:32:00-04:00,GOOGL,2018-09-25
"Google Names Privacy Lawyer, Keith Enright, as its Chief Privacy Officer",2018-09-24 18:38:00-04:00,GOOGL,2018-09-25
Google Home Is Gaining Ground On Amazon Echo,2018-09-24 16:01:00-04:00,GOOGL,2018-09-25
"Antitrust Investigation Of Big Tech Ordered By Trump Would 'Act As A Cover' For Election Loss, Says Height Capital Markets",2018-09-24 13:02:00-04:00,GOOGL,2018-09-24
Google Says Users Can Book Attractions and Activities From Search and Maps in a Blog Post,2018-09-24 11:42:00-04:00,GOOGL,2018-09-24
"'Infosys Partners With Google Cloud To Develop ""Data Native Intelligent Enterprise""'-The Times Of India Reports",2018-09-21 13:19:00-04:00,GOOGL,2018-09-21
"From Facebook To Netflix: The S&P's Big Sector Shakeup, Explained",2018-09-21 13:12:00-04:00,GOOGL,2018-09-21
These 2 Problems Are Holding The AI Industry Back,2018-09-20 16:14:00-04:00,GOOGL,2018-09-21
WSJ Reports Google Says It Continues To Allow Apps To Scan Data From Gmail Accounts,2018-09-20 12:16:00-04:00,GOOGL,2018-09-20
"Stock Market Appears To Focus On US-China Tariff News As US, Canada Continue Talks",2018-09-19 10:22:00-04:00,GOOGL,2018-09-19
Needham: Google Private Cloud Reports Create Nutanix Buying Opportunity,2018-09-18 14:13:00-04:00,GOOGL,2018-09-18
"Nutanix Shares Up 6%; Traders Attributing To Report 'Google 'Won't Compete With Partners' By Building Private Cloud Offering, Company Says'",2018-09-18 08:55:00-04:00,GOOGL,2018-09-18
Apple Launches New iPhones As Smartphone Battle Continues,2018-09-14 14:25:00-04:00,GOOGL,2018-09-14
Bipartisan Group Of US House Members In Letter Question Alphabet's Google About Whether It Will Re-Enter Chinese Market; House Members Tell Co. They Have 'Serious Concerns' About Whether It Would Comply With Chinese Censorship Rules,2018-09-13 15:02:00-04:00,GOOGL,2018-09-13
"Detroit Startup StockX, In 'Hypergrowth' Phase, Closes On Record $44M Series B Funding Round",2018-09-12 20:58:00-04:00,GOOGL,2018-09-13
The Communication Services Sector Is Almost Here,2018-09-12 11:57:00-04:00,GOOGL,2018-09-12
"Market Appears To Be in Wait-and-See Mode Ahead of Apple, Central Bank Events",2018-09-12 10:27:00-04:00,GOOGL,2018-09-12
"U.S. Senate Commerce Committee To Hold Hearing On Consumer Data Privacy On Sept. 26th, Say Invited Witnesses Include Reps From AT&T, Twitter, Google, Amazon, Apple, And Charter Communications",2018-09-12 09:34:00-04:00,GOOGL,2018-09-12
Google Ready to Comply With Reserve Bank of India Norms for Payment Services,2018-09-11 04:38:00-04:00,GOOGL,2018-09-11
Google Could Reportedly Unveil Pixel 3 And Pixel 3 XL At 'Made By Google' Event In NYC On Oct. 9,2018-09-06 17:39:00-04:00,GOOGL,2018-09-07
"Major tech and social media stocks appear to be modestly rebounding after closing down Wednesday amid Congressional hearings with Facebook and Twitter; Netflix up 2.1%, Snap up 0.4%, Twitter up 0.4%, Facebook up 0.2%, Alphabet up 0.2%.",2018-09-06 09:01:00-04:00,GOOGL,2018-09-06
"Tech Stocks Fall Amid Twitter, Facebook Senate Testimonies",2018-09-05 15:20:00-04:00,GOOGL,2018-09-05
"U.S. Justice Dept. Says It's Probing Social Media Companies To Determine If They Hurt Competition, Intentionally Stifle Free Exchange Of Idea",2018-09-05 13:01:00-04:00,GOOGL,2018-09-05
The $1-Trillion Club: Who's Next?,2018-09-05 11:56:00-04:00,GOOGL,2018-09-05
"Major tech and social media stocks trading down as executives from Twitter and Facebook testify in front of US Congress; Facebook down 1.7%, Alphabet down 2.4%, Netflix down 4.3%, Snap down 4.6%, Twitter down 5.1%.",2018-09-05 11:50:00-04:00,GOOGL,2018-09-05
Infographic: Google Through The Years,2018-09-05 11:06:00-04:00,GOOGL,2018-09-05
"German finance Ministry Abandons Tax Plan for Google, Amazon, Facebook, Apple",2018-09-05 04:13:00-04:00,GOOGL,2018-09-05
Google Will Not Have an Executive Present At Wednesday's Senate Intel Committee Hearings,2018-09-04 16:47:00-04:00,GOOGL,2018-09-05
Analyst: Waymo Is Worth 10 Times Tesla's Ride-Sharing Business,2018-09-04 13:45:00-04:00,GOOGL,2018-09-04
"The Week Ahead: Mr. Dorsey Goes To Washington, Employment And Wage Data On Tap",2018-09-04 12:18:00-04:00,GOOGL,2018-09-04
Hearing Report A Russian Telecom Watchdog Has Warned Google Against Circulating Info Which Violates Russian Law On Elections -Interfax,2018-09-04 11:16:00-04:00,GOOGL,2018-09-04
Google Maintains Small Lead over Facebook in  Competition for Digital Ad Dollars in India,2018-09-03 20:23:00-04:00,GOOGL,2018-09-04
Amazon to Take on Google and Facebook in $88B Online Ad Market,2018-09-03 20:16:00-04:00,GOOGL,2018-09-04
"Benzinga's Bulls & Bears Of The Week: Amazon, Chipotle, Lululemon And More",2018-09-02 10:27:00-04:00,GOOGL,2018-09-02
Infographic: A Journey To The Cloud,2018-08-31 07:34:00-04:00,GOOGL,2018-08-31
"Trump Highlights Many People See Antitrust Issue With Google, Facebook, Amazon; Declines To Say If Co.'s Should Be Broken Up",2018-08-30 16:51:00-04:00,GOOGL,2018-08-31
US Senate Finance Committee Chairman Hatch Expresses Concern About Google's Search Practices In Letter to U.S. FTC Chairman,2018-08-30 13:08:00-04:00,GOOGL,2018-08-30
"Gene Munster: What To Expect From Facebook, Twitter, Google's Congressional Testimony",2018-08-30 12:26:00-04:00,GOOGL,2018-08-30
"Following Successive Market Gains, Investors Appear To Be Taking Some Profits",2018-08-30 10:40:00-04:00,GOOGL,2018-08-30
"Google, Xiaomi in Talks to Invest in Where is My Train",2018-08-30 04:12:00-04:00,GOOGL,2018-08-30
Google to Launch Mid-tier Pixel Smartphone in India,2018-08-30 04:10:00-04:00,GOOGL,2018-08-30
"REMINDER: Jack Dorsey, Sheryl Sandberg To Appear Before Congressional Committee September 5th To Discuss Content Policing Methods; Alphabet Offered To Send SVP Kent Walker But Senate Rejected This Offer",2018-08-29 16:46:00-04:00,GOOGL,2018-08-30
"Trump Says Google, Twitter And Facebook Trying To Silence People",2018-08-29 15:10:00-04:00,GOOGL,2018-08-29
10 Biggest Price Target Changes For Wednesday,2018-08-29 09:40:00-04:00,GOOGL,2018-08-29
"Morgan Stanley Lifts Amazon's Price Target To $2,500, Bullish On Waymo's Prospects For Alphabet",2018-08-29 08:34:00-04:00,GOOGL,2018-08-29
"Morgan Stanley Maintains Overweight on Alphabet, Raises Price Target to $1.515K",2018-08-29 07:17:00-04:00,GOOGL,2018-08-29
"Hearing That Trump Warns Social Media Names Such As Google, Twitter, And Facebook That They Had Better Be Careful",2018-08-28 15:02:00-04:00,GOOGL,2018-08-28
'JUST IN: JPMorgan Chase poaches Google's head of product management for cloud-based artificial intelligence'-CNBC Now Tweet,2018-08-28 14:04:00-04:00,GOOGL,2018-08-28
Trump Goes After Google's Algorithms,2018-08-28 11:31:00-04:00,GOOGL,2018-08-28
UPDATE: Google's Statement In Response To President Trump Says That 'Search Is Not Used To Set A Political Agenda And We Don't Bias Our Results Toward Any Political Ideology',2018-08-28 10:28:00-04:00,GOOGL,2018-08-28
'Breaking: Google statement in response to Trump tweet'-CNN Reporter Hadas Gold Tweets; BZ NOTE: Statement From Twitter Post Is In The Body,2018-08-28 10:20:00-04:00,GOOGL,2018-08-28
'Waymo's Big Ambitions Slowed by Tech Trouble'-The Information Reports,2018-08-28 10:14:00-04:00,GOOGL,2018-08-28
"'Asked Larry Kudlow about Trump comments on Google. He said they are ""looking into it"" and doing some ""investigations"" and ""analysis""'-Bloomberg's Shannon Pettypiece Tweets",2018-08-28 09:18:00-04:00,GOOGL,2018-08-28
"Alphabet Shares Down Just Slightly Premarket After Pres. Trump Earlier Accused The Search Giant Of Being ""RIGGED"" Against Him And Others, Suppressing Conservatives, Adding: 'Will be addressed!'",2018-08-28 09:09:00-04:00,GOOGL,2018-08-28
FireEye Shares Spike 4.6% Higher Following Report Google Hired Co. To Complement Internal Cybersecurity Work; Stock Now Up 7.8% For Session,2018-08-23 14:15:00-04:00,GOOGL,2018-08-23
Cybersecurity Stocks Spike To Afternoon Highs Following Report Google Hired FireEye To Complement Its Work By Internal Teams Following Termination Of Accounts Linked To The Islamic Republic Of Iran's Broadcasting Network,2018-08-23 14:13:00-04:00,GOOGL,2018-08-23
Google's YouTube Terminated 39 Channels It Said Are Linked To Iranian State Media Influence Operation,2018-08-23 14:02:00-04:00,GOOGL,2018-08-23
"Hearing Alphabet Mentioned Positively By M Science, Unconfirmed",2018-08-23 10:55:00-04:00,GOOGL,2018-08-23
Cramer: The Bull Run Survived These 10 Challenges,2018-08-22 15:37:00-04:00,GOOGL,2018-08-22
Forward Industries Up ~4% At $1.57/Share As Forward's Subsidiary IPS Announces A New Deal With Google Over Twitter,2018-08-22 13:12:00-04:00,GOOGL,2018-08-22
10 Biggest Price Target Changes For Wednesday,2018-08-22 09:47:00-04:00,GOOGL,2018-08-22
5G Smartphones Not Likely to Ship in Large Quantities until 2021,2018-08-21 04:11:00-04:00,GOOGL,2018-08-21
'Google and Imax's VR Camera Project Canceled'-Variety Reports,2018-08-20 15:24:00-04:00,GOOGL,2018-08-20
'Google to release display-equipped speaker in time for holidays'-Nikkei Asian Review,2018-08-16 12:45:00-04:00,GOOGL,2018-08-16
Fabulous Fundamentals In A New Virtual Reality ETF,2018-08-15 10:44:00-04:00,GOOGL,2018-08-15
"Q2 13F Roundup: How Buffett, Einhorn, Loeb And Others Adjusted Their Portfolio",2018-08-15 10:23:00-04:00,GOOGL,2018-08-15
13F From Soros Fund Shows Reduced Stake In Alphabet From 25.4K to 12.4K Shares,2018-08-14 17:04:00-04:00,GOOGL,2018-08-15
"13F Filing From Tiger Global Shows Reduced Stake In Adobe, Alphabet, Bank of America, Boot Barn, Cisco, JP Morgan, Ooma, & Norwegian Cruise Lines (from 435.1K Shares to 42.1K Shares);Raised Stake In Alibaba, Amazon, Delta Airlines, & Pure Storage",2018-08-14 15:27:00-04:00,GOOGL,2018-08-14
The Most Searched Questions About Jeff Bezos,2018-08-14 13:18:00-04:00,GOOGL,2018-08-14
"Google Says Users Can Ask Google Home Assistant, Mini And Max To Play Music With Pandora Premium And Deezer",2018-08-14 12:45:00-04:00,GOOGL,2018-08-14
'DC Entertainment's New Streaming And Digital Comics Service Pops Up On Google Play'-TechCrunch Reports,2018-08-14 12:24:00-04:00,GOOGL,2018-08-14
Twitter Says Twitter Lite Will Be Available In The Google Play Store In Over 45 Countries,2018-08-13 13:18:00-04:00,GOOGL,2018-08-13
"No Surprise: FAANG's A Big Deal For Growth Indexes, ETFs",2018-08-13 13:14:00-04:00,GOOGL,2018-08-13
"India Reportedly Seeking New Rules For American Tech Companies Operating In The Country, To Shelter Homegrown Startups; Potential Negative For Amazon, Alphabet, Facebook, and Apple",2018-08-13 13:10:00-04:00,GOOGL,2018-08-13
"13F Late Friday From Dan Loeb's Third Point Shows New Stake In Camping World, Exited Stake In Alphabet",2018-08-13 09:57:00-04:00,GOOGL,2018-08-13
Analysts React To Trade Desk's Blowout Quarter,2018-08-10 13:22:00-04:00,GOOGL,2018-08-10
The End Of The FANG Era? Gene Munster Makes The Case,2018-08-07 10:56:00-04:00,GOOGL,2018-08-07
Trading What You Know: Finding Your Diversification Center,2018-08-06 10:48:00-04:00,GOOGL,2018-08-06
"Barron's Picks And Pans: Alphabet, Apple, CBS, Synchrony And More",2018-08-05 11:18:00-04:00,GOOGL,2018-08-05
"Google In China Cloud Talks With Tencent, Inspur",2018-08-03 15:45:00-04:00,GOOGL,2018-08-03
More Leveraged FANG ETNs Are Here,2018-08-03 12:34:00-04:00,GOOGL,2018-08-03
FBI Director Wray Says Progress Is Being Made In Terms Of Working With Social Media Companies On Election Interference,2018-08-02 13:44:00-04:00,GOOGL,2018-08-02
"Social, Tech Stocks Unaffected As FBI Director Christopher Wray Says 'Tech Cos. Have Their Own Responsibilities To Secure Their Own Platforms'",2018-08-02 13:32:00-04:00,GOOGL,2018-08-02
Craig-Hallum Upgrades Synaptics After Dialog Semi Deal Collapses: 'Give This Cheap Stock Another Look',2018-08-01 11:57:00-04:00,GOOGL,2018-08-01
Strong Apple Results Compete With Trade Worries For Investor Sentiment Ahead Of Fed,2018-08-01 10:39:00-04:00,GOOGL,2018-08-01
"Senior Execs From Facebook, Twitter, And Google To Testify To U.S. Senate Intel Committee On Sept. 5th According To The Committee Vice Chairman",2018-08-01 09:40:00-04:00,GOOGL,2018-08-01
"ChannelAdvisor Reports Expansion Of Strategic Alliance With Google To Support Shopping Actions Program, No Terms Disclosed",2018-08-01 08:13:00-04:00,GOOGL,2018-08-01
Baidu Shares Trading Down ~6.6% Following Q2 Beat But Worse-Than-Expected Guidance; Could Be Trading Down Related To The Intercept Report Google Is Planning To Launch A Censored Search Engine In China,2018-08-01 08:01:00-04:00,GOOGL,2018-08-01
"'Google Plans To Launch Censored Search Engine In China, Leaded Documents Reveal'-The Intercept",2018-08-01 06:23:00-04:00,GOOGL,2018-08-01
"Watching Capital One, Microsoft Shares Following The Information Article 'Google Inks Cloud Apps Deal With Capital One'",2018-07-31 14:13:00-04:00,GOOGL,2018-07-31
Alphabet's Waymo Says Is Partnering With Valley Metro To Explore Public Transportation Solutions,2018-07-31 12:35:00-04:00,GOOGL,2018-07-31
Market Appears More Optimistic Following Tech-Led Selloff,2018-07-31 10:34:00-04:00,GOOGL,2018-07-31
Cramer's 'Clear Winners' From Earnings Season So Far,2018-07-31 10:22:00-04:00,GOOGL,2018-07-31
Pro: FAANG Stocks Could Have 30-40% Downside Potential,2018-07-31 09:58:00-04:00,GOOGL,2018-07-31
"Watching Self-Driving Fleet Players, Uber Partners For Self-Driving Truck Segment Amid Earlier Report Uber To Stop Development Of Self-Driving Trucks, Will Only Proceed With Cars",2018-07-30 17:25:00-04:00,GOOGL,2018-07-31
"Stocks Which Set New 52-Week High Friday, July 27th",2018-07-30 12:05:00-04:00,GOOGL,2018-07-30
"CAT Climbs Into Driver's Seat To Start Earnings Parade, With Fed Meeting Ahead",2018-07-30 10:16:00-04:00,GOOGL,2018-07-30
"Barron's Picks And Pans: Amazon, Eli Lilly, Fiat Chrysler And More",2018-07-29 17:29:00-04:00,GOOGL,2018-07-30
"Stocks Which Set New 52-Week High Yesterday, July 26th:",2018-07-27 10:42:00-04:00,GOOGL,2018-07-27
"Stocks Which Set New 52-Week High Yesterday, July 25th",2018-07-26 11:00:00-04:00,GOOGL,2018-07-26
"Nasdaq, Tech Names Might Come Under Pressure Following Facebook's Weak Results",2018-07-26 10:06:00-04:00,GOOGL,2018-07-26
"Google Releases Its ASIC AI Infrastructure Called Edge TPU, Watch Shares of NVIDIA On This News",2018-07-26 09:49:00-04:00,GOOGL,2018-07-26
Google Cloud Next Event Concludes Today,2018-07-26 06:44:00-04:00,GOOGL,2018-07-26
"Social Media, FANG Stocks Taking A Big Hit In After-Hours Trading",2018-07-25 18:02:00-04:00,GOOGL,2018-07-26
"Social Stocks Following Facebook Lower After Hours After Its Mixed Q2 Report: Facebook -16.8%, Twitter -5.9%, Snap -3.1%; FANG Stocks Also Lower: Amazon -2.2%, Netflix -2.9%, Alphabet -1%",2018-07-25 17:52:00-04:00,GOOGL,2018-07-26
Pro: Why Alphabet Is A Better Pick Than Facebook,2018-07-25 14:46:00-04:00,GOOGL,2018-07-25
Shares of several technology companies are trading higher on continued volatility despite market weakness. The sector sold off recently as other sectors gained amid US economic reopening and appears to be rebounding.,2020-06-10 12:37:00-04:00,NVDA,2020-06-10
Afternoon Market Stats in 5 Minutes,2020-06-10 12:12:00-04:00,NVDA,2020-06-10
Morning Market Stats in 5 Minutes,2020-06-10 10:22:00-04:00,NVDA,2020-06-10
Shares of several technology companies are trading higher despite market weakness. The sector recently experienced some welling and appears to be rebounding following dip.,2020-06-09 13:40:00-04:00,NVDA,2020-06-09
Afternoon Market Stats in 5 Minutes,2020-06-08 12:30:00-04:00,NVDA,2020-06-08
Shares of some technology companies are trading lower despite market strength. The sector has performed well this year to date and appears to be giving back some gains following run up.,2020-06-08 10:53:00-04:00,NVDA,2020-06-08
Morning Market Stats in 5 Minutes,2020-06-08 09:47:00-04:00,NVDA,2020-06-08
Why BofA Recommends Buying GPU Plays AMD and Nvidia,2020-06-02 13:20:00-04:00,NVDA,2020-06-02
"Cramer Weighs In On Ciena, Harley-Davidson And More",2020-06-02 07:14:00-04:00,NVDA,2020-06-02
Semiconductor Industry to Lobby for Billions to Boost U.S. Manufacturing,2020-05-31 11:05:00-04:00,NVDA,2020-05-31
Synopsys' Silicon-Proven DesignWare DDR IP for High-Performance Cloud Computing Networking Chips Selected by NVIDIA,2020-05-28 09:06:00-04:00,NVDA,2020-05-28
"Chip Stocks Move Higher Following Strong Guidance Out Of Memory Manufacturer Micron: Intel Shares Up 0.1%, AMD Down 3.3%, NVIDIA Down 4%",2020-05-27 13:35:00-04:00,NVDA,2020-05-27
"Shares of several companies in the broader technology sector are trading lower despite market strength. Weakness potentially related to business reopenings and eased lockdown restrictions, as several names in the tech sector have benefited from work-from-home, home entertainment and e-commerce trends amid the pandemic.",2020-05-27 10:24:00-04:00,NVDA,2020-05-27
Stocks That Hit 52-Week Highs On Tuesday,2020-05-26 10:32:00-04:00,NVDA,2020-05-26
3 Non-Semiconductor ETFs Benefiting From Nvidia Exposure,2020-05-26 09:26:00-04:00,NVDA,2020-05-26
NVIDIA shares are trading higher after Morgan Stanley maintained its Overweight rating on the stock and raised its price target from $282 to $363 per share.,2020-05-26 08:16:00-04:00,NVDA,2020-05-26
"Morgan Stanley Maintains Overweight on NVIDIA, Raises Price Target to $363",2020-05-26 08:00:00-04:00,NVDA,2020-05-26
"Bulls And Bears Of The Week: Carvana, Comcast, Walmart And More",2020-05-23 12:30:00-04:00,NVDA,2020-05-23
"9 Nvidia Analysts On Q1 Beat, Ampere GPU: 'A Pure Play In Accelerated Computing'",2020-05-22 11:47:00-04:00,NVDA,2020-05-22
"Moderna, NVIDIA, Deere Form Bright Spots Amid Worries Over U.S.-China Relationship",2020-05-22 10:24:00-04:00,NVDA,2020-05-22
"Cascend Maintains Buy on NVIDIA, Raises Price Target to $380",2020-05-22 10:21:00-04:00,NVDA,2020-05-22
"Piper Sandler Maintains Overweight on NVIDIA, Raises Price Target to $390",2020-05-22 09:59:00-04:00,NVDA,2020-05-22
"UBS Maintains Buy on NVIDIA, Raises Price Target to $400",2020-05-22 09:44:00-04:00,NVDA,2020-05-22
NVIDIA shares are trading higher after the company reported better-than-expected Q1 EPS and sales results.,2020-05-22 09:35:00-04:00,NVDA,2020-05-22
"B of A Securities Reiterates Buy on NVIDIA, Raises Price Target to $420",2020-05-22 09:27:00-04:00,NVDA,2020-05-22
"Deutsche Bank Maintains Hold on NVIDIA, Raises Price Target to $315",2020-05-22 09:08:00-04:00,NVDA,2020-05-22
"Raymond James Reiterates Outperform on NVIDIA, Raises Price Target to $370",2020-05-22 08:37:00-04:00,NVDA,2020-05-22
"Oppenheimer Maintains Outperform on NVIDIA, Raises Price Target to $400",2020-05-22 08:34:00-04:00,NVDA,2020-05-22
10 Biggest Price Target Changes For Friday,2020-05-22 08:06:00-04:00,NVDA,2020-05-22
"Wedbush Maintains Outperform on NVIDIA, Raises Price Target to $420",2020-05-22 08:05:00-04:00,NVDA,2020-05-22
"Mizuho Reiterates Buy on NVIDIA, Raises Price Target to $400",2020-05-22 08:03:00-04:00,NVDA,2020-05-22
"Wells Fargo Maintains Overweight on NVIDIA, Raises Price Target to $430",2020-05-22 08:03:00-04:00,NVDA,2020-05-22
"Nomura Instinet Maintains Reduce on NVIDIA, Raises Price Target to $260",2020-05-22 07:59:00-04:00,NVDA,2020-05-22
"SunTrust Robinson Humphrey Maintains Buy on NVIDIA, Raises Price Target to $384",2020-05-22 07:46:00-04:00,NVDA,2020-05-22
"Rosenblatt Maintains Buy on NVIDIA, Raises Price Target to $400",2020-05-22 07:00:00-04:00,NVDA,2020-05-22
"Needham Maintains Buy on NVIDIA, Raises Price Target to $400",2020-05-22 06:51:00-04:00,NVDA,2020-05-22
A Peek Into The Markets: US Stock Futures Down Ahead Of Three-Day Weekend,2020-05-22 06:01:00-04:00,NVDA,2020-05-22
"7 Stocks To Watch For May 22, 2020",2020-05-22 04:45:00-04:00,NVDA,2020-05-22
Nvidia Reports Q1 Earnings Beat,2020-05-21 16:33:00-04:00,NVDA,2020-05-22
"NVIDIA Sees Q2 Sales $3.65B +/- 2% vs $3.15B Estimate, Gross Margins 58.6-66%",2020-05-21 16:21:00-04:00,NVDA,2020-05-22
"NVIDIA Q1 Adj. EPS $1.800 Beats $1.680 Estimate, Sales $3.080B Beat $2.980B Estimate",2020-05-21 16:20:00-04:00,NVDA,2020-05-22
Here's How Long It Took Nvidia To Reach A $100B Market Cap,2020-05-21 10:56:00-04:00,NVDA,2020-05-21
Climate Change: Up And Down Pattern Continues As Week Advances And Powell Awaited,2020-05-21 09:44:00-04:00,NVDA,2020-05-21
"Credit Suisse Reinstates Outperform on NVIDIA, Announces $425 Price Target",2020-05-21 08:24:00-04:00,NVDA,2020-05-21
"A Peek Into The Markets: US Stock Futures Down Ahead Of Earnings, Jobless Claims Data",2020-05-21 05:58:00-04:00,NVDA,2020-05-21
"8 Stocks To Watch For May 21, 2020",2020-05-21 04:42:00-04:00,NVDA,2020-05-21
"Earnings Scheduled For May 21, 2020",2020-05-21 04:14:00-04:00,NVDA,2020-05-21
Chop Chop: Strong Earnings Lift Markets After Tuesday Thud; FOMC Minutes Ahead,2020-05-20 12:48:00-04:00,NVDA,2020-05-20
"Benzinga Pro's Top 5 Stocks To Watch For Wednesday, May 20, 2020: BABA, SPOT, NVDA, SGBX, JD",2020-05-20 08:00:00-04:00,NVDA,2020-05-20
Nvidia Investors Accuse Chipmaker Of Misrepresenting $1B In Crypto Revenue In Lawsuit,2020-05-19 11:07:00-04:00,NVDA,2020-05-19
Stocks That Hit 52-Week Highs On Tuesday,2020-05-19 10:43:00-04:00,NVDA,2020-05-19
"Walmart Earnings Look Strong Across the Board, But Home Depot Down After Missing on EPS",2020-05-19 10:08:00-04:00,NVDA,2020-05-19
NVIDIA shares are trading higher after Susquehanna and RBC Capital maintained their bullish ratings on the company's stock along with raising their price targets.,2020-05-19 09:51:00-04:00,NVDA,2020-05-19
"Susquehanna Maintains Positive on NVIDIA, Raises Price Target to $410",2020-05-19 09:36:00-04:00,NVDA,2020-05-19
"RBC Capital Maintains Outperform on NVIDIA, Raises Price Target to $385",2020-05-19 09:03:00-04:00,NVDA,2020-05-19
"BMO Turns Bullish On Nvidia, Says It's Uniquely Positioned For Computing Shift",2020-05-18 12:48:00-04:00,NVDA,2020-05-18
"Walmart, Target And Home Depot Among Major Retailers Set To Report Earnings In Days Ahead",2020-05-18 10:52:00-04:00,NVDA,2020-05-18
Stocks That Hit 52-Week Highs On Monday,2020-05-18 10:44:00-04:00,NVDA,2020-05-18
"Benzinga's Top Upgrades, Downgrades For May 18, 2020",2020-05-18 09:32:00-04:00,NVDA,2020-05-18
10 Biggest Price Target Changes For Monday,2020-05-18 08:20:00-04:00,NVDA,2020-05-18
NVIDIA shares are trading higher after BMO Capital upgraded the company's stock from Market Perform to Outperform and raised its price target from $285 to $425.,2020-05-18 07:17:00-04:00,NVDA,2020-05-18
"BMO Capital Upgrades NVIDIA to Outperform, Raises Price Target of $425",2020-05-18 06:46:00-04:00,NVDA,2020-05-18
"Nvidia Analyst Says New, Ampere-Based Data Center GPU Makes Chipmaker 'Unassailable'",2020-05-15 13:11:00-04:00,NVDA,2020-05-15
Quick Retreat: Impressive Thursday Turnaround Halted in Its Tracks Amid Fresh Trade Tiff,2020-05-15 10:22:00-04:00,NVDA,2020-05-15
"Raymond James Reiterates Outperform on NVIDIA, Raises Price Target to $330",2020-05-15 08:34:00-04:00,NVDA,2020-05-15
NVIDIA Datasheet Shows DGX A100 To Use Dual AMD Rome 7742,2020-05-14 12:49:00-04:00,NVDA,2020-05-14
"Nvidia CEO Talks New Ampere-Based GPU, Advanced AI System In GTC 2020 Keynote",2020-05-14 12:22:00-04:00,NVDA,2020-05-14
"NVIDIA Highlights Expansion Of Its Clara Healthcare Platform With New Capabilities, Partnerships To Help Medical Community Track, Test, Treat Coronavirus",2020-05-14 09:05:00-04:00,NVDA,2020-05-14
Another Nvidia Analyst Boosts Price Target Ahead Of Q1 Report,2020-05-13 15:00:00-04:00,NVDA,2020-05-13
"Wedbush Maintains Outperform on NVIDIA, Raises Price Target to $340",2020-05-13 10:46:00-04:00,NVDA,2020-05-13
"""Stay at Home"" Stocks Still Rule the Roost as Nvidia, Microsoft, Apple Start Week Firmly",2020-05-12 16:11:00-04:00,NVDA,2020-05-13
2 Options Strategies For Nvidia Ahead Of Earnings,2020-05-12 14:10:00-04:00,NVDA,2020-05-12
Stocks That Hit 52-Week Highs On Tuesday,2020-05-12 10:41:00-04:00,NVDA,2020-05-12
Not Just Fun And Games: How Esports Could Offer Potential Investment Opportunities,2020-05-12 06:43:00-04:00,NVDA,2020-05-12
Why Nvidia Has A New Street-High Price Target,2020-05-11 15:06:00-04:00,NVDA,2020-05-11
Stocks That Hit 52-Week Highs On Monday,2020-05-11 10:28:00-04:00,NVDA,2020-05-11
10 Biggest Price Target Changes For Monday,2020-05-11 08:20:00-04:00,NVDA,2020-05-11
"Needham Maintains Buy on NVIDIA, Raises Price Target to $360",2020-05-11 07:12:00-04:00,NVDA,2020-05-11
"'Fast Money' Picks For May 11: EA, Nike, Nvidia",2020-05-10 16:04:00-04:00,NVDA,2020-05-11
Shares of several technology companies are trading higher amid market strength after US job loss figures came in better than expected. The sector has been strong recently as several companies reported strong earnings and benefited from online services.,2020-05-08 10:15:00-04:00,NVDA,2020-05-08
NVIDIA shares are trading higher after SunTrust analysts maintained a Buy rating on the stock and raised their price target from $294 to $327. The tech sector has been strong this week amid a rebound in economic sentiment.,2020-05-07 13:57:00-04:00,NVDA,2020-05-07
"SunTrust Robinson Humphrey Maintains Buy on NVIDIA, Raises Price Target to $327",2020-05-07 12:20:00-04:00,NVDA,2020-05-07
"Susquehanna Maintains Positive on NVIDIA, Raises Price Target to $355",2020-05-04 12:15:00-04:00,NVDA,2020-05-04
NVIDIA Shares Unaffected Following Report 'Nvidia Plans To Buy Cumulus Networks In Networking Software Play',2020-05-04 10:35:00-04:00,NVDA,2020-05-04
Shares of several technology companies are trading lower on market weakness as investor uncertainty grows following quarterly earnings results from multiple companies. NOTE: This could potentially be a sell-off after the S&P 500 rallied 12.7% over the past month.,2020-05-01 09:10:00-04:00,NVDA,2020-05-01
"NVIDIA To Report Q1 Earnings Thurs., May 21, 2020",2020-04-30 17:01:00-04:00,NVDA,2020-05-01
"Shares of several technology companies are trading higher amid market strength following positive data from a study of Gilead's Remdesivir, which is being evaluated for coronavirus. A successful treatment could mean a sooner return to economic activity. NOTE: Some names may also be moving in sympathy following recent earnings from Google and some semiconductor companies.",2020-04-29 10:53:00-04:00,NVDA,2020-04-29
"May Market Outlook: No Spring Fling This Year As Dismal Data, Weak Earnings Seen Ahead",2020-04-29 09:24:00-04:00,NVDA,2020-04-29
"Morgan Stanley Maintains Overweight on NVIDIA, Raises Price Target to $282",2020-04-28 09:17:00-04:00,NVDA,2020-04-28
"'I've Been Dreaming About This,' Nvidia CEO Says After $7B Mellanox Acquisition Deal Finally Closed",2020-04-28 00:17:00-04:00,NVDA,2020-04-28
Why Nvidia's Stock Is Trading Higher Today,2020-04-27 11:02:00-04:00,NVDA,2020-04-27
NVIDIA shares are trading higher potentially on overall market strength as some states announced their plans to reopen in phases. The company also announced the completion of the acquisition of Mellanox.,2020-04-27 09:56:00-04:00,NVDA,2020-04-27
A Peek Into The Markets: US Stock Futures Signal Higher Start On Wall Street,2020-04-27 06:14:00-04:00,NVDA,2020-04-27
NVIDIA Completes Acquisition of Mellanox,2020-04-27 05:35:00-04:00,NVDA,2020-04-27
"Nvidia Reportedly Eyeing 5nm Chips Even As Apple, AMD Ramp Up Orders",2020-04-24 13:48:00-04:00,NVDA,2020-04-24
Shares of several semiconductor companies are trading higher. Strength potentially related to earnings from notable names in the space this week as well as overall market strength amid a rebound in oil.,2020-04-23 11:19:00-04:00,NVDA,2020-04-23
Eli Lilly Kicks Off Earnings Day With A Beat And Investors Prepare For Intel After Close,2020-04-23 09:45:00-04:00,NVDA,2020-04-23
"Taiwan Semiconductor Seeing Ramp-up in Orders from AMD, Nvidia",2020-04-23 05:26:00-04:00,NVDA,2020-04-23
"Shares of several semiconductor companies are trading higher, potentially in sympathy with Texas Instruments, which reported better-than-expected Q1 financial results.",2020-04-22 06:28:00-04:00,NVDA,2020-04-22
Shares of several technology companies are trading lower amid overall market weakness following a collapse in oil prices. Oil has been negatively impacted by excess supply and low demand amid the coronavirus pandemic.,2020-04-21 10:52:00-04:00,NVDA,2020-04-21
A Look Into NVIDIA's Price Over Earnings,2020-04-21 10:49:00-04:00,NVDA,2020-04-21
"Nvidia, Marvell, Monolithic Are Oppenheimer's Top Picks Ahead Of Semiconductor Earnings",2020-04-19 21:51:00-04:00,NVDA,2020-04-20
"UBS Maintains Buy on NVIDIA, Raises Price Target to $330",2020-04-17 12:03:00-04:00,NVDA,2020-04-17
NVIDIA Says Mellanox Deal Closing Expected To Occur On Or About Apr. 27,2020-04-16 14:10:00-04:00,NVDA,2020-04-16
NVIDIA shares are trading higher after the company received Chinese approval for its acquisition of Mellanox.,2020-04-16 13:07:00-04:00,NVDA,2020-04-16
"Alibaba, Tesla Among Cramer's Stay-At-Home Stock Ideas",2020-04-16 11:48:00-04:00,NVDA,2020-04-16
"Cramer Shares His Thoughts On Yext, Workday And More",2020-04-16 08:33:00-04:00,NVDA,2020-04-16
Hearing Mellanox Reportedly Receives China approval For NVIDIA Merger,2020-04-16 07:42:00-04:00,NVDA,2020-04-16
Software Rises Above Semiconductors And Hardware As Tech Heads Into Earnings Season,2020-04-15 20:10:00-04:00,NVDA,2020-04-16
"Shares of several technology companies are trading lower as equities fall amid mixed earnings results from banks, a significant decline in the price of oil and worse than expected retail sales in March.",2020-04-15 09:14:00-04:00,NVDA,2020-04-15
"Shares of several technology companies are trading higher as markets gain on positive coronavirus outlook. Optimism surrounding the virus has led to hopes of an upcoming return to economic activity, which would benefit the sector.",2020-04-14 10:53:00-04:00,NVDA,2020-04-14
Will FANG Lead The Market Rebound?,2020-04-09 12:04:00-04:00,NVDA,2020-04-09
Shares of several technology companies are trading higher amid overall market strength on optimism that US coronavirus cases could soon leveling off. NOTE: Some names in the sector have potentially benefited from recent work-at-home trends.,2020-04-08 10:13:00-04:00,NVDA,2020-04-08
"Semiconductors Continue To Lead Rally Efforts, While Consumer Staples Keep Lagging",2020-04-07 09:47:00-04:00,NVDA,2020-04-07
"Shares of several technology, semiconductor, and software companies are trading higher amid optimism that coronavirus cases in Asia are potentially easing. Global slowing cases could raise hopes of a sooner return to spending and economic activity.",2020-04-07 07:45:00-04:00,NVDA,2020-04-07
Shares of several semiconductor and large technology stocks are trading higher with the broader market on optimism that coronavirus cases in several US hotspots appear to be reaching their peak.,2020-04-06 08:55:00-04:00,NVDA,2020-04-06
"Despite Near-Term Volatility, Nvidia Analyst Remains Bullish On Data Center Positioning, Gaming Dominance",2020-04-03 14:57:00-04:00,NVDA,2020-04-03
Shares of several semiconductor and chip companies are trading lower amid overall equity weakness. Macro disruption as a result of the coronavirus pandemic has affected businesses across sectors.,2020-04-03 11:41:00-04:00,NVDA,2020-04-03
Some Staples Stocks Bouncing Back After Sliding In Recent Rally As Caution Tightens Grip,2020-04-01 09:52:00-04:00,NVDA,2020-04-01
"Shares of several technology, semiconductor, and software companies are trading lower amid market weakness as macro concerns continue to grow as a result of the coronavirus pandemic. The White House said it expects a surge in cases over the next 2 weeks.",2020-04-01 07:33:00-04:00,NVDA,2020-04-01
"Option Traders Make Massive Multimillion Dollar Bets On Nvidia, Microsoft",2020-03-31 14:40:00-04:00,NVDA,2020-03-31
NVIDIA shares are trading higher amid tech sector strength. Susquehanna analysts maintained a 'Positive' rating on the stock.,2020-03-31 11:14:00-04:00,NVDA,2020-03-31
"Susquehanna Maintains Positive on NVIDIA, Raises Price Target to $330",2020-03-31 10:34:00-04:00,NVDA,2020-03-31
Shares of several technology companies are trading higher as equities continue to rise following last week's rebound amid US stimulus measures.,2020-03-30 10:23:00-04:00,NVDA,2020-03-30
"Mellanox Shares Volatile Over Last Few Mins. On Volume Spike; Hearing Capitol Forum Says Deal Approval 'In Trouble,' Recent Talks Failed To Address Objections",2020-03-27 11:09:00-04:00,NVDA,2020-03-27
Shares of several semiconductor companies are trading higher following a strong Q2 earnings report from Micron.,2020-03-26 09:58:00-04:00,NVDA,2020-03-26
"Airline Shares Jump As Stimulus Agreement Offers Relief, While Nike Up On Earnings",2020-03-25 09:42:00-04:00,NVDA,2020-03-25
120 Biggest Movers From Yesterday,2020-03-25 04:02:00-04:00,NVDA,2020-03-25
Nvidia Analyst Says Pandemic Creates More Data Center Demand,2020-03-24 13:49:00-04:00,NVDA,2020-03-24
75 Stocks Moving In Tuesday's Mid-Day Session,2020-03-24 12:50:00-04:00,NVDA,2020-03-24
"UPDATE: Needham On NVIDIA Notes 'we believe the transition to AI, whether from hyperscalers, enterprise or verticals, will accelerate during this COVID-19 outbreak as the shift to private and public cloud will grow'",2020-03-24 11:46:00-04:00,NVDA,2020-03-24
"UPDATE: Needham Upgrades NVIDIA To Buy, Announces $270 Target Notes 'During this uncertain time, superior balance sheets remain supreme'; Firm Believes 'GPUs for medical applications will ramp in light of the COVID-19 pandemic'",2020-03-24 11:46:00-04:00,NVDA,2020-03-24
RUMOR: Hearing Dealreporter Speculation China Has Reached A Deal For NVIDIA/Mellanox Deal,2020-03-24 10:48:00-04:00,NVDA,2020-03-24
"Rise In Semiconductor, Cloud Computing Stocks Could Set Tone For Broader Economy",2020-03-24 09:56:00-04:00,NVDA,2020-03-24
Shares of several technology companies are trading higher amid market strength on hopes of a US economic stimulus package agreement.,2020-03-24 09:10:00-04:00,NVDA,2020-03-24
NVIDIA shares are trading higher as equities gain amid hopes of a US stimulus agreement. Needham also upgraded the company's stock from Hold to Buy.,2020-03-24 07:58:00-04:00,NVDA,2020-03-24
26 Stocks Moving in Tuesday's Pre-Market Session,2020-03-24 07:12:00-04:00,NVDA,2020-03-24
"Needham Upgrades NVIDIA to Buy, Announces $270 Price Target",2020-03-24 06:19:00-04:00,NVDA,2020-03-24
"Shares of several technology, software, and semiconductor companies are trading higher as stocks move higher following Monday morning Fed stimulus action.",2020-03-23 09:21:00-04:00,NVDA,2020-03-23
"Why BofA Says AMD, Nvidia Are High-Quality, High-Beta Stocks In A Volatile Market",2020-03-20 15:37:00-04:00,NVDA,2020-03-20
"Wells Fargo Maintains Overweight on NVIDIA, Lowers Price Target to $280",2020-03-20 10:39:00-04:00,NVDA,2020-03-20
"Shares of several technology companies are trading higher. Market strength has been attributed to strong containment measures taken by California, rebound in oil, central bank actions and expectations of increased technology usage amid the virus outbreak.",2020-03-20 08:31:00-04:00,NVDA,2020-03-20
"Esports, Gaming Thrive, Adapt As Nation Grapples With Pandemic",2020-03-19 17:09:00-04:00,NVDA,2020-03-20
"Shares of several technology companies are trading higher, rebounding from earlier weakness. Markets have been volatile amid the coronavirus outbreak, with central banks and governments around the world enacting stimulus measures.",2020-03-19 10:47:00-04:00,NVDA,2020-03-19
"Shares of several technology, software and semiconductor companies are trading lower amid continued global coronavirus concerns. The virus has caused global economic disruption and negatively impacted supply chains for many tech companies. UPDATE: Several stocks in the sector have since reversed.",2020-03-19 09:02:00-04:00,NVDA,2020-03-19
"Morgan Stanley Maintains Overweight on NVIDIA, Lowers Price Target to $268",2020-03-18 09:13:00-04:00,NVDA,2020-03-18
"Shares of several technology, software and semiconductor companies are trading lower as equities sell off amid continued global coronavirus concerns. The virus has caused global economic disruption and negatively impacted stocks across sectors.",2020-03-18 08:48:00-04:00,NVDA,2020-03-18
11 Technology Stocks Moving In Wednesday's Pre-Market Session,2020-03-18 07:49:00-04:00,NVDA,2020-03-18
All The Major Events Canceled By Coronavirus (Updated),2020-03-17 12:11:00-04:00,NVDA,2020-03-17
"Shares of several technology, semiconductor, and software companies are trading higher, rebounding from Monday's crash. Stocks may also potentially be getting a boost from expectations of further stimulus proposals.",2020-03-17 09:19:00-04:00,NVDA,2020-03-17
Shares of several technology stocks are trading lower amid demand and supply chain disruption concerns driven by coronavirus.,2020-03-16 08:39:00-04:00,NVDA,2020-03-16
Nvidia Urges Gamers To Use Their Gaming PCs To Fight Coronavirus,2020-03-16 05:38:00-04:00,NVDA,2020-03-16
"Shares of several technology, software and semiconductor companies are trading higher as equities rebound following Thursday's crash. The sector has been negatively impacted recently as the coronavirus outbreak has disrupted economic outlook globally.",2020-03-13 09:08:00-04:00,NVDA,2020-03-13
"Shares of several technology, software and semiconductor companies are trading lower as equities sell off amid continued global coronavirus concerns. The virus has caused global economic disruption and negatively impacted stocks across sectors.",2020-03-12 09:02:00-04:00,NVDA,2020-03-12
"Despite Volatility, FANG Continues to Prove Its Popularity",2020-03-11 12:44:00-04:00,NVDA,2020-03-11
"Shares of several companies in the technology, software and semiconductor space are trading lower as equities sell off amid coronavirus fears. The virus spread has disrupted economic activity across sectors and caused global macro uncertainty.",2020-03-11 07:17:00-04:00,NVDA,2020-03-11
Shares of several technology companies are trading higher as markets look to rebound from Monday's selloff. The technology sector has been highly impacted by the coronavirus due to its China exposure and sensitivity to economic conditions.,2020-03-10 07:11:00-04:00,NVDA,2020-03-10
"Shares of several companies in the technology, software and semiconductor space are trading lower as equities crash amid coronavirus fears. The virus spread has disrupted economic activity across sectors and caused global macro uncertainty.",2020-03-09 10:20:00-04:00,NVDA,2020-03-09
Here's How Much Investing $100 In Adobe Stock Back In 2010 Would Be Worth Today,2020-03-09 10:05:00-04:00,NVDA,2020-03-09
Shares of several technology companies are trading lower. Movement appears market related as markets continue to dip amid the global coronavirus outbreak.,2020-03-06 08:46:00-05:00,NVDA,2020-03-06
21 Technology Stocks Moving In Friday's Pre-Market Session,2020-03-06 07:52:00-05:00,NVDA,2020-03-06
"Shares of several technology, semiconductor, and software companies are trading lower as global markets continue to experience volatility amid the coronavirus spread.",2020-03-05 07:33:00-05:00,NVDA,2020-03-05
Shares of several technology companies are trading higher after Joe Biden took the delegate lead on Super Tuesday. Biden's more 'moderate' economic policies have been seen as more favorable for growth.,2020-03-04 09:19:00-05:00,NVDA,2020-03-04
Shares of several technology companies are trading lower in sympathy with the overall market. The Fed cut rates to combat the coronavirus outbreak which caused an initial spike but then continued to trade lower.,2020-03-03 11:41:00-05:00,NVDA,2020-03-03
3 ETFs For Stocks With Positive Earnings Revisions,2020-03-03 09:02:00-05:00,NVDA,2020-03-03
Spread of Coronavirus Beyond China to Impact 2020 Semiconductor Market,2020-03-03 05:22:00-05:00,NVDA,2020-03-03
What To Expect From AMD's Analyst Day,2020-03-02 17:15:00-05:00,NVDA,2020-03-03
NVIDIA Says Will Shift Its GTC Chip Conference Scheduled For Mar. 22-26 To Only Online,2020-03-02 13:01:00-05:00,NVDA,2020-03-02
"NVIDIA shares are trading higher despite broader market downturn. Mizuho analyst today noted that online gaming and ecommerce cloud remain strong amid the coronavirus outbreak, which the firm said is an advantage for NVIDIA.",2020-02-28 13:35:00-05:00,NVDA,2020-02-28
"'AMD has sold more GPUs than Nvidia, according to this analyst report' -TechRadar",2020-02-27 17:03:00-05:00,NVDA,2020-02-28
Department Of Correction: Both DJIA And SPX On Verge Of 10% Decline From Peaks,2020-02-27 09:39:00-05:00,NVDA,2020-02-27
"Shares of companies in the software, technology and semiconductor spaces are trading lower as continued coronavirus fears cause weakness across sectors.",2020-02-27 08:28:00-05:00,NVDA,2020-02-27
Shares of several semiconductor companies are trading higher. Not seeing any news to justify the price action.,2020-02-26 14:40:00-05:00,NVDA,2020-02-26
"March Outlook: Political Season Starts To Sizzle, But Coronavirus Still Hogs Headlines",2020-02-26 14:19:00-05:00,NVDA,2020-02-26
Shares of several semiconductor companies are trading higher. Strength potentially market related as equities begin to rebound from recent selloffs.,2020-02-26 09:53:00-05:00,NVDA,2020-02-26
"UPDATE: Nomura Downgrades NVIDIA to Reduce, Lowers Price Target to $230 As Firm Notes 'In our view, the risks to the global semiconductor industry posed by the COVID-19 outbreak have grown over the last few weeks.'",2020-02-25 10:14:00-05:00,NVDA,2020-02-25
"Earnings To The Rescue? HP, Macy's, Home Depot All Report Solid Results, Providing Lift",2020-02-25 09:52:00-05:00,NVDA,2020-02-25
"Shares of several semiconductor companies are trading higher as markets partially rebound from Monday's dip. NOTE: While some markets recover, coronavirus fears still persist globally.",2020-02-25 08:29:00-05:00,NVDA,2020-02-25
"Nomura Downgrades NVIDIA to Reduce, Lowers Price Target to $230",2020-02-25 05:09:00-05:00,NVDA,2020-02-25
"Rough Start To New Week As Apple, Chip Stocks, Travel And Leisure Sector Hit Hard By Virus",2020-02-24 09:55:00-05:00,NVDA,2020-02-24
Shares of several semiconductor companies are trading lower amid continued spread of coronavirus including notable upticks in Iran and Italy. NOTE: The virus has raised fear of a global economic slowdown.,2020-02-24 07:45:00-05:00,NVDA,2020-02-24
25 Technology Stocks Moving In Monday's Pre-Market Session,2020-02-24 07:36:00-05:00,NVDA,2020-02-24
"Shares of several semiconductor companies are trading lower. Weakness potentially related to the ongoing conronavirus outbreak in China, which has hurt economic activity across sectors including the semi sector, which has China exposure.",2020-02-21 10:36:00-05:00,NVDA,2020-02-21
Shares of several semiconductor companies are trading lower potentially on coronavirus fears. NOTE: The market had a sharp selloff. Not seeing any news to justify the bearish price action.,2020-02-20 11:42:00-05:00,NVDA,2020-02-20
Stocks That Hit 52-Week Highs On Thursday,2020-02-20 10:26:00-05:00,NVDA,2020-02-20
China Stimulus Doesn't Translate Into US Strength As Deere Prepares To Report Friday,2020-02-20 09:39:00-05:00,NVDA,2020-02-20
78 Biggest Movers From Yesterday,2020-02-20 05:16:00-05:00,NVDA,2020-02-20
"Why AMD's Coronavirus Impact Could Be Worse Than Intel, Nvidia",2020-02-19 14:00:00-05:00,NVDA,2020-02-19
51 Stocks Moving In Wednesday's Mid-Day Session,2020-02-19 12:18:00-05:00,NVDA,2020-02-19
Stocks That Hit 52-Week Highs On Wednesday,2020-02-19 10:32:00-05:00,NVDA,2020-02-19
NVIDIA shares are trading higher after Bernstein upgraded the stock from Market Perform to Outperform and raised its price target from $300 to $360 per share.,2020-02-19 09:36:00-05:00,NVDA,2020-02-19
Unfazed FAANGs: Pullback In Apple Didn't Carry Over To Other Big Tech Names,2020-02-19 09:35:00-05:00,NVDA,2020-02-19
Autonomous Yard Trucking Startup Drives Out Of Stealth With $53M In Series A,2020-02-19 08:52:00-05:00,NVDA,2020-02-19
10 Biggest Price Target Changes For Wednesday,2020-02-19 08:39:00-05:00,NVDA,2020-02-19
"A Peek Into The Markets: US Stock Futures Up Ahead Of Economic Data, Fed Minutes",2020-02-19 06:00:00-05:00,NVDA,2020-02-19
"Bernstein Upgrades NVIDIA to Outperform, Raises Price Target to $360",2020-02-19 05:18:00-05:00,NVDA,2020-02-19
NVIDIA Option Alert: Fri $300 Calls Sweep (78) near the Ask: 571 @ $2.637 vs 9131 OI; Ref=$296.25,2020-02-18 14:54:00-05:00,NVDA,2020-02-18
"UPDATE: Argus On Nvidia Notes 'We believe that most technology investors should own NVDA in the age of deep learning, AI, and GPU-driven applications acceleration'",2020-02-18 12:10:00-05:00,NVDA,2020-02-18
"UPDATE: Argus Reiterates Buy On Nvidia, Raises Target To $340 Notes 'We recommend establishing or adding to positions in this preeminent vehicle for participation in the AI economy'",2020-02-18 12:10:00-05:00,NVDA,2020-02-18
Susquehanna Upgrades Mellanox Technologies Ahead Of Chinese Decision On Nvidia Deal,2020-02-18 11:12:00-05:00,NVDA,2020-02-18
"Market Taking A Step Back: Walmart Misses On Earnings, Apple Lowers Sales Guidance",2020-02-18 10:14:00-05:00,NVDA,2020-02-18
"Argus Research Reiterates Buy on NVIDIA, Raises Price Target to $340",2020-02-18 07:48:00-05:00,NVDA,2020-02-18
76 Biggest Movers From Friday,2020-02-18 05:13:00-05:00,NVDA,2020-02-18
Mid-Afternoon Market Update: Dow Falls Over 100 Points; CarGurus Shares Slide,2020-02-14 14:22:00-05:00,NVDA,2020-02-14
"UPDATE: Raymond James Reiterates Outperform On Nvidia, Raises Target To $300 Notes 'Strong Upside Before the Product Cycle Has Even Gotten Started'",2020-02-14 14:08:00-05:00,NVDA,2020-02-14
"UPDATE: Rosenblatt On Nvidia Notes 'Although the market dynamics are different (more competition), from the missionary work Nvidia has done in AI training, we do believe the company's unambiguous leadership in GPU/GPU compute is intact'",2020-02-14 13:52:00-05:00,NVDA,2020-02-14
"UPDATE: Rosenblatt Maintains Buy On Nvidia, Raises Target To $315 Notes 'Solid beat and raise with a conservative guide (coronavirus impact of ~$100 million) that suggests consensus estimates move up driven by a strong data center recovery'",2020-02-14 13:51:00-05:00,NVDA,2020-02-14
UPDATE: Morgan Stanley On Nvidia Notes 'That strong data center growth is particularly notable in that we see new products coming in the next quarter or two',2020-02-14 13:38:00-05:00,NVDA,2020-02-14
"UPDATE: Morgan Stanley Maintains Overweight On Nvidia Raises Target To $304 Notes 'As we had hoped for when we upgraded the stock in November, the data center business has surged, growing 33% q/q in January, well above other cloud providers'",2020-02-14 13:38:00-05:00,NVDA,2020-02-14
"Nvidia Analysts Maintain Bullish Outlook Following Q4 Data Center, Gaming Strength",2020-02-14 12:42:00-05:00,NVDA,2020-02-14
50 Stocks Moving In Friday's Mid-Day Session,2020-02-14 12:23:00-05:00,NVDA,2020-02-14
Mid-Day Market Update: ImmunoGen Surges On Upbeat Q4 Results; LivePerson Shares Plummet,2020-02-14 12:05:00-05:00,NVDA,2020-02-14
Stocks That Hit 52-Week Highs On Friday,2020-02-14 10:15:00-05:00,NVDA,2020-02-14
Mid-Morning Market Update: Markets Mostly Flat; NVIDIA Posts Upbeat Q4 Earnings,2020-02-14 10:12:00-05:00,NVDA,2020-02-14
Travel Stocks May Stay In Focus As Coronavirus Fears Linger,2020-02-14 10:02:00-05:00,NVDA,2020-02-14
"Craig-Hallum Maintains Buy on NVIDIA, Raises Price Target to $325",2020-02-14 09:57:00-05:00,NVDA,2020-02-14
"Cascend Maintains Buy on NVIDIA, Raises Price Target to $330",2020-02-14 09:51:00-05:00,NVDA,2020-02-14
"Oppenheimer Maintains Outperform on NVIDIA, Raises Price Target to $350",2020-02-14 09:40:00-05:00,NVDA,2020-02-14
"Morgan Stanley Maintains Overweight on NVIDIA, Raises Price Target to $304",2020-02-14 09:16:00-05:00,NVDA,2020-02-14
"Industrials Ended 2019 On A Strong Note, But Are Some Segments In Better Shape Than Others?",2020-02-14 09:14:00-05:00,NVDA,2020-02-14
"Benzinga Pro's Top 5 Stocks To Watch For Fri., Feb. 14, 2020: TSLA, ROKU, CRON, YELP, AMD",2020-02-14 08:58:00-05:00,NVDA,2020-02-14
10 Biggest Price Target Changes For Friday,2020-02-14 08:44:00-05:00,NVDA,2020-02-14
"Wells Fargo Maintains Overweight on NVIDIA, Raises Price Target to $320",2020-02-14 08:31:00-05:00,NVDA,2020-02-14
"Asia Markets Mixed As Coronavirus Cases Rise, Mobile World Congress Canceled",2020-02-14 07:49:00-05:00,NVDA,2020-02-14
"Raymond James Maintains Outperform on NVIDIA, Raises Price Target to $300",2020-02-14 07:48:00-05:00,NVDA,2020-02-14
"Wedbush Maintains Outperform on NVIDIA, Raises Price Target to $311",2020-02-14 07:41:00-05:00,NVDA,2020-02-14
5 Technology Stocks Moving In Friday's Pre-Market Session,2020-02-14 07:37:00-05:00,NVDA,2020-02-14
"Rosenblatt Maintains Buy on NVIDIA, Raises Price Target to $315",2020-02-14 07:25:00-05:00,NVDA,2020-02-14
"UBS Maintains Buy on NVIDIA, Raises Price Target to $320",2020-02-14 07:24:00-05:00,NVDA,2020-02-14
30 Stocks Moving in Friday's Pre-Market Session,2020-02-14 07:11:00-05:00,NVDA,2020-02-14
NVIDIA shares are trading higher after the company reported better-than-expected Q4 EPS and sales results.,2020-02-14 07:05:00-05:00,NVDA,2020-02-14
"Citigroup Maintains Buy on NVIDIA, Raises Price Target to $315",2020-02-14 06:57:00-05:00,NVDA,2020-02-14
A Peek Into The Markets: US Stock Futures Edge Higher Ahead Of Economic Reports,2020-02-14 06:17:00-05:00,NVDA,2020-02-14
"8 Stocks To Watch For February 14, 2020",2020-02-14 05:04:00-05:00,NVDA,2020-02-14
NVIDIA shares are trading higher after the company reported better-than-expected Q4 EPS and sales results.,2020-02-13 16:43:00-05:00,NVDA,2020-02-14
Nvidia Trades Higher After Big Q4 Earnings Beat,2020-02-13 16:31:00-05:00,NVDA,2020-02-14
"NVIDIA Corp Sees Q1 Of Fiscal 2021 Revenue Is Expected To Be $3B, Plus Or Minus 2 Percent vs $2.85B Est.; Co. Says While Ultimate Coronavirus Effect Is Difficult To Estimate, Reducing Revenue Outlook For Q1 By $100M To Account For Potential Impact",2020-02-13 16:23:00-05:00,NVDA,2020-02-14
"NVIDIA Q4 Adj. EPS $1.89 Beats $1.66 Estimate, Sales $3.105B Beat $2.96B Estimate",2020-02-13 16:20:00-05:00,NVDA,2020-02-14
"Coronavirus Fears Back On Big Earnings Day As Alibaba, PepsiCo, Nvidia All Report",2020-02-13 10:05:00-05:00,NVDA,2020-02-13
"SunTrust Robinson Humphrey Maintains Buy on NVIDIA, Raises Price Target to $314",2020-02-13 09:20:00-05:00,NVDA,2020-02-13
10 Biggest Price Target Changes For Thursday,2020-02-13 08:13:00-05:00,NVDA,2020-02-13
Nvidia's Q4 Earnings Outlook,2020-02-13 07:29:00-05:00,NVDA,2020-02-13
"Cascend Maintains Buy on NVIDIA, Raises Price Target to $300",2020-02-13 07:27:00-05:00,NVDA,2020-02-13
"12 Stocks To Watch For February 13, 2020",2020-02-13 05:19:00-05:00,NVDA,2020-02-13
"Earnings Scheduled For February 13, 2020",2020-02-13 04:27:00-05:00,NVDA,2020-02-13
2020 Mobile World Congress Cancelled Over Coronavirus Fears,2020-02-12 17:13:00-05:00,NVDA,2020-02-13
Nvidia Analysts Raise Price Targets Ahead Of Q4 Print,2020-02-12 12:35:00-05:00,NVDA,2020-02-12
"Susquehanna Maintains Positive on NVIDIA, Raises Price Target to $310",2020-02-12 08:24:00-05:00,NVDA,2020-02-12
"Wedbush Maintains Outperform on NVIDIA, Raises Price Target to $295",2020-02-12 08:03:00-05:00,NVDA,2020-02-12
NVIDIA shares are trading higher after Oppenheimer maintained an Outperform rating and raised its price target from $250 to $300. Wells Fargo maintained an Overweight rating and raised its price target from $270 to $290.,2020-02-11 10:31:00-05:00,NVDA,2020-02-11
Stocks That Hit 52-Week Highs On Tuesday,2020-02-11 10:17:00-05:00,NVDA,2020-02-11
"Under Armour Gets Torn Up As Earnings Disappoint, But Coronavirus Fears Retreat Slightly",2020-02-11 10:10:00-05:00,NVDA,2020-02-11
"Oppenheimer Maintains Outperform on NVIDIA, Raises Price Target to $300",2020-02-11 09:56:00-05:00,NVDA,2020-02-11
"Wells Fargo Maintains Overweight on NVIDIA, Raises Price Target to $290",2020-02-11 09:46:00-05:00,NVDA,2020-02-11
"3 ETFs To Play For The Week Ahead: REITs, Chips And More",2020-02-10 10:06:00-05:00,NVDA,2020-02-10
NVIDIA shares are trading higher after RBC Capital maintained an Outperform rating on the stock and raised its price target from $251 to $301.,2020-02-10 10:03:00-05:00,NVDA,2020-02-10
"Big Week Of Earnings Ahead Featuring Cisco, Nvidia, UnderArmour, Among Others",2020-02-10 09:53:00-05:00,NVDA,2020-02-10
"RBC Capital Maintains Outperform on NVIDIA, Raises Price Target to $301",2020-02-10 07:47:00-05:00,NVDA,2020-02-10
"Job Market Heats Up In January, As Warmer Weather Might Have Helped Add Positions",2020-02-07 09:41:00-05:00,NVDA,2020-02-07
Facebook At Key Inflection Point,2020-02-06 09:08:00-05:00,NVDA,2020-02-06
Nvidia GeForce Now Game Streaming Is Now Available,2020-02-04 18:11:00-05:00,NVDA,2020-02-05
GameStop Shares Volatile Between $4.10-$4.20 Level; Pullback From $4.20 Level On Volume Following The Verge Report Of NVIDIA Streaming Game Service,2020-02-04 11:40:00-05:00,NVDA,2020-02-04
"'Nvidia's GeForce Now is finally out of beta, challenges Google Stadia at $5 a month' -TheVerge; NVIDIA Shares Not Seeing Huge Reaction",2020-02-04 11:38:00-05:00,NVDA,2020-02-04
"Shares of technology companies are trading higher amid a continued rebound in equities following last week's selloff. Shares sold off last week amid coronavirus fears in China, as the sector has exposure to the country.",2020-02-04 09:04:00-05:00,NVDA,2020-02-04
14 Technology Stocks Moving In Tuesday's Pre-Market Session,2020-02-04 07:49:00-05:00,NVDA,2020-02-04
Shares of several companies in the broader technology sector are trading lower amid global concerns driven by the coronavirus outbreak in China. The technology sector has strong China exposure and the virus has caused some economic disruption concerns in the country.,2020-01-31 11:32:00-05:00,NVDA,2020-01-31
"Position Scrimmage: Coronavirus, End-Of-Month Profit Taking Influencing Markets",2020-01-31 09:46:00-05:00,NVDA,2020-01-31
7 Semiconductor Stocks To Buy On Coronavirus Weakness,2020-01-30 09:55:00-05:00,NVDA,2020-01-30
"Shares of several semiconductor companies are trading lower as markets sell off on coronavirus worries. The virus has caused global worries and disrupted activity in China, negatively impacting companies with China exposure.",2020-01-30 08:55:00-05:00,NVDA,2020-01-30
14 Technology Stocks Moving In Thursday's Pre-Market Session,2020-01-30 07:45:00-05:00,NVDA,2020-01-30
"Shares of several technology companies are trading higher, rebounding as fears of the coronavirus's impact on the economy settle. NOTE:  Although the market rebounded, there are still concerns over the spread of the virus.",2020-01-28 11:02:00-05:00,NVDA,2020-01-28
Turnaround Tuesday? Stocks Look To Bounce Back As Apple Earnings Loom Later,2020-01-28 09:39:00-05:00,NVDA,2020-01-28
15 Technology Stocks Moving In Monday's Pre-Market Session,2020-01-27 07:45:00-05:00,NVDA,2020-01-27
"Shares of several semiconductor companies are trading lower as concerns about the Wuhan coronavirus continue to grow, prompting travel bans in multiple Chinese cities. Reports say the death toll rose to 80 with more than 2,700 people now infected.",2020-01-27 07:29:00-05:00,NVDA,2020-01-27
Stocks That Hit 52-Week Highs On Friday,2020-01-24 10:41:00-05:00,NVDA,2020-01-24
3 Chip ETFs To Buy On Intel's Stellar Forecast,2020-01-24 07:56:00-05:00,NVDA,2020-01-24
"Cramer: Tesla Is A Tech Company On Wheels, Unlike Ford And GM",2020-01-23 11:30:00-05:00,NVDA,2020-01-23
"UPDATE: UBS Maintains Buy on NVIDIA, Raises Price Target to $300 As Firm Sees 'a path to ~$10 EPS in FY21 (non-GAAP) on the back of a new 7nm product cycle in both data center + gaming.' Notes 2 Reasons:",2020-01-23 10:29:00-05:00,NVDA,2020-01-23
"UBS Maintains Buy on NVIDIA, Raises Price Target to $300",2020-01-23 07:53:00-05:00,NVDA,2020-01-23
AMD Says 'Nvidia Killer' Graphics Card Is Set For Launch This Year,2020-01-21 09:20:00-05:00,NVDA,2020-01-21
"Bulls And Bears Of The Week: IBM, Microsoft, Tesla And More",2020-01-18 16:13:00-05:00,NVDA,2020-01-20
9 Takeaways From The JPMorgan Healthcare Conference,2020-01-17 14:47:00-05:00,NVDA,2020-01-17
'China Hasn't Started Remedy Talks On Mellanox/NVIDIA' - Deal Reporter,2020-01-17 12:25:00-05:00,NVDA,2020-01-17
"Record Run: Stocks Keep Rolling To New Highs as Housing Data, Earnings Look Solid",2020-01-17 09:43:00-05:00,NVDA,2020-01-17
Another Bank Beats: Morgan Stanley Latest To Exceed Expectations On Strong Trading,2020-01-16 10:02:00-05:00,NVDA,2020-01-16
10 Technology Stocks Moving In Thursday's Pre-Market Session,2020-01-16 08:14:00-05:00,NVDA,2020-01-16
"Piper Sandler Maintains Overweight on NVIDIA, Raises Price Target to $275",2020-01-15 08:36:00-05:00,NVDA,2020-01-15
"Hearing Piper Sandler Out Positive On Semiconductors, Saying 2020 Appears To Be A Recovery Year For The Semiconductor Market; Unconfirmed",2020-01-15 08:29:00-05:00,NVDA,2020-01-15
NVIDIA shares are trading higher after Needham upgraded the company's stock from Underperform to Hold.,2020-01-13 14:26:00-05:00,NVDA,2020-01-13
Analysts Upbeat After Nvidia's CES Presentations: 'Must-Own Stock For Technology Investors',2020-01-13 14:15:00-05:00,NVDA,2020-01-13
"Craig-Hallum Earlier Reiterated Buy on NVIDIA, Raised Price Target to $300",2020-01-13 12:39:00-05:00,NVDA,2020-01-13
"UPDATE: Needham Upgrades NVIDIA To Hold 'following our positive meeting at CES'; 'we contend the shares are fully valued at 34x our F2021 earnings estimate (near multi-year high). Furthermore, we believe competition will accelerate in AI training in 2020'",2020-01-13 11:46:00-05:00,NVDA,2020-01-13
"UPDATE:Argus Reiterates Buy On NVIDIA, Raises Tgt To $300 Notes Co. Shined At CES As 'CES 2020 provided NVidia an opportunity to highlight rapid adoption of its ray tracing technology, which renders more realistic light and shadows in gaming applications'",2020-01-13 11:40:00-05:00,NVDA,2020-01-13
"Benzinga's Top Upgrades, Downgrades For January 13, 2020",2020-01-13 10:27:00-05:00,NVDA,2020-01-13
Nvidia Analyst Says Chipmaker Lacks Earnings Potential To Justify Lofty Valuation,2020-01-13 09:28:00-05:00,NVDA,2020-01-13
10 Biggest Price Target Changes For Monday,2020-01-13 08:12:00-05:00,NVDA,2020-01-13
"Argus Research Maintains Buy on NVIDIA, Raises Price Target to $300",2020-01-13 07:46:00-05:00,NVDA,2020-01-13
Needham Upgrades NVIDIA to Hold,2020-01-13 07:37:00-05:00,NVDA,2020-01-13
"UPDATE: B Of A Securities On Nvidia Notes 'In our 2020 playbook, we flag NVDA as our top large cap pick... due to its leading growth (15%+ sales/20%+ EPS CAGR, CY19-21E) at a still reasonable valuation (30x CY21 PE, 2-turns below 3-yr avg.)",2020-01-10 13:34:00-05:00,NVDA,2020-01-10
Stocks That Hit 52-Week Highs On Friday,2020-01-10 12:18:00-05:00,NVDA,2020-01-10
"BofA Names Nvidia, Inphi Its Top Semiconductor Stock Picks For 2020",2020-01-10 11:16:00-05:00,NVDA,2020-01-10
"B of A Securities Reiterates Buy on NVIDIA, Raises Price Target to $300",2020-01-10 10:20:00-05:00,NVDA,2020-01-10
Nvidia Added To Citi's Catalyst Watch; Expects Outperformance,2020-01-10 07:59:00-05:00,NVDA,2020-01-10
13 Technology Stocks Moving In Friday's Pre-Market Session,2020-01-10 07:40:00-05:00,NVDA,2020-01-10
Stocks That Hit 52-Week Highs On Thursday,2020-01-09 15:15:00-05:00,NVDA,2020-01-09
"Sony, Nvidia, Uber Introduce Electric, Autonomous Auto Concepts At CES",2020-01-07 10:33:00-05:00,NVDA,2020-01-07
12 Technology Stocks Moving In Monday's Pre-Market Session,2020-01-06 08:02:00-05:00,NVDA,2020-01-06
22 Technology Stocks Moving In Friday's Pre-Market Session,2020-01-03 07:47:00-05:00,NVDA,2020-01-03
24 Technology Stocks Moving In Thursday's Pre-Market Session,2020-01-02 08:11:00-05:00,NVDA,2020-01-02
"Benzinga Pro's Top 5 Stocks To Watch For Tues., Dec. 31, 2019: AMZN, WBAI, NVCN, NIO, NVDA",2019-12-31 08:39:00-05:00,NVDA,2019-12-31
8 Biggest Price Target Changes For Tuesday,2019-12-31 08:24:00-05:00,NVDA,2019-12-31
"Benchmark Maintains Buy on NVIDIA, Raises Price Target to $275",2019-12-31 07:52:00-05:00,NVDA,2019-12-31
Here's How Much Investing $100 In Nvidia Stock Back In 2010 Would Be Worth Today,2019-12-30 15:20:00-05:00,NVDA,2019-12-30
5 Best ETFs Of 2019,2019-12-28 18:02:00-05:00,NVDA,2019-12-30
"PreMarket Prep Recap: Qiagen Pulls The Rug Out From Investors Banking On A Deal, Bad Data Equals Bad Price Action For Spectrum Pharmaceuticals",2019-12-26 15:57:00-05:00,NVDA,2019-12-26
Stocks That Hit 52-Week Highs On Monday,2019-12-23 10:20:00-05:00,NVDA,2019-12-23
4 Technology Stocks Moving In Monday's Pre-Market Session,2019-12-23 07:46:00-05:00,NVDA,2019-12-23
Stocks That Hit 52-Week Highs On Friday,2019-12-20 11:59:00-05:00,NVDA,2019-12-20
"Wells Fargo Names Nvidia As Top Semi Idea Into 2020, Lifts Price Target To $270",2019-12-20 11:58:00-05:00,NVDA,2019-12-20
"UPDATE: Wells Fargo Maintains Overweight On NVIDIA, Raises Target To $270 Names Co. Firm's 'top Semi idea into 2020' Driven By Firm's Expectation 'of a meaningful reacceleration in data center growth through 2020' And Continued Strong Notebook Adoption",2019-12-20 11:42:00-05:00,NVDA,2019-12-20
"Wells Fargo Maintains Overweight on NVIDIA, Raises Price Target to $270",2019-12-20 08:05:00-05:00,NVDA,2019-12-20
5 Technology Stocks Moving In Friday's Pre-Market Session,2019-12-20 07:38:00-05:00,NVDA,2019-12-20
"NVIDIA shares are trading higher in sympathy with Micron, which reported Q1 results and issued guidance late Wednesday, including sector-wide trend outlook.",2019-12-19 10:45:00-05:00,NVDA,2019-12-19
Stocks That Hit 52-Week Highs On Thursday,2019-12-19 10:29:00-05:00,NVDA,2019-12-19
EU Antitrust Regulators To Approve Without Conditions Nvidia's $6.8 Billion Bid For Mellanox Technologies,2019-12-18 14:01:00-05:00,NVDA,2019-12-18
Stocks That Hit 52-Week Highs On Wednesday,2019-12-18 10:43:00-05:00,NVDA,2019-12-18
Tencent Games Partners with NVIDIA to Launch START Cloud Gaming Service,2019-12-18 05:09:00-05:00,NVDA,2019-12-18
"PiperJaffray Maintains Overweight on NVIDIA, Raises Price Target to $250",2019-12-17 09:19:00-05:00,NVDA,2019-12-17
Stocks That Hit 52-Week Highs On Friday,2019-12-13 11:19:00-05:00,NVDA,2019-12-13
Nvidia has Not Offered any Concessions to EU Related to $6.8B Mellanox Deal,2019-12-13 05:49:00-05:00,NVDA,2019-12-13
Stocks That Hit 52-Week Highs On Thursday,2019-12-12 10:21:00-05:00,NVDA,2019-12-12
Shares of semiconductor companies are trading higher after President Trump tweeted the US and China are 'getting very close to a big deal.',2019-12-12 10:02:00-05:00,NVDA,2019-12-12
Shares of several semiconductor companies are trading higher on news U.S. and Chinese trade negotiators are planning to delay the December 15 tariffs.,2019-12-10 10:53:00-05:00,NVDA,2019-12-10
8 Technology Stocks Moving In Tuesday's Pre-Market Session,2019-12-10 08:05:00-05:00,NVDA,2019-12-10
"Cramer Gives His Opinion On Taiwan Semiconductor, Wendy's And More",2019-12-06 10:03:00-05:00,NVDA,2019-12-06
"Shares of semiconductor companies are trading higher following positive US-China trade reports from earlier, offsetting the sector-wide effects of weak earnings and guidance from Marvell.",2019-12-04 10:38:00-05:00,NVDA,2019-12-04
10 Technology Stocks Moving In Wednesday's Pre-Market Session,2019-12-04 07:26:00-05:00,NVDA,2019-12-04
"Gene Munster Talks Tesla's Energy Business, Apple's Trade War Risk And Facebook Libra",2019-12-03 09:04:00-05:00,NVDA,2019-12-03
Shares of technology companies are trading lower on global macro concerns after Trump implied a US-China trade deal may not occur until 2020.,2019-12-03 08:36:00-05:00,NVDA,2019-12-03
9 Technology Stocks Moving In Tuesday's Pre-Market Session,2019-12-03 07:44:00-05:00,NVDA,2019-12-03
Shares of several technology and growth stocks are trading lower as US equities dip following escalating US-China tensions over Hong Kong. US stocks further fell on worse-than-expected manufacturing data.,2019-12-02 10:21:00-05:00,NVDA,2019-12-02
Decoding AMD's Breathtaking 2-Year Rally,2019-11-29 11:16:00-05:00,NVDA,2019-11-29
5 Technology Stocks Moving In Wednesday's Pre-Market Session,2019-11-27 07:23:00-05:00,NVDA,2019-11-27
"Bank Of America Likes AMD, Nvidia Ahead Of 2020 Gaming Market Recovery",2019-11-26 13:49:00-05:00,NVDA,2019-11-26
More Retail Results Pour In Ahead Of Holiday After Monday's Record-Setting Session,2019-11-26 10:06:00-05:00,NVDA,2019-11-26
"Cascend Maintains Buy on NVIDIA, Raises Price Target to $250",2019-11-25 12:44:00-05:00,NVDA,2019-11-25
Stocks That Hit 52-Week Highs On Monday,2019-11-25 10:19:00-05:00,NVDA,2019-11-25
"Benzinga's Top Upgrades, Downgrades For November 25, 2019",2019-11-25 09:34:00-05:00,NVDA,2019-11-25
"Nvidia Has One Of The Best Opportunities To Maintain High Multiple, Morgan Stanley Says In Upgrade",2019-11-25 09:25:00-05:00,NVDA,2019-11-25
"UPDATE: Morgan Stanley On NVIDIA Notes Co's 'ray tracing software support should generate more gamer enthusiasm in gaming products,and new data center workloads around conversational AI should lead to another leg of data center growth'",2019-11-25 08:59:00-05:00,NVDA,2019-11-25
"UPDATE: Morgan Stanley Upgrades NVIDIA To Overweight, Raises Target To $259 Notes 'We see 2020 as a return to solid growth in both key segments, gaming and hpc/cloud (datacenter), even in a tough semiconductor environment'",2019-11-25 08:59:00-05:00,NVDA,2019-11-25
"UPDATE: Morgan Stanley Upgrades NVIDIA To Overweight, Raises Target To $259 Notes 'We see 2020 as a return to solid growth in both key segments, gaming and hpc/cloud(datacenter), even in a tough semiconductor environment'",2019-11-25 08:55:00-05:00,NVDA,2019-11-25
12 Technology Stocks Moving In Monday's Pre-Market Session,2019-11-25 08:37:00-05:00,NVDA,2019-11-25
NVIDIA shares are trading higher after Morgan Stanley upgraded the company's stock from Equal-Weight to Overweight and announced a $259 price target.,2019-11-25 07:31:00-05:00,NVDA,2019-11-25
"Morgan Stanley Upgrades NVIDIA to Overweight, Announces $259 Price Target",2019-11-25 06:47:00-05:00,NVDA,2019-11-25
"Despite Tariff Fears, Market Shows Signs Of Resilience As Retail Earnings Continue",2019-11-21 09:40:00-05:00,NVDA,2019-11-21
"NVIDIA shares are trading higher. Analysts have reacted positively to Tuesday's investor Q&A session, including with regards to the company's 7nm Ampere development.",2019-11-20 12:53:00-05:00,NVDA,2019-11-20
"Nvidia Chips Are The 'Engine Of Artificial Intelligence,' CEO Tells Cramer",2019-11-20 10:22:00-05:00,NVDA,2019-11-20
5 Technology Stocks Moving In Tuesday's Pre-Market Session,2019-11-19 07:27:00-05:00,NVDA,2019-11-19
NVIDIA shares are trading higher. Hearing Citigroup raised the price target from $200 to $245. Also saw comments from a Credit Suisse analyst suggesting October graphics cards sales grew month-over-month.,2019-11-18 11:17:00-05:00,NVDA,2019-11-18
NVIDIA Option Alert: Fri $197.5 Puts Sweep (2) near the Bid: 1000 @ $0.331 vs 1465 OI; Ref=$211.25,2019-11-18 10:55:00-05:00,NVDA,2019-11-18
More Records Shattered: Stocks Start Week At Record Highs With More Retail Earnings Next,2019-11-18 10:22:00-05:00,NVDA,2019-11-18
PreMarket Prep Recap: Breaking Down The Reaction To Walmart And Nvidia Earnings,2019-11-15 13:47:00-05:00,NVDA,2019-11-15
"Nvidia Impresses Analysts With Datacenter Resurgence, Expanding Margins",2019-11-15 13:11:00-05:00,NVDA,2019-11-15
"UPDATE: Morgan Stanley On NVIDIA Also Notes 'We have been surprised at the strength in the stock, and valuation leaves little room for error, but the company is back in growth mode'",2019-11-15 12:37:00-05:00,NVDA,2019-11-15
"UPDATE: Morgan Stanley Maintains Equal-Weight On NVIDIA, Raises Tgt To $217 Notes Co. 'showed upside to the qtr, but guided revs 4% below consensus/in line with our ests; data center grew in line with ests, vs. an expectation for some upside'",2019-11-15 12:37:00-05:00,NVDA,2019-11-15
"UPDATE: Raymond James Reiterates Outperform On NVIDIA, Raises Target To $240 Notes 'incremental strength appears to secular - coming from AI inferencing (driven by speech recognition), something bulls had been waiting on for several quarters'",2019-11-15 12:23:00-05:00,NVDA,2019-11-15
"UPDATE: Mizuho On NVIDIA Notes Co's 'strong position in gaming, DC growth, low inventories, and good GM positions it well for F21E(Jan)'",2019-11-15 11:34:00-05:00,NVDA,2019-11-15
"UPDATE: Mizuho On NVIDIA Notes 'Looking into JanQ, NVDA noted weakness from PCs and gaming offset by continued Data Center growth and strong GM driven by product mix'",2019-11-15 11:33:00-05:00,NVDA,2019-11-15
"UPDATE: Mizuho Maintains Buy On NVIDIA, Raises Target To $230 Notes 'The OctQ top line was driven by Gaming/Data Center strength from ray tracing RTX GPUs and Hyperscale/Cloud customers'",2019-11-15 11:33:00-05:00,NVDA,2019-11-15
"SunTrust Robinson Humphrey Maintains Buy on NVIDIA, Raises Price Target to $240",2019-11-15 11:10:00-05:00,NVDA,2019-11-15
"UPDATE: Bank Of America On NVIDIA Notes 'In Q4, downside came from: (1) gaming – where seasonally declining notebooks and Nintendo consoles are larger/having a greater impact on segment growth (~$500mn combined sales); and (2) autos'",2019-11-15 10:49:00-05:00,NVDA,2019-11-15
"UPDATE: Bank Of America On NVIDIA Notes 'Overall, we raise FY20E/21E pf-EPS by 4%/1%, and take our PO to $275 from $250, based on 37x CY20E P/E ex-cash (vs. 34x prior) to reflect data center reacceleration'",2019-11-15 10:48:00-05:00,NVDA,2019-11-15
"UPDATE: Bank Of America Reiterates Buy On NVIDIA, Raises Target To $275 As Firm Believes Co.'is uniquely positioned to reaccelerate in existing markets while expanding into new markets (edge computing/5G, advanced autos, NLP)'",2019-11-15 10:48:00-05:00,NVDA,2019-11-15
"UPDATE: Citi Maintains Buy On NVIDIA, Raises Tgt To $245 Notes 'We like the stock setup on improving Y/Y comps next couple of quarters and believe NVDA offers the best programmable data center computing platform that can be scaled with high software moat'",2019-11-15 10:39:00-05:00,NVDA,2019-11-15
NVIDIA shares are trading lower after the company issued Q4 sales guidance below analyst estimates.,2019-11-15 10:30:00-05:00,NVDA,2019-11-15
"Driving Higher: Market Keeps Hanging In, On Pace For Another Record-Setting Week",2019-11-15 10:06:00-05:00,NVDA,2019-11-15
"Benzinga's Top Upgrades, Downgrades For November 15, 2019",2019-11-15 09:59:00-05:00,NVDA,2019-11-15
"JP Morgan Maintains Overweight on NVIDIA, Raises Price Target to $237",2019-11-15 08:47:00-05:00,NVDA,2019-11-15
"Barclays Maintains Overweight on NVIDIA, Raises Price Target to $225",2019-11-15 08:45:00-05:00,NVDA,2019-11-15
"Nomura Maintains Neutral on NVIDIA, Raises Price Target to $200",2019-11-15 08:41:00-05:00,NVDA,2019-11-15
10 Biggest Price Target Changes For Friday,2019-11-15 08:37:00-05:00,NVDA,2019-11-15
"Morgan Stanley Maintains Equal-Weight on NVIDIA, Raises Price Target to $217",2019-11-15 08:36:00-05:00,NVDA,2019-11-15
"Raymond James Reiterates Outperform on NVIDIA, Raises Price Target to $240",2019-11-15 08:25:00-05:00,NVDA,2019-11-15
"Benchmark Maintains Buy on NVIDIA, Raises Price Target to $240",2019-11-15 08:01:00-05:00,NVDA,2019-11-15
"Mizuho Maintains Buy on NVIDIA, Raises Price Target to $230",2019-11-15 07:52:00-05:00,NVDA,2019-11-15
Craig-Hallum Upgrades NVIDIA to Buy,2019-11-15 07:24:00-05:00,NVDA,2019-11-15
A Peek Into The Markets: US Stock Futures Rise Ahead Of Economic Reports,2019-11-15 07:22:00-05:00,NVDA,2019-11-15
New Street Downgrades NVIDIA to Neutral,2019-11-15 07:16:00-05:00,NVDA,2019-11-15
"Bank of America Maintains Buy on NVIDIA, Raises Price Target to $275",2019-11-15 07:14:00-05:00,NVDA,2019-11-15
"Citi Maintains Buy on NVIDIA, Raises Price Target to $245",2019-11-15 07:11:00-05:00,NVDA,2019-11-15
"Wells Fargo Maintains Outperform on NVIDIA, Raises Price Target to $240",2019-11-15 07:10:00-05:00,NVDA,2019-11-15
"6 Stocks To Watch For November 15, 2019",2019-11-15 05:29:00-05:00,NVDA,2019-11-15
5 Stocks Moving In Thursday's After-Hours Session,2019-11-14 19:44:00-05:00,NVDA,2019-11-15
Nvidia Posts Big Q3 Earnings Beat,2019-11-14 16:32:00-05:00,NVDA,2019-11-15
NVIDIA Sees Q4 Sales $2.95B +/- 2% vs $3.06B Est.,2019-11-14 16:22:00-05:00,NVDA,2019-11-15
"NVIDIA Q3 Adj. EPS $1.78 Beats $1.58 Estimate, Sales $3.01B Beat $2.92B Estimate",2019-11-14 16:21:00-05:00,NVDA,2019-11-15
"NVIDIA Shares Unaffected As Traders Circulate Word From Jefferies Suggesting GPU-Card Maker In Contact With Firm Suggested Co. Stopped Shipping GPUs To It During Second Half Of Oct., Card Maker Sees H2'19 Unit Growth In 15-20% Range",2019-11-14 11:05:00-05:00,NVDA,2019-11-14
Shoppers Rise To The Occasion As Walmart Reports Another Impressive Quarter,2019-11-14 09:52:00-05:00,NVDA,2019-11-14
A Preview Of Nvidia's Q3 Earnings,2019-11-14 08:59:00-05:00,NVDA,2019-11-14
"Benzinga Pro's Top 5 Stocks To Watch For Thurs., Nov. 14, 2019: NVDA, SINA, DDS, TROV, AMRN",2019-11-14 08:44:00-05:00,NVDA,2019-11-14
"Earnings Scheduled For November 14, 2019",2019-11-14 04:43:00-05:00,NVDA,2019-11-14
"11 Stocks To Watch For November 14, 2019",2019-11-14 04:25:00-05:00,NVDA,2019-11-14
REX Shares Rolls Out A New ETN For FAANG Fans,2019-11-13 07:20:00-05:00,NVDA,2019-11-13
"UPDATE: Cascend Maintains Buy On NVIDIA, Raises Target To $240 'on continued hyperscale AI development and fewer GPU price cuts (benefiting margins)'",2019-11-12 14:07:00-05:00,NVDA,2019-11-12
"Cascend Maintains Buy on NVIDIA, Raises Price Target to $240",2019-11-12 14:02:00-05:00,NVDA,2019-11-12
"Oppenheimer Maintains Outperform on NVIDIA, Raises Price Target to $250",2019-11-12 08:09:00-05:00,NVDA,2019-11-12
7 Technology Stocks Moving In Tuesday's Pre-Market Session,2019-11-12 07:18:00-05:00,NVDA,2019-11-12
"UPDATE: Deutsche Bank Maintains Hold On NVIDIA, Raises Target To $190 Notes 'while we expect a solid print/guide that may deliver incremental upside to estimates, we believe much of this goodness is already reflected in the shares'",2019-11-11 14:22:00-05:00,NVDA,2019-11-11
"UPDATE: UBS Maintains Buy NVIDIA, Raises Target To $240 As Firm Notes 'Proof points are about to start playing out in':",2019-11-11 14:19:00-05:00,NVDA,2019-11-11
"After Slow Start, Week Might Gain Pace As Retail Sales, Inflation Data, Walmart Loom",2019-11-11 10:24:00-05:00,NVDA,2019-11-11
"Deutsche Bank Maintains Hold on NVIDIA, Raises Price Target to $190",2019-11-11 09:22:00-05:00,NVDA,2019-11-11
"UBS Maintains Buy on NVIDIA, Raises Price Target to $240",2019-11-11 09:05:00-05:00,NVDA,2019-11-11
"3 Reasons Why Tesla Will Hit $6,000, According To Ark Invest's Catherine Wood",2019-11-07 12:45:00-05:00,NVDA,2019-11-07
"Analyst Warns Of Timing Issue With Nvidia's Datacenter Launch, But Remains Bullish",2019-11-07 12:04:00-05:00,NVDA,2019-11-07
Shares of semiconductor companies are trading higher after Qualcomm reported better-than-expected Q4 results.,2019-11-07 11:15:00-05:00,NVDA,2019-11-07
"UPDATE: Raymond James Previews NVIDIA's Q3 Earnings (On Thurs., Nov. 14, 2019), Warns Of Uncertainty On Datacenter Launch Timing, Says Timing Could Impact Qtr. Results",2019-11-07 09:51:00-05:00,NVDA,2019-11-07
Traders Circulating Word Of Cautious Sell-Side Comments On NVIDIA; Unconfirmed,2019-11-07 09:38:00-05:00,NVDA,2019-11-07
"Ark Invest's Catherine Wood On Leveraging Disruption, Innovation To Grow Portfolios",2019-11-05 16:49:00-05:00,NVDA,2019-11-06
"NVIDIA Reports USPS Adopts Co. End-To-End AI Technology, No Terms Disclosed",2019-11-05 11:01:00-05:00,NVDA,2019-11-05
Investor Movement Index Summary: October 2019,2019-11-05 09:36:00-05:00,NVDA,2019-11-05
15 Stocks With A High Current Ratio,2019-11-04 17:05:00-05:00,NVDA,2019-11-05
"Earnings Thoughts Turn To Retail Later This Week, But Uber Starts Parade Today",2019-11-04 09:55:00-05:00,NVDA,2019-11-04
"NVIDIA To Report Q3 Earnings On Thurs., Nov. 14 After Market Close",2019-10-31 17:04:00-04:00,NVDA,2019-11-01
"Analysts Upbeat On AMD's Product Roadmap, Execution",2019-10-30 11:39:00-04:00,NVDA,2019-10-30
Video Game ETF Competition Gets Another Entrant With Global X's HERO,2019-10-30 07:45:00-04:00,NVDA,2019-10-30
Shares of several semiconductor companies are trading higher on progression in U.S.-China trade talks and positive sentiment from strong earnings reports.,2019-10-28 12:34:00-04:00,NVDA,2019-10-28
"Cramer Advises His Viewers On Del Taco, Tyson Foods And More",2019-10-28 12:32:00-04:00,NVDA,2019-10-28
"Another Bonanza Earnings Week As Apple Looms, With Fed, Payrolls Also On Weekly Agenda",2019-10-28 10:09:00-04:00,NVDA,2019-10-28
NVDIA Announces a New Shield TV,2019-10-28 08:01:00-04:00,NVDA,2019-10-28
Nvidia shares are trading higher after RBC raised the price target of the stock from $217 to $251.,2019-10-25 09:43:00-04:00,NVDA,2019-10-25
Shares of several semiconductors shares are trading higher in sympathy with Lam Research after the company reported better-than-expected Q1 EPS and sales results. The company had also issued Q2 EPS and sales above analyst estimates.,2019-10-24 11:42:00-04:00,NVDA,2019-10-24
"Big Chip Q3 Earnings Preview: Intel Could Win On Muted Expectations, AMD Makes Inroads",2019-10-24 11:21:00-04:00,NVDA,2019-10-24
NVIDIA shares are trading lower in sympathy with Texas Instruments after the company reported weak Q3 sales results and issued Q4 sales guidance below analyst estimates.,2019-10-23 07:26:00-04:00,NVDA,2019-10-23
Semiconductor Equipment Billings Slip to 5-month Low,2019-10-23 03:41:00-04:00,NVDA,2019-10-23
"Analysts Like Nvidia's EGX Edge Supercomputing Platform, 5G Opportunity",2019-10-22 11:15:00-04:00,NVDA,2019-10-22
"Wells Fargo Earlier Maintained Outperform on NVIDIA, Raised Price Target to $220",2019-10-22 11:08:00-04:00,NVDA,2019-10-22
Ericsson and NVIDIA Collaborate to Accelerate Virtualized 5G Radio Access Networks With GPUs,2019-10-22 03:14:00-04:00,NVDA,2019-10-22
NVIDIA with Microsoft Announces Technology Collaboration for Era of Intelligent Edge,2019-10-21 19:21:00-04:00,NVDA,2019-10-22
Shares of companies in the semiconductor space are trading higher amid US-China trade optimism. The sector has China exposure and has been highly affected by trade tensions this year.,2019-10-21 11:14:00-04:00,NVDA,2019-10-21
9 Technology Stocks Moving In Thursday's Pre-Market Session,2019-10-17 07:46:00-04:00,NVDA,2019-10-17
"Bank Of America Results Keep Financial Sector Flowing, With Netflix In Focus Later",2019-10-16 10:27:00-04:00,NVDA,2019-10-16
"Benzinga Pro's Top 10 Most-Searched Tickers For Morning of Wednesday, October 16, 2019",2019-10-16 10:01:00-04:00,NVDA,2019-10-16
"UPDATE: Cascend Maintains Buy On NVIDIA, Raises Tgt To $220 Notes 'We see hyperscale AI development work continuing to grow off this summers' strong AI pus'; Believes 'this is a prime opportunity to take advantage of bad news already being in this name'",2019-10-15 12:02:00-04:00,NVDA,2019-10-15
"Cascend Maintains Buy on NVIDIA, Raises Price Target to $220",2019-10-15 11:56:00-04:00,NVDA,2019-10-15
Analyst: Nvidia Earnings Will Triple In The Next 5 Years,2019-10-15 10:19:00-04:00,NVDA,2019-10-15
NVIDIA shares are trading higher after Bank of America maintained a Buy rating on the stock and raised the price target from $225 to $250.,2019-10-15 09:43:00-04:00,NVDA,2019-10-15
10 Biggest Price Target Changes For Tuesday,2019-10-15 09:06:00-04:00,NVDA,2019-10-15
"Bank of America Maintains Buy on NVIDIA, Raises Price Target to $250",2019-10-15 08:10:00-04:00,NVDA,2019-10-15
10 Technology Stocks Moving In Tuesday's Pre-Market Session,2019-10-15 08:07:00-04:00,NVDA,2019-10-15
"Chip Stocks Not Reacting As Traders Circulate Report From WCCF Tech 'Rumor: Intel To Skip 10nm For Desktop CPUs, Will Offer 7nm Desktop CPUs in 2022'",2019-10-14 11:24:00-04:00,NVDA,2019-10-14
Shares of several semiconductor companies are trading higher after President Trump made positive remarks on the U.S.-China trade talks. Trump is scheduled to meet with Chinese Vice Premier Liu He at the White House today.,2019-10-11 08:11:00-04:00,NVDA,2019-10-11
Shares of many semiconductors are trading higher on renewed trade optimism after the US was considering suspending tariff increase in exchange for a currency pact. President Trump's administration also plans to allow the sale of some supplies to Huawei.,2019-10-10 10:11:00-04:00,NVDA,2019-10-10
Option Traders Make Bullish Bets On Nvidia,2019-10-09 13:31:00-04:00,NVDA,2019-10-09
"Jim Cramer Shares His Thoughts On Roku, Gilead And More",2019-10-09 11:35:00-04:00,NVDA,2019-10-09
Shares of several semiconductor companies are trading higher after multiple reports suggesting China is open to a partial trade deal surfaced. The reports renewed optimism in the upcoming U.S.-China trade talks.,2019-10-09 10:55:00-04:00,NVDA,2019-10-09
19 Technology Stocks Moving In Wednesday's Pre-Market Session,2019-10-09 07:52:00-04:00,NVDA,2019-10-09
"Shares of several semiconductor companies are trading lower as optimism around the upcoming U.S.-China trade talks waned. A report says China is toning down its expectations of the meeting. The U.S. expanded its trade blacklist, and scheduled an increase in tariffs on $250 billion worth of Chinese goods from 25% to 30% on Oct. 15, which will go into effect if no progress is made.",2019-10-08 10:58:00-04:00,NVDA,2019-10-08
20 Technology Stocks Moving In Tuesday's Pre-Market Session,2019-10-08 08:13:00-04:00,NVDA,2019-10-08
Investors Sell FANG To Buy IPOs In September's IMX,2019-10-07 16:54:00-04:00,NVDA,2019-10-08
Best And Worst Short Ideas Of The Week,2019-10-07 14:57:00-04:00,NVDA,2019-10-07
AMD Unveils Budget Radeon Graphics Cards Aimed At Nvidia's Entry-Level Products,2019-10-07 13:39:00-04:00,NVDA,2019-10-07
Investor Movement Index Summary: September 2019,2019-10-07 13:18:00-04:00,NVDA,2019-10-07
"A Look At Benzinga Pro's Most-Searched Tickers For October 7, 2019",2019-10-07 12:27:00-04:00,NVDA,2019-10-07
"Evercore ISI Group Maintains Outperform on NVIDIA, Raises Price Target to $225",2019-10-07 10:46:00-04:00,NVDA,2019-10-07
NVIDIA shares are trading higher after RBC Capital maintained an Outperform rating on the stock and raised the price target from $190 to $217.,2019-10-07 10:05:00-04:00,NVDA,2019-10-07
"Talking Trade: Back To The Table This Week, But Will Big Issues Be Addressed?",2019-10-07 09:54:00-04:00,NVDA,2019-10-07
"RBC Capital Maintains Outperform on NVIDIA, Raises Price Target to $217",2019-10-07 08:19:00-04:00,NVDA,2019-10-07
17 Technology Stocks Moving In Monday's Pre-Market Session,2019-10-07 08:11:00-04:00,NVDA,2019-10-07
﻿Shares of many semiconductor companies are trading higher as investors are optimistic of a trade deal with China that could be reached after President Trump said a Chinese delegation is set to come to the U.S. next week for continued trade talks.,2019-10-03 14:17:00-04:00,NVDA,2019-10-03
NVIDIA shares are trading higher despite no company-specific news. This could potentially be a rebound im sympathy with the overall market.,2019-10-03 11:38:00-04:00,NVDA,2019-10-03
Shares of several semiconductor companies are trading lower in sympathy with the overall market on continued fears of a recession amid a weak ADP jobs report. There is also uncertainty in the market over the upcoming U.S.-China meeting next week.,2019-10-02 10:13:00-04:00,NVDA,2019-10-02
"Shares of several semiconductor companies are trading higher on renewed U.S.-China trade optimisim. A U.S. Treasury spokeswoman said the White House ""is not contemplating blocking Chinese companies from listing shares on U.S. stock exchanges at this time.",2019-10-01 10:18:00-04:00,NVDA,2019-10-01
"Shares of several semiconductor companies are trading lower following reports indicating the White House is considering setting limits on US flows to China, delisting Chinese company's from US stock exchanges. NOTE: Semiconductor companies are heavily impacted by U.S.-China trade war uncertainty, especially companies in business with Huawei.",2019-09-27 10:28:00-04:00,NVDA,2019-09-27
NVIDIA shares are trading higher despite no company-specific news. The stock has rallied roughly 14% in the past 3 months.,2019-09-25 14:16:00-04:00,NVDA,2019-09-25
"'Fast Money Halftime Report' Traders Weigh In On Apple, Uber And More",2019-09-24 16:37:00-04:00,NVDA,2019-09-25
Shares of companies in the semiconductor space are trading lower after Trump criticized China's trade policies in front of the UN. The sector has exposure to China and is sensitive to US-China trade relations.,2019-09-24 13:17:00-04:00,NVDA,2019-09-24
"SunTrust Robinson Humphrey Maintains Buy on NVIDIA, Raises Price Target to $216",2019-09-23 08:31:00-04:00,NVDA,2019-09-23
Report: AMD's Low-End Dominance Threatened As Nvidia Preps Budget Graphic Card Launch,2019-09-19 11:07:00-04:00,NVDA,2019-09-19
"Jim Cramer Weighs In On Centene, Fastly And More",2019-09-18 11:52:00-04:00,NVDA,2019-09-18
Examining The VanEck Esports ETF And Its 30% Surge This Year,2019-09-15 11:36:00-04:00,NVDA,2019-09-15
Shares of several semiconductor companies are trading higher after China released a tariff exemptions list for certain products from the U.S. Apple also released new iPhones which are expected to benefit several companies within the sector.,2019-09-11 11:17:00-04:00,NVDA,2019-09-11
Game On: Nvidia Reportedly Working On Sub-$300 Graphics Card To Take On AMD,2019-09-10 11:07:00-04:00,NVDA,2019-09-10
Shares of many semiconductor companies are trading higher with the broader stock market after the Chinese Minister of Commerce said the U.S. and China are set to meet in Washington D.C in early October.,2019-09-05 09:24:00-04:00,NVDA,2019-09-05
14 Technology Stocks Moving In Thursday's Pre-Market Session,2019-09-05 08:32:00-04:00,NVDA,2019-09-05
IHS Says Chip Sales Fell ~14% in H1 2019,2019-09-05 05:43:00-04:00,NVDA,2019-09-05
Shares of many semiconductor companies are trading higher as Hong Kong tensions ease on the withdrawal of the extradition bill that has caused mass protesting. The protests are seen as a potential disruption to the global economy and U.S.-China trade talks.,2019-09-04 10:23:00-04:00,NVDA,2019-09-04
These Are The Leveraged ETFs At Play When Trade War Worries Strike,2019-09-04 09:37:00-04:00,NVDA,2019-09-04
"Shares of several semiconductor companies are trading lower as trade concerns continue to escalate following a new 15% tariff, which was added to $112 billion worth of Chinese goods on Sunday.",2019-09-03 10:51:00-04:00,NVDA,2019-09-03
Trader Toolkit: Return Of The MACD,2019-09-03 10:28:00-04:00,NVDA,2019-09-03
27 Technology Stocks Moving In Tuesday's Pre-Market Session,2019-09-03 08:37:00-04:00,NVDA,2019-09-03
AMD Desktop GPU Shipments Overtake Nvidia's For First Time In 5 Years,2019-08-30 12:11:00-04:00,NVDA,2019-08-30
Shares of several semiconductor companies are trading higher after China's Ministry of Commerce said the country is willing to work to resolve US trade tensions and does not want any further escalation.,2019-08-29 09:41:00-04:00,NVDA,2019-08-29
24 Technology Stocks Moving In Thursday's Pre-Market Session,2019-08-29 08:44:00-04:00,NVDA,2019-08-29
Shares of several semiconductor companies are trading higher amid easing trade tensions. President Trump said China is ready to come back to the negotiating table.,2019-08-26 10:38:00-04:00,NVDA,2019-08-26
"Week Starts With Trade Hopes Slightly Improved, But Caution Remains Watchword",2019-08-26 09:59:00-04:00,NVDA,2019-08-26
Nvidia's Newest Competitor Is One Of Trump's Biggest Foes,2019-08-23 13:48:00-04:00,NVDA,2019-08-23
China To Impose $75 Billion In Retaliatory Tariffs,2019-08-23 11:44:00-04:00,NVDA,2019-08-23
Shares of several semiconductors companies are trading lower on escalated trade tensions after China announced it plans to impose a 5% to 10% tariff rate on $75 billion worth of U.S. goods.,2019-08-23 09:24:00-04:00,NVDA,2019-08-23
Shares of several technology companies shares are trading higher in sympathy with the overall market.,2019-08-21 12:36:00-04:00,NVDA,2019-08-21
NVIDIA shares are trading higher after Benchmark assumes the stock with a Buy rating and announced a $210 price target.,2019-08-21 11:53:00-04:00,NVDA,2019-08-21
"Benchmark Assumes NVIDIA at Buy, Announces $210 Price Target",2019-08-21 07:45:00-04:00,NVDA,2019-08-21
"Nomura On Semiconductors: Analyst Eyes Data Center, PC Trends",2019-08-20 15:55:00-04:00,NVDA,2019-08-20
"Graphics Card Market to See Heated Competition between Nvidia, AMD, Intel in 2021",2019-08-20 04:16:00-04:00,NVDA,2019-08-20
Shares of several semiconductors are trading higher on renewed hopes of a resolution to trade tensions between the US and China.,2019-08-19 10:43:00-04:00,NVDA,2019-08-19
"Busy Week Ahead With Fed Symposium And Retail Earnings Marching On With Target, Kohl's",2019-08-19 09:53:00-04:00,NVDA,2019-08-19
27 Technology Stocks Moving In Monday's Pre-Market Session,2019-08-19 08:56:00-04:00,NVDA,2019-08-19
60 Biggest Movers From Friday,2019-08-19 05:00:00-04:00,NVDA,2019-08-19
"Bulls And Bears Of The Week: Apple, Cisco, Salesforce, Walmart And More",2019-08-17 13:58:00-04:00,NVDA,2019-08-17
41 Stocks Moving In Friday's Mid-Day Session,2019-08-16 12:27:00-04:00,NVDA,2019-08-16
"A Look At Benzinga Pro's Most-Searched Tickers For August 16, 2019",2019-08-16 12:15:00-04:00,NVDA,2019-08-16
What Analysts Have To Say About Nvidia Following Earnings Beat,2019-08-16 11:55:00-04:00,NVDA,2019-08-16
"UPDATE: Raymond James Reiterates Outperform On NVIDIA, Reiterates $180 Target As Firm Thinks 'the pause in hyperscale spending this year (which affected all suppliers) provides a strong setup for next year'",2019-08-16 10:37:00-04:00,NVDA,2019-08-16
"Investors Seem More Optimistic As Trade, Bond Market Worries Ease",2019-08-16 10:25:00-04:00,NVDA,2019-08-16
Mid-Morning Market Update: Markets Open Higher; Deere Earnings Miss Views,2019-08-16 10:12:00-04:00,NVDA,2019-08-16
UPDATE: Morgan Stanley On NVIDIA Continues 'Bulls probably wanted more clarity on data center than we heard despite a return to q/q growth',2019-08-16 10:05:00-04:00,NVDA,2019-08-16
"UPDATE: Morgan Stanley Maintains Equal-weight On NVIDIA, Raises Target To $180 As Firm Notes 'Headline is a sharp recovery in gross margins in the October quarter that drives up EPS, unexpectedly'",2019-08-16 10:05:00-04:00,NVDA,2019-08-16
"Top 10 Movers Via Benzinga Pro's Screener Tool For Morning of Friday., August 16, 2019",2019-08-16 09:53:00-04:00,NVDA,2019-08-16
"Benzinga Pro's Top 10 Most-Searched Tickers For Morning of Friday., August 16, 2019",2019-08-16 09:14:00-04:00,NVDA,2019-08-16
10 Biggest Price Target Changes For Friday,2019-08-16 09:07:00-04:00,NVDA,2019-08-16
7 Technology Stocks Moving In Friday's Pre-Market Session,2019-08-16 08:51:00-04:00,NVDA,2019-08-16
NVIDIA shares are trading higher after the company reported better-than-expected Q2 EPS and sales results.,2019-08-16 08:50:00-04:00,NVDA,2019-08-16
"Morgan Stanley Maintains Equal-Weight on NVIDIA, Raises Price Target to $180",2019-08-16 08:19:00-04:00,NVDA,2019-08-16
26 Stocks Moving in Friday's Pre-Market Session,2019-08-16 08:17:00-04:00,NVDA,2019-08-16
A Peek Into The Markets: US Stock Futures Signal Higher Start On Wall Street,2019-08-16 07:08:00-04:00,NVDA,2019-08-16
"7 Stocks To Watch For August 16, 2019",2019-08-16 04:44:00-04:00,NVDA,2019-08-16
5 Stocks Moving In Thursday's After-Hours Session,2019-08-15 17:00:00-04:00,NVDA,2019-08-16
Nvidia Trades Higher On Q2 Earnings Beat,2019-08-15 16:28:00-04:00,NVDA,2019-08-16
"NVIDIA Sees Q3 Sales $2.842B-$2.958B vs $2.97B Estimate, Adj. Gross Margin ~62.5%",2019-08-15 16:21:00-04:00,NVDA,2019-08-16
"NVIDIA Q2 Adj. EPS $1.24 Beats $1.14 Estimate, Sales $2.58B Beat $2.55B Estimate",2019-08-15 16:21:00-04:00,NVDA,2019-08-16
"10 Stocks To Watch For August 15, 2019",2019-08-15 05:20:00-04:00,NVDA,2019-08-15
"Earnings Scheduled For August 15, 2019",2019-08-15 05:07:00-04:00,NVDA,2019-08-15
"Nvidia Analysts Preview Q2 Earnings: A Challenging Near Term, But Out Years Hold Promise",2019-08-14 15:17:00-04:00,NVDA,2019-08-14
"Shares of several semiconductors companies are trading lower after the spread between the 2-year and 10-year yield curve inverted for the first time since 2007, potentially signaling an oncoming recession.",2019-08-14 09:20:00-04:00,NVDA,2019-08-14
"Shares of several semiconductor companies are trading higher in sympathy with the overall market after the U.S. Trade Representative reported that some tariffs will be delayed to Dec 15 on some products including cell phones, monitors, and laptops.",2019-08-13 10:24:00-04:00,NVDA,2019-08-13
Report: AMD Prepping For Launch Of 'Nvidia Killer' Graphics Card In Mid-2020,2019-08-12 15:34:00-04:00,NVDA,2019-08-12
"Market Remains On Edge As Tensions Between U.S., China Continue",2019-08-12 10:21:00-04:00,NVDA,2019-08-12
Shares of several semiconductor companies are trading lower after President Trump announced the U.S. is not doing any business with Huawei. Huawei is an important customer for many semiconductor companies.,2019-08-09 10:47:00-04:00,NVDA,2019-08-09
"Twists And Turns: This Week's Wild Ride Swings Through U.K., Italy, China",2019-08-09 10:01:00-04:00,NVDA,2019-08-09
Shares of several semiconductors companies are trading higher on a potential rebound following a recent downturn the sector has experienced over the past few months amid growing trade tensions.,2019-08-08 13:38:00-04:00,NVDA,2019-08-08
Shares of several semiconductor companies are trading lower after President Trump announced additional tariffs on Chinese goods.,2019-08-05 09:33:00-04:00,NVDA,2019-08-05
26 Technology Stocks Moving In Today's Pre-Market Session,2019-08-02 09:01:00-04:00,NVDA,2019-08-02
Analysts Weigh In On The Semiconductor ETF And NVIDIA,2019-08-01 17:04:00-04:00,NVDA,2019-08-02
Shares of several semiconductor companies are trading higher on seemingly no sector-specific news. Strength may be due to a rebound following yesterday's sector-wide weakness after AMD issued weak Q3 sales guidance.,2019-08-01 11:54:00-04:00,NVDA,2019-08-01
"AMD Drops On Mixed Quarter, Analysts Weigh In",2019-07-31 11:40:00-04:00,NVDA,2019-07-31
Shares of several semiconductor companies are trading lower in sympathy with Advanced Micro Devices after the company issued Q3 sales guidance below analyst estimates.,2019-07-31 11:05:00-04:00,NVDA,2019-07-31
"Jim Cramer Gives His Opinion On Nvidia, Cisco And More",2019-07-31 10:59:00-04:00,NVDA,2019-07-31
"What To Watch In August: Retail Earnings, IPOs, Fed Moves",2019-07-31 09:56:00-04:00,NVDA,2019-07-31
China Fortunes Keep Chip Stocks On Wild Ride As Advanced Micro Reports,2019-07-30 09:53:00-04:00,NVDA,2019-07-30
Shares of several semiconductors companies are trading lower on seemingly no news. It could potentially be a sell-off following the sector experiencing continued growth over the course of the last two months.,2019-07-29 11:53:00-04:00,NVDA,2019-07-29
Stock Wars: Intel Vs. AMD Vs. Nvidia,2019-07-26 10:12:00-04:00,NVDA,2019-07-26
Semiconductor Equipment Billings Stay above $2B in June,2019-07-26 04:05:00-04:00,NVDA,2019-07-26
NVIDIA shares trading lower despite no company news. Note that shares of NVIDIA have rallied about 8% over the last 2 weeks and over 32% since the beginning of June.,2019-07-25 13:28:00-04:00,NVDA,2019-07-25
Shares of several semiconductor companies are trading higher in sympathy with Texas Instruments and Teradyne after both companies reported positive Q2 EPS and sales results. Both companies also issued in-line Q3 guidance.,2019-07-24 10:42:00-04:00,NVDA,2019-07-24
Some Perspective On The Potent Esports ETF,2019-07-23 12:08:00-04:00,NVDA,2019-07-23
"Shares of several semiconductor companies are trading higher after Kudlow and Mnuchin invited U.S. tech companies to discuss the Huawei ban; Goldman Sachs upgraded companies in the sector, believing excess inventory will be depleted more quickly.",2019-07-22 10:25:00-04:00,NVDA,2019-07-22
Rekor Systems Earlier Announced It Has Joined NVIDIA Metropolis Software Partner Program To Apply Deep Learning To Video Streams,2019-07-16 09:52:00-04:00,NVDA,2019-07-16
"Barron's Picks And Pans: Dollar Tree, Expedia, Nvidia, Prudential And More",2019-07-13 15:04:00-04:00,NVDA,2019-07-13
"Shares of several semiconductor companies are trading higher amid positive trends in US-China trade negotiations, Trump loosening the Huawei ban and the Fed signaling a rate cut. Japan/Korea trade tensions could also drive up memory prices.",2019-07-12 13:54:00-04:00,NVDA,2019-07-12
UPDATE: Cassidy Also Tells Benzinga 'Japan / Korea trade issues may drive up the prices of memory devices following a year of memory prices in free fall. Prices for memory increased w/w for the first time in over a year.',2019-07-12 13:40:00-04:00,NVDA,2019-07-12
"Stifel Nicolaus Analyst Kevin Cassidy On Semiconductors Strength, Tells Benzinga 'The fed signaling lower interest rates and Trump loosening the ban on Huawei are both huge news for semiconductor companies.'",2019-07-12 13:40:00-04:00,NVDA,2019-07-12
"Tigress Financial Analyst Ivan Feinseth Comments On Semiconductors Strength, Tell Benzinga 'Positive trends in US-China trade negotiations is lifting all the chip stocks.'",2019-07-12 13:38:00-04:00,NVDA,2019-07-12
"Boutique Research Firm Upgrades Nvidia, Says AI, Ray Tracing Will Drive Demand For Chipmaker",2019-07-11 10:59:00-04:00,NVDA,2019-07-11
NVIDIA shares are trading higher after Cascend upgraded the stock from Hold to Buy and announced a price target of $190 per share.,2019-07-11 09:47:00-04:00,NVDA,2019-07-11
"Cascend Upgrades NVIDIA to Buy, Announces $190 Price Target",2019-07-11 08:42:00-04:00,NVDA,2019-07-11
Will Earnings Season Prompt a Resurr-tech-tion?,2019-07-09 13:01:00-04:00,NVDA,2019-07-09
"As Investors Await Fed Chair Testimony Wednesday, PepsiCo Delivers Strong Results",2019-07-09 10:14:00-04:00,NVDA,2019-07-09
"Kinahan Says Millennials Are Buying The Stocks They Know, Like Beyond Meat And Tesla",2019-07-09 07:52:00-04:00,NVDA,2019-07-09
AMD's RX 5700 Graphics Cards Now Available: What You Need To Know,2019-07-08 10:30:00-04:00,NVDA,2019-07-08
AMD Reportedly Slashes Prices On Graphics Card Ahead Of Launch,2019-07-05 10:39:00-04:00,NVDA,2019-07-05
"With Jobs Report Ahead, Focus Turns To Economic Data, Auto Sales, Tesla Output",2019-07-02 10:06:00-04:00,NVDA,2019-07-02
AMD-Nvidia Graphics Competition Heats Up,2019-07-01 12:19:00-04:00,NVDA,2019-07-01
Shares of several hardware suppliers are trading higher after President Trump said he would ease the ban on US companies selling to Huawei.,2019-07-01 07:56:00-04:00,NVDA,2019-07-01
Competition Between AMD and Nvidia in Graphics Card Market Expected to Heat Up in Early July,2019-07-01 04:38:00-04:00,NVDA,2019-07-01
NVIDIA shares are trading higher after Wedbush initiated coverage on the stock with an Outperform rating and announced a $184 price target.,2019-06-27 10:07:00-04:00,NVDA,2019-06-27
"Benzinga's Top Upgrades, Downgrades For June 27, 2019",2019-06-27 09:10:00-04:00,NVDA,2019-06-27
"Wedbush Initiates Coverage On NVIDIA with Outperform Rating, Announces $184 Price Target",2019-06-27 08:08:00-04:00,NVDA,2019-06-27
Shares of companies in the semiconductor space are trading higher after Micron reported strong Q3 earnings.,2019-06-26 06:22:00-04:00,NVDA,2019-06-26
"As Anticipation Firms For Trump/Xi Meeting, Focus Is On Earnings, Iran Tensions",2019-06-24 10:24:00-04:00,NVDA,2019-06-24
Shares of several technology companies are trading higher amid renewed hopes of a Federal Reserve rate cut this year and in sympathy with Oracle reporting strong Q4 earnings.,2019-06-20 07:29:00-04:00,NVDA,2019-06-20
Cloud Looming? Oracle's Revenue Seen Down In Competitive Atmosphere,2019-06-18 14:42:00-04:00,NVDA,2019-06-18
Nvidia To Partner With Volvo On Self-Driving Trucks,2019-06-18 14:22:00-04:00,NVDA,2019-06-18
"Shares of several semiconductor companies are trading higher after President Trump said he spoke with China's Xi and announced they will have an extended meeting at G20, renewing trade optimism. NOTE: Semis have major China exposure.",2019-06-18 10:19:00-04:00,NVDA,2019-06-18
Volvo Group Partners With NVIDIA to Develop Advanced AI Platform for Autonomous Trucks,2019-06-18 04:22:00-04:00,NVDA,2019-06-18
Internet Trends Report: Why Immigration Is Critical To The US Tech Industry,2019-06-17 12:50:00-04:00,NVDA,2019-06-17
Nvidia Announces Support For Arm CPUs: Why It Matters,2019-06-17 12:26:00-04:00,NVDA,2019-06-17
NVIDIA Announces Support for Arm CPUs,2019-06-17 04:11:00-04:00,NVDA,2019-06-17
"Chip Stocks Fall In Sympathy With Broadcom After Q2 Sales Miss, Guidance Cut",2019-06-14 10:07:00-04:00,NVDA,2019-06-14
"Shares of several semiconductor companies are trading lower after weak quarterly results from Broadcom, citing ""broad-based"" demand weakness and the U.S. crackdown on Huawei.",2019-06-14 08:38:00-04:00,NVDA,2019-06-14
"Oppenheimer Bullish On Nvidia, Cautious On AMD, Intel",2019-06-13 11:17:00-04:00,NVDA,2019-06-13
"As Oil Prices Jump, Energy Shares Help Fuel Market Rally",2019-06-13 10:06:00-04:00,NVDA,2019-06-13
Shares of several semiconductor stocks are trading lower after the FTC opposed Qualcomm's antitrust request.,2019-06-12 09:54:00-04:00,NVDA,2019-06-12
Analyst: AMD's New Graphics Cards Make 'Meaningful Improvement' But Cost More Than Expected,2019-06-11 14:23:00-04:00,NVDA,2019-06-11
Shares of Shares of several semiconductor and technology companies are trading higher on continued trade optimism. The recent US-Mexico deal boosted confidence that the US could also strike a deal with China.,2019-06-11 09:47:00-04:00,NVDA,2019-06-11
"Super Micro Computer Reports Support for NVIDIA EGX Platform On Co.'s NGC-Ready Industry-Leading 1U, 2U GPU Servers, Edge Computing Servers",2019-06-11 09:31:00-04:00,NVDA,2019-06-11
"Shares of several technology companies are trading higher after the U.S. and Mexico signed part of an immigration deal. If reached, Mexico would avoid previously announced tariffs; if not reached, President Trump stated tariffs would be reinstated.",2019-06-10 10:21:00-04:00,NVDA,2019-06-10
"Ready Trader One: Events, Stocks To Watch At E3",2019-06-08 17:38:00-04:00,NVDA,2019-06-10
"Morgan Stanley Upgrades AMD, Says 'Table Is Set Well' For 2020",2019-06-06 09:45:00-04:00,NVDA,2019-06-06
"Barclays Maintains Overweight on NVIDIA, Lowers Price Target to $180",2019-06-06 08:58:00-04:00,NVDA,2019-06-06
Shares of several technology companies are trading lower after Pivotal Software provided Q2 and FY20 sales guidance significantly below analyst estimates.,2019-06-05 10:39:00-04:00,NVDA,2019-06-05
"Boomerang Seems To Continue As Caterpillar, Nvidia, Apple Among Early Gainers",2019-06-05 09:47:00-04:00,NVDA,2019-06-05
Nvidia to Adopt Samsung 7nm EUV Process in Next-gen GPU Production,2019-06-05 04:28:00-04:00,NVDA,2019-06-05
Shares of several technology companies are trading higher after China's Commerce Ministry stated they are open to dialogue to resolve trade tensions; Mexico trade concerns also eased after Mexican officials said it could find common ground with the US.,2019-06-04 11:01:00-04:00,NVDA,2019-06-04
Many mega-cap stocks trading lower following a tweet from President Trump late Thursday the US will impose a 5 percent tariff on goods from Mexico.,2019-05-31 06:43:00-04:00,NVDA,2019-05-31
FAANG's Out: Investing Gems In Today's Technology Landscape,2019-05-30 15:24:00-04:00,NVDA,2019-05-30
Jim Cramer Tweets Building Stake in Nvidia in Charitable Trust,2019-05-30 04:11:00-04:00,NVDA,2019-05-30
Shares of several technology companies are trading lower with the overall US market as US-China trade tensions continue to concern investors.,2019-05-29 11:54:00-04:00,NVDA,2019-05-29
Rosenblatt: AMD Will Be 'Much Bigger Player In High-End GPU Gaming',2019-05-28 12:06:00-04:00,NVDA,2019-05-28
Shares of many semiconductor companies are trading lower on continued US-China tension after the Trump administration said it would add up to 5 more Chinese surveillance companies to the blacklist.,2019-05-23 08:58:00-04:00,NVDA,2019-05-23
NVIDIA Has Filed With China Regulator SAMR For Approval For Mellanox Deal,2019-05-21 09:49:00-04:00,NVDA,2019-05-21
Shares of many Semiconductors stocks are trading higher after the US granted temporary relief for Huawei suppliers.,2019-05-21 09:11:00-04:00,NVDA,2019-05-21
Chips Stocks Rattled As Companies Halt Supplying China's Huawei,2019-05-20 08:53:00-04:00,NVDA,2019-05-20
Shares of many semiconductor companies are trading lower after Trump added China's Huawei to a trade blacklist.,2019-05-20 07:17:00-04:00,NVDA,2019-05-20
"A Look At Benzinga Pro's 10 Most-Searched Tickers For May 17, 2019",2019-05-17 15:00:00-04:00,NVDA,2019-05-17
"Morgan Stanley On Nvidia Notes 'We're surprised at the magnitude of data center weakness, and continue to forecast a recovery'; Maintains Equal-weight, Maintains $170 Target",2019-05-17 11:39:00-04:00,NVDA,2019-05-17
"Nvidia Analysts Sold On Long-Term Story, But Cautious On Data Center Weakness, Competition",2019-05-17 11:01:00-04:00,NVDA,2019-05-17
"China Accuses U.S. Of ""Bullying Behavior,"" Helping Pressure Market Sentiment",2019-05-17 10:02:00-04:00,NVDA,2019-05-17
"Benzinga Pro's Top 10 Most-Searched Tickers For Morning of Fri., May 17, 2019",2019-05-17 09:46:00-04:00,NVDA,2019-05-17
Summit Insights Group Downgrades NVIDIA Corporation - Common Stock to Hold,2019-05-17 09:00:00-04:00,NVDA,2019-05-17
"UBS Maintains Buy on NVIDIA Corporation - Common Stock, Lowers Price Target to $195",2019-05-17 08:49:00-04:00,NVDA,2019-05-17
A Peek Into The Markets: US Stock Futures Signal Lower Start On Wall Street,2019-05-17 06:35:00-04:00,NVDA,2019-05-17
IDC Reports Worldwide Semiconductor Revenues to Decline 7.2% in 2019,2019-05-17 04:36:00-04:00,NVDA,2019-05-17
"5 Stocks To Watch For May 17, 2019",2019-05-17 04:15:00-04:00,NVDA,2019-05-17
"From NVIDIA Q1 Earnings Conference Call: Sales To Gaming Unit $1.05B, Down 39% Year Over Year, Sales To Data Center Unit $634M, Down 10% YoY",2019-05-16 17:43:00-04:00,NVDA,2019-05-17
5 Stocks Moving In Thursday's After-Hours Session,2019-05-16 17:00:00-04:00,NVDA,2019-05-17
"Nvidia Trades Higher After Q1 Earnings Beat, CEO Says It's Back On Upward Trajectory",2019-05-16 16:30:00-04:00,NVDA,2019-05-17
NVIDIA shares are trading higher after the company reported better-than-expected Q1 EPS and sales results; the company issued inline Q2 sales guidance.,2019-05-16 16:23:00-04:00,NVDA,2019-05-17
NVIDIA Sees Q2 Adj. Gross Margins 59.5% +/- 50 Bps,2019-05-16 16:21:00-04:00,NVDA,2019-05-17
NVIDIA Sees Q2 Sales $2.55B +/- 2% vs $2.54B Estimate,2019-05-16 16:21:00-04:00,NVDA,2019-05-17
"NVIDIA Q1 Adj. EPS $0.88 Beats $0.79 Estimate, Sales $2.22B Beat $2.2B Estimate",2019-05-16 16:20:00-04:00,NVDA,2019-05-17
Shares of several semiconductor companies are trading lower after President Trump signed an executive order restricting companies deemed a national security threat from selling to the U.S. and threatened to blacklist Huawei Technologies.,2019-05-16 09:52:00-04:00,NVDA,2019-05-16
"7 Stocks To Watch For May 16, 2019",2019-05-16 04:57:00-04:00,NVDA,2019-05-16
"Earnings Scheduled For May 16, 2019",2019-05-16 04:16:00-04:00,NVDA,2019-05-16
"Nvidia Q1 Earnings Preview: Data Center, Gaming Inventory In Focus Amid Fundamental Uncertainties",2019-05-15 15:52:00-04:00,NVDA,2019-05-15
IDC Issues Press Release Highlighting Research Showing Forecast For Global Semi Sales To Be Down 7.2% In 2019,2019-05-15 15:30:00-04:00,NVDA,2019-05-15
Shares of several semiconductor and microchip companies are trading higher as US markets rebound on renewed optimism surrounding US-China trade talks.,2019-05-14 11:40:00-04:00,NVDA,2019-05-14
"Stifel Nicolaus Maintains Hold on NVIDIA Corporation - Common Stock, Lowers Price Target to $145",2019-05-14 09:46:00-04:00,NVDA,2019-05-14
"Morgan Stanley Earlier Maintained Equal-Weight on NVIDIA Corporation - Common Stock, Raised Price Target to $170",2019-05-13 13:25:00-04:00,NVDA,2019-05-13
"Goldman Maintains Buy On Nvidia, Maintains $185 Target Ahead Of Co's Earnings 5/16 Post Close As Firm Remains Bullish Long-Term, But Expects 'Gaming to remain weak on channel
adjustments while Datacenter likely to be impacted by near term customer pauses'",2019-05-13 11:41:00-04:00,NVDA,2019-05-13
Trade War Heats Up As China Retaliates With Raised Tariffs Of Its Own,2019-05-13 10:08:00-04:00,NVDA,2019-05-13
"Shares of several technology companies are trading lower amid continued US-China trade concerns. Proposed tariffs between the two nations could raise input costs, while trade tensions could hurt tech companies with China exposure.",2019-05-13 08:25:00-04:00,NVDA,2019-05-13
Shares of several technology companies are trading lower on continued uncertainty surrounding the future of trade relations between the US and China after the Trump Administration increased tariffs on $200 million of Chinese goods from 10% to 25%.,2019-05-10 10:03:00-04:00,NVDA,2019-05-10
Tariff Troubles: Market Retreat Looks To Continue As U.S. Raises Levies On China Goods,2019-05-10 09:52:00-04:00,NVDA,2019-05-10
Shares of several semiconductor stocks are trading lower after Intel issued concerning guidance at an investor event on Wednesday; BMO also downgraded the company's stock from Outperform to Market Perform.,2019-05-09 10:05:00-04:00,NVDA,2019-05-09
Key Day Shapes Up For Trade Talks But Earnings Also In Focus As Disney Results Gleaned,2019-05-09 09:52:00-04:00,NVDA,2019-05-09
"Red Hat Reports Expansion Of Alliance With NVIDIA To Accelerate, Scale AI/Machine Learning Workloads Across Hybrid Clouds, No Terms Disclosed",2019-05-09 08:05:00-04:00,NVDA,2019-05-09
Autonomous Driving Startup Drivent Comes Out Of Stealth Mode,2019-05-08 15:03:00-04:00,NVDA,2019-05-08
"Many stocks are trading lower amid continued uncertainty about the future of trade between the US and China, and concerns on U.S. sanctions on Iran and Venezuela.",2019-05-07 11:19:00-04:00,NVDA,2019-05-07
"Boeing, Caterpillar, Chipmakers Retreat After Trump Threats To Raise China Tariffs",2019-05-06 10:06:00-04:00,NVDA,2019-05-06
Shares of several multinational companies are trading lower following a tweet from President Trump which hinted at additional tariffs on China and China indicated it may back out of upcoming trade negotiations.,2019-05-06 09:17:00-04:00,NVDA,2019-05-06
"NVIDIA To Report Q1 Earnings On Thurs., May 16, 2019 After Market Close",2019-05-02 18:36:00-04:00,NVDA,2019-05-03
"Analysts Impressed With AMD's Execution, Pipeline Following Solid Q1 Results",2019-05-01 12:17:00-04:00,NVDA,2019-05-01
Shares of several semi/microchip companies are trading higher after Advanced Micro Devices reported better-than-expected Q1 EPS and sales results.,2019-04-30 16:29:00-04:00,NVDA,2019-05-01
"You're Entering the ""Show-Me State"" As Chip Firms Get Ready To Report",2019-04-30 11:05:00-04:00,NVDA,2019-04-30
"Intel Guidance Disappoints, But Earnings Season Overall Has Surprised To Upside",2019-04-26 10:01:00-04:00,NVDA,2019-04-26
Shares of several semiconductors and microchip stocks are trading lower in sympathy with Intel after it issued worse-than-expected Q2 and FY19 guidance.,2019-04-26 09:37:00-04:00,NVDA,2019-04-26
"AMD Shares Trading 1.7% Higher, NVIDIA Down 2.6%, Micron Down 2.4% Following Q1 Earnings And Q2 Guidance From Intel",2019-04-25 16:40:00-04:00,NVDA,2019-04-26
Shares of several companies in the semiconductor and microchip sector are trading lower after Xilinx reported Q4 earnings. Xilinx reported weakness in the data center and TME end markets.,2019-04-25 13:50:00-04:00,NVDA,2019-04-25
Seeing Weakness In Several Semiconductor And Microchip Stocks; Susquehanna Analyst Christopher Rolland Tells Benzinga The Sector Is Weak On The Back Of Xilinx Earnings.,2019-04-25 13:46:00-04:00,NVDA,2019-04-25
"Big Chip Q1 Earnings Preview: A Focus On Industry Downturn, Product Delays, Competitive Dynamics, New Tech",2019-04-25 12:26:00-04:00,NVDA,2019-04-25
NVIDIA Option Alert: May 3 $187.5 Calls Sweep (3) near the Ask: 814 @ $3.951 vs 2432 OI; Earnings 5/9 After Close [est] Ref=$186.44,2019-04-25 11:40:00-04:00,NVDA,2019-04-25
Shares of several microchip and semiconductor stocks are trading higher after Texas Instruments and Silicon Laboratories reported strong quarterly results.,2019-04-24 11:11:00-04:00,NVDA,2019-04-24
Quarterhill's Wi-LAN Reports Polaris Innovations Subsidiary Granted Term License For Certain Patents Owned By Polaris To NVIDIA As Well As Options for NVIDIA To Renew Through Life Of Patents,2019-04-23 07:56:00-04:00,NVDA,2019-04-23
Another Electric Vehicle ETF Revs Up,2019-04-19 09:40:00-04:00,NVDA,2019-04-19
"Jim Cramer Shares His Thoughts On AMD, Gilead, Nvidia And More",2019-04-18 07:30:00-04:00,NVDA,2019-04-18
"Hot, Fresh Earnings On The Menu As Netflix, Morgan Stanley Results In Focus",2019-04-17 09:56:00-04:00,NVDA,2019-04-17
"DZ Bank Downgrades NVIDIA To Sell, Announces $170 Target",2019-04-12 09:10:00-04:00,NVDA,2019-04-12
Ad Revenue Another Big Catalyst For The Esports ETF,2019-04-11 10:49:00-04:00,NVDA,2019-04-11
Seeing weakness in the microchip and semiconductor space. Not currently seeing any news to justify price action.,2019-04-09 11:24:00-04:00,NVDA,2019-04-09
"UPDATE: Nomura Initiates NVIDIA With Neutral, $147 Target As Firm Believes Co's Current Valuation Factors In Co's 'impressive history of developing new markets for its products, and the computing accelerator and automotive' Market Opportunities",2019-04-03 10:35:00-04:00,NVDA,2019-04-03
"Nomura Initiates Coverage On Semi Stocks, Picks AMD And Intel As Winners",2019-04-03 09:58:00-04:00,NVDA,2019-04-03
"Shares of several semiconductor companies are trading higher after a report stating AMD sales will increase ""sharply"" in the second half of 2019 given a ramp up in CPU and GPU shipments for notebooks, motherboards, and servers.",2019-04-03 09:47:00-04:00,NVDA,2019-04-03
"Benzinga's Top Upgrades, Downgrades For April 3, 2019",2019-04-03 09:16:00-04:00,NVDA,2019-04-03
"Nomura Initiates Coverage On NVIDIA with Neutral Rating, Announces $147 Price Target",2019-04-03 07:38:00-04:00,NVDA,2019-04-03
Shares of several semiconductor stocks are trading higher following strong manufacturing data from China after a guidance warning by Infineon last week dragged the sector lower. Strength may also be related to news of a lower value-added tax in China and positive US manufacturing data.,2019-04-01 13:33:00-04:00,NVDA,2019-04-01
"Stifel Nicolas Analyst Kevin Cassidy, When Asked About News Impacting Semiconductor Sector, Tells Benzinga, 'I think it's the news of lower VAT and positive PMI data for March'",2019-04-01 13:18:00-04:00,NVDA,2019-04-01
NVIDIA's Director of Technical Marketing Tom 'TAP' Petersen Departs for Intel,2019-03-31 12:07:00-04:00,NVDA,2019-03-31
Nvidia Gets Boost From Bullish Piper Jaffray Initiation,2019-03-26 13:05:00-04:00,NVDA,2019-03-26
"Benzinga's Top Upgrades, Downgrades For March 26, 2019",2019-03-26 09:18:00-04:00,NVDA,2019-03-26
NVIDIA shares are trading higher after Piper Jaffray initiated coverage on the stock with an Overweight rating and announced a $200 price target.,2019-03-26 08:10:00-04:00,NVDA,2019-03-26
Piper Jaffray Sees Opportunity For NVIDIA To Significantly Expand Margins,2019-03-26 06:48:00-04:00,NVDA,2019-03-26
"PiperJaffray Initiates Coverage On NVIDIA with Overweight Rating, Announces $200 Price Target",2019-03-26 06:33:00-04:00,NVDA,2019-03-26
Shares of the overall market are trading lower after the yield curve inverted for the first time since 2007; some attribute this as a sign of the economy slowing.,2019-03-22 15:27:00-04:00,NVDA,2019-03-22
The Place To Be With Israel ETFs,2019-03-22 11:12:00-04:00,NVDA,2019-03-22
Light Goes From Green To Red As Weak European Data Puts Brakes On U.S. Rally,2019-03-22 09:55:00-04:00,NVDA,2019-03-22
Shares of several semiconductor stocks are trading higher after Micron reported better-than-expected Q2 EPS and revenue; the company's CEO also stated they expect NAND bit supply growth in FY20 to be below industry demand.,2019-03-21 10:16:00-04:00,NVDA,2019-03-21
"Sell-Side Largely Bullish On Nvidia, With Eye On Anticipated Second-Half Recovery",2019-03-20 10:19:00-04:00,NVDA,2019-03-20
"Fed And FedEx: While Fed Meeting Dominates News, Don't Forget Trade Situation",2019-03-20 09:48:00-04:00,NVDA,2019-03-20
70 Biggest Movers From Yesterday,2019-03-20 05:36:00-04:00,NVDA,2019-03-20
Samsung CEO Sees Intensified Competition in Chip Market Due to Oversupply,2019-03-19 20:19:00-04:00,NVDA,2019-03-20
45 Stocks Moving In Tuesday's Mid-Day Session,2019-03-19 13:21:00-04:00,NVDA,2019-03-19
45 Stocks Moving In Tuesday's Mid-Day Session,2019-03-19 13:10:00-04:00,NVDA,2019-03-19
"AMD Analyst Says Cloud Gaming A Good Opportunity, But Stock Is 'Ahead Of Itself'",2019-03-19 12:27:00-04:00,NVDA,2019-03-19
ON Semiconductor Collaborates With NVIDIA On Cloud-Based Autonomous Vehicle Simulation,2019-03-19 12:00:00-04:00,NVDA,2019-03-19
Analysts Dissect Nvidia's Product Announcements: 'Evolutionary Rather Than Game-Changing',2019-03-19 11:04:00-04:00,NVDA,2019-03-19
NVIDIA shares are trading higher after the company teamed up with Amazon Web Services IoT to bring AI to millions of connected devices.,2019-03-19 10:22:00-04:00,NVDA,2019-03-19
NVIDIA Teams with Amazon Web Services to Bring AI  to Millions of Connected Devices,2019-03-19 04:41:00-04:00,NVDA,2019-03-19
Shares of several semiconductor companies are trading higher after Broadcom reported better-than-expected Q1 EPS and issued strong FY19 guidance.,2019-03-15 09:55:00-04:00,NVDA,2019-03-15
Pro: Nvidia's Stock At A Tipping Point,2019-03-14 13:12:00-04:00,NVDA,2019-03-14
Global Barometer: Oracle Earnings Could Provide Insight On Economy,2019-03-14 10:52:00-04:00,NVDA,2019-03-14
China Might Take Some Starch Out of U.S. Rally With More Weak Economic Data,2019-03-14 10:17:00-04:00,NVDA,2019-03-14
What's Next For Nvidia And Mellanox?,2019-03-12 17:00:00-04:00,NVDA,2019-03-13
"Starboard Value Comments Following News Of NVIDIA Offer To Mellanox, Says Has Sold Its Entire Position In Mellanox",2019-03-12 16:12:00-04:00,NVDA,2019-03-13
"Brexit Time Again: As Parliament Votes, U.S. Stocks Have Mixed Tone With Boeing Down",2019-03-12 10:00:00-04:00,NVDA,2019-03-12
50 Biggest Movers From Yesterday,2019-03-12 05:04:00-04:00,NVDA,2019-03-12
The Early Reaction To Nvidia's Acquisition Of Mellanox,2019-03-11 14:46:00-04:00,NVDA,2019-03-11
Mid-Afternoon Market Update: Crude Oil Up 1.2%; Yatra Online Shares Spike Higher,2019-03-11 14:44:00-04:00,NVDA,2019-03-11
40 Stocks Moving In Monday's Mid-Day Session,2019-03-11 12:02:00-04:00,NVDA,2019-03-11
Mid-Day Market Update: NASDAQ Rises Over 100 Points; Axovant Sciences Shares Surge,2019-03-11 12:00:00-04:00,NVDA,2019-03-11
NVIDIA shares are trading higher after the company announced it will acquire Mellanox Technologies for $6.9 billion.,2019-03-11 10:59:00-04:00,NVDA,2019-03-11
Mid-Morning Market Update: Markets Mostly Higher; Nvidia To Buy Mellanox Technologies For $6.9B,2019-03-11 10:35:00-04:00,NVDA,2019-03-11
"From NVIDIA Call To Discuss Mellanox Purchase: CFO Says Mgmt. To Focus Rest Of Calendar Year To Close Deal, Notes Approval In US, China Still Needed",2019-03-11 08:57:00-04:00,NVDA,2019-03-11
Nvidia To Buy Mellanox Technologies For $6.9B,2019-03-11 08:40:00-04:00,NVDA,2019-03-11
A Peek Into The Markets: Boeing Leads Dow Futures Lower,2019-03-11 07:17:00-04:00,NVDA,2019-03-11
Mellanox to be Acquired by NVIDIA for $125/Share Cash,2019-03-11 07:04:00-04:00,NVDA,2019-03-11
"7 Stocks To Watch For March 11, 2019",2019-03-11 04:55:00-04:00,NVDA,2019-03-11
Nvidia Near Deal to Acquire Mellanox Technologies for $7B+ in Cash,2019-03-10 14:19:00-04:00,NVDA,2019-03-10
Do You Love Cult Stocks?,2019-03-08 14:34:00-05:00,NVDA,2019-03-08
'Global semiconductor market dips for first time in 30 months; Shrinking demand from data centers and China blamed for decline' -Nikkei Asian Review,2019-03-07 14:10:00-05:00,NVDA,2019-03-07
Semiconductor Industry Association Reports 7.2% Decline in Global Chip Sales in January,2019-03-06 04:19:00-05:00,NVDA,2019-03-06
"As Trade Optimism Grows, Markets Turn Green and Boeing, Caterpillar Among Leaders",2019-02-25 09:52:00-05:00,NVDA,2019-02-25
"Barron's Picks And Pans: Apple, Altria, Micron Technology, Nvidia And More",2019-02-23 16:31:00-05:00,NVDA,2019-02-25
Why This Analyst Sees 25% Upside In NVIDIA,2019-02-22 15:43:00-05:00,NVDA,2019-02-22
"UPDATE: Atlantic Equities Initiates NVIDIA With Overweight And A $195 Target As Firm Believes 'the headwinds are transitory and growth should re-accelerate given underlying fundamentals, leaving the recent sell-off creating an attractive entry point'",2019-02-22 12:16:00-05:00,NVDA,2019-02-22
"Atlantic Equities Initiates Coverage On NVIDIA with Overweight Rating, Announces $195 Price Target",2019-02-22 09:52:00-05:00,NVDA,2019-02-22
An Electric Outlook For The Esports ETF,2019-02-19 13:40:00-05:00,NVDA,2019-02-19
"Nvidia Shares Up After Earnings, But A Weak Recovery Does Not Bode Well For The Chart",2019-02-15 14:45:00-05:00,NVDA,2019-02-15
52 Stocks Moving In Friday's Mid-Day Session,2019-02-15 12:35:00-05:00,NVDA,2019-02-15
"Benzinga Pro's Top 10 Most-Searched Tickers For Afternoon Of Fri., Feb. 15, 2019",2019-02-15 12:35:00-05:00,NVDA,2019-02-15
Analysts: Nvidia Needs A Big Second Half Of 2019,2019-02-15 12:28:00-05:00,NVDA,2019-02-15
"Benzinga Pro's Top 10 Most-Searched Tickers For Morning Of Fri., Feb. 15, 2019",2019-02-15 09:32:00-05:00,NVDA,2019-02-15
31 Stocks Moving In Friday's Pre-Market Session,2019-02-15 08:20:00-05:00,NVDA,2019-02-15
NVIDIA shares are trading higher after the company said it expects 2020 revenue to be roughly the same as 2019 while analysts expected a revenue drop.,2019-02-15 08:09:00-05:00,NVDA,2019-02-15
A Peek Into The Markets: US Stock Futures Edge Higher Ahead Of Economic Reports,2019-02-15 07:20:00-05:00,NVDA,2019-02-15
"UPDATE: Loup's Munster Sees NVIDIA Shares Being 'range bound in the coming months, as investors will likely trim revenue expectations'",2019-02-15 06:21:00-05:00,NVDA,2019-02-15
Loup Ventures' Gene Munster On NVIDIA Results: 'While we are believers in the Nvidia story...we believe that there remains risk to FY20 guidance',2019-02-15 06:20:00-05:00,NVDA,2019-02-15
"10 Stocks To Watch For February 15, 2019",2019-02-15 04:39:00-05:00,NVDA,2019-02-15
7 Stocks Moving In Thursday's After-Hours Session,2019-02-14 17:16:00-05:00,NVDA,2019-02-15
Nvidia Shares Spike Higher Following Q4 Earnings Beat,2019-02-14 16:30:00-05:00,NVDA,2019-02-15
"NVIDIA Q4 EPS $0.80 vs $0.75 Reuters Estimate, Sales $2.21B Beat $2.2B Reuters Estimate",2019-02-14 16:20:00-05:00,NVDA,2019-02-15
"Oppenheimer On Feb. 11 Previewed NVIDIA Earnings, Said Sees 'negative bias to Street Q1 sales/EPS,' Noted Q4 Guidance Cut Stemmed From 'lingering Pascal-crypto drag, though most of the incremental weakness came from DC and high-end Turing GPU demand'",2019-02-14 15:57:00-05:00,NVDA,2019-02-14
"NVIDIA To Report Q4 Earnings After The Closing Bell, Co. Historically Issues Its Report At 4:20 p.m. ET; Things To Watch Include Gaming And Datacenter Revenue, For Which The Company Previously Guidance",2019-02-14 15:30:00-05:00,NVDA,2019-02-14
"11 Stocks To Watch For February 14, 2019",2019-02-14 04:52:00-05:00,NVDA,2019-02-14
"Earnings Scheduled For February 14, 2019",2019-02-14 04:21:00-05:00,NVDA,2019-02-14
Bernstein Downgrades 'Hamstrung' Nvidia,2019-02-11 10:23:00-05:00,NVDA,2019-02-11
"Benzinga Pro's Top 10 Most-Searched Tickers For Morning Of Monday, February 11, 2019",2019-02-11 09:44:00-05:00,NVDA,2019-02-11
10 Biggest Price Target Changes For Monday,2019-02-11 09:39:00-05:00,NVDA,2019-02-11
"Benzinga's Top Upgrades, Downgrades For February 11, 2019",2019-02-11 09:10:00-05:00,NVDA,2019-02-11
NVIDIA shares are trading lower after Bernstein downgraded the stock from outperform to market preform and lowered the price target from $250 to $175.,2019-02-11 08:45:00-05:00,NVDA,2019-02-11
"UPDATE: Bernstein Downgrades Nvidia As Firm Notes 'the latest cut appears much more fundamentally demand-driven, with the question of the ""true"" run-rate of the gaming business remaining up in the air for now'",2019-02-11 08:20:00-05:00,NVDA,2019-02-11
"Bernstein Downgrades NVIDIA to Market Perform, Lowers Price Target to $175",2019-02-11 07:32:00-05:00,NVDA,2019-02-11
"Hearing CalPERS Reduced Holdings In Apple, Amazon, Microsoft, Exxon Mobil, JP Morgan, Facebook And NVIDIA In Q4",2019-02-08 15:12:00-05:00,NVDA,2019-02-08
Weak Eurozone Forecast Add To Concerns About Global Growth,2019-02-07 11:39:00-05:00,NVDA,2019-02-07
Shares of several semiconductors are trading lower after NXP Semiconductors provided weak Q1 sales guidance.,2019-02-07 11:08:00-05:00,NVDA,2019-02-07
Semiconductor and microchip stocks are trading higher after Microchip Technology reported strong earnings and Skyworks reported a $2 billion buyback.,2019-02-06 09:57:00-05:00,NVDA,2019-02-06
AMD Falls As Major Shareholder Sells,2019-02-05 08:17:00-05:00,NVDA,2019-02-05
Cypress Semiconductor Corp shares are trading higher after the company beat Q4 earnings estimates; shares of other semiconductor stocks are trading slightly higher in sympathy.,2019-01-31 17:35:00-05:00,NVDA,2019-02-01
"Earnings, Volatility, Brexit Are Key Topics Heading Into February",2019-01-31 15:05:00-05:00,NVDA,2019-01-31
NVIDIA Option Alert: Fri $136 Calls Sweep (2) near the Ask: 500 @ $2.9 vs 1359 OI; Earnings 2/7 After Close [est] Ref=$136.9,2019-01-30 15:12:00-05:00,NVDA,2019-01-30
Analysts Weigh In On AMD Earnings Relief Rally,2019-01-30 13:07:00-05:00,NVDA,2019-01-30
Chip and semiconductor stocks are trading higher following Apple and AMD earnings; Apple beat Q1 estimates and AMD reported Q4 margin improvement.,2019-01-30 12:53:00-05:00,NVDA,2019-01-30
Analysts React To Nvidia's Guidance Cut,2019-01-29 14:25:00-05:00,NVDA,2019-01-29
"Apple Today, Powell Tomorrow: Busy Earnings And Fed Week Continues",2019-01-29 12:22:00-05:00,NVDA,2019-01-29
"Top 3 Price Prediction Bitcoin, Ripple, Ethereum: Suffers Amid NVidia And QuadrigaCX As Technical Levels Weigh",2019-01-29 11:29:00-05:00,NVDA,2019-01-29
Nvidia shares are trading lower on continued weakness; Multiple analyst have downgraded the stock and cut price targets following the company's guidance cut.,2019-01-29 11:18:00-05:00,NVDA,2019-01-29
"UBS Turns Bullish On Nvidia After Guidance Cut, Sees Buying Opportunity",2019-01-29 11:10:00-05:00,NVDA,2019-01-29
8 Biggest Price Target Changes For Tuesday,2019-01-29 09:53:00-05:00,NVDA,2019-01-29
"Morgan Stanley Downgrades Nvidia, Faces 'More Significant Challenges' Than Expected",2019-01-29 09:38:00-05:00,NVDA,2019-01-29
"Benzinga Pro's Top 10 Most-Searched Tickers For Morning Of Tues., Jan. 29, 2019",2019-01-29 09:28:00-05:00,NVDA,2019-01-29
"UPDATE: Needham Downgrades NVIDIA And Removes $225 Price Target As Firm Believes 'end demand will deteriorate further in its core markets, gaming (54% of sales) and datacenter (25%) driven by an ongoing deceleration in the Chinese economy'",2019-01-29 09:18:00-05:00,NVDA,2019-01-29
"Benzinga's Top Upgrades, Downgrades For January 29, 2019",2019-01-29 09:15:00-05:00,NVDA,2019-01-29
"UPDATE: Morgan Stanley Downgrades NVIDIA As Firm Notes 'Missing the quarter this badly in gaming indicates more significant challenges than we had anticipated, given that this is still a channel fill quarter for midrange/high end'",2019-01-29 09:13:00-05:00,NVDA,2019-01-29
"UPDATE: UBS Upgrades NVIDIA As Firm Notes 'Important Q's remain unanswered, but we believe the ~20% miss to FQ4:19 (Jan '19) revenue and -15% stock move finally sets the stage for a new positive revision cycle starting this summer'",2019-01-29 08:47:00-05:00,NVDA,2019-01-29
Needham Downgrades NVIDIA to Underperform,2019-01-29 07:42:00-05:00,NVDA,2019-01-29
"Morgan Stanley Downgrades NVIDIA to Equal-Weight, Lowers Price Target to $148",2019-01-29 07:25:00-05:00,NVDA,2019-01-29
"UBS Upgrades NVIDIA to Buy, Lowers Price Target to $180",2019-01-29 06:54:00-05:00,NVDA,2019-01-29
50 Biggest Movers From Yesterday,2019-01-29 05:17:00-05:00,NVDA,2019-01-29
Morgan Stanley Downgrades Nvidia to Equal-Weight from Overweigth; Lowers Prices Target to $148 from $220,2019-01-29 05:09:00-05:00,NVDA,2019-01-29
36 Stocks Moving In Monday's Mid-Day Session,2019-01-28 12:50:00-05:00,NVDA,2019-01-28
Mid-Morning Market Update: Markets Open Lower; Caterpillar Profit Misses Expectations,2019-01-28 10:19:00-05:00,NVDA,2019-01-28
"Nvidia Cuts Q4 Sales Guidance, Chips Stocks Tumble",2019-01-28 10:04:00-05:00,NVDA,2019-01-28
"Shares of NVIDIA are trading lower after the company cut Q4 guidance, citing weaker sales in its gaming and datacenter platforms.",2019-01-28 09:10:00-05:00,NVDA,2019-01-28
"VanEck Vectors Semiconductor ETF Down 2.4% Following Q4 Sales, Gross Margin Guidance Cut From NVIDIA",2019-01-28 09:07:00-05:00,NVDA,2019-01-28
"NVIDIA Shares Down 9% Following Q4 Sales, Gross Margin Guidance Cut; AMD Shares Down 4.3%, Seagate Down 3.2%, Micron Down 2.5%, Intel, Western Digital Down 1.5%, Texas Instruments Down 1%",2019-01-28 09:05:00-05:00,NVDA,2019-01-28
"NVIDIA Guidance Cut Reflects 'Weaker Than Forecasted' Sales Of Its Gaming And Datacenter Platforms,",2019-01-28 09:03:00-05:00,NVDA,2019-01-28
NVIDIA Cuts Q4 Gross Margin Guidance From ~62.5% To ~56.0%,2019-01-28 09:02:00-05:00,NVDA,2019-01-28
NVIDIA Cuts Q4 Sales Guidance From $2.7B To $2.2B vs $2.7B Est.,2019-01-28 09:01:00-05:00,NVDA,2019-01-28
Breaking Down The Incredible Rise Of Esports,2019-01-26 16:06:00-05:00,NVDA,2019-01-28
NVIDIA shares are trading lower potentially on rumors that Jefferies removed the stock from their Franchise Pick List.,2019-01-25 09:40:00-05:00,NVDA,2019-01-25
Hearing Jefferies Removes NVIDIA From Franchise Pick List; Unconfirmed,2019-01-25 08:04:00-05:00,NVDA,2019-01-25
IC Insights Reports Semiconductor Unit Shipments Topped 1 Trillion In 2018,2019-01-25 04:53:00-05:00,NVDA,2019-01-25
Stocks in the semiconductor space are trading down following concerning earnings reports from Western Digital and Intel; Intel also issued weak guidance estimates.,2019-01-24 17:11:00-05:00,NVDA,2019-01-25
9 Stocks Moving In Thursday's After-Hours Session,2019-01-24 17:00:00-05:00,NVDA,2019-01-25
"Other Semi Stocks Fall Following Concerning Earnings From Intel, Western Digital: NVIDIA Shares Down 2.7%, AMD Down 2.5%, Seagate Down 2.4%, Micron Down 2.1%,",2019-01-24 16:27:00-05:00,NVDA,2019-01-25
Semiconductor stocks are trading higher following strong earnings from multiple large companies in the space.,2019-01-24 12:16:00-05:00,NVDA,2019-01-24
35 Stocks Moving In Thursday's Pre-Market Session,2019-01-24 08:01:00-05:00,NVDA,2019-01-24
"Big Chip Earnings Preview: Intel, AMD Set To Report Amid Changing Competitive Landscape, Cycle Risk",2019-01-23 12:17:00-05:00,NVDA,2019-01-23
Motherboard Manufacturers to See Shipments plummet in Q1 2019,2019-01-23 04:12:00-05:00,NVDA,2019-01-23
Chip and semiconductor stocks are trading lower; Dip may be related to ongoing concerns over China growth and trade talks.,2019-01-22 14:34:00-05:00,NVDA,2019-01-22
Shares of semiconductor stocks are trading higher potentially due to renewed optimism in US-China relations.,2019-01-18 12:51:00-05:00,NVDA,2019-01-18
"JP Morgan Sees A 'Solid entry point for long-term investors - top pick remains AVGO, and we also
favor NVDA, INTC, MXIM, MU, IPHI and MLNX' As Firm Sees 'value in semi stocks' And Thinks 'weak sentiment and estimate cuts are largely priced' IN",2019-01-17 09:35:00-05:00,NVDA,2019-01-17
"Tech Sector Earnings: Revenue Growth Widely Expected To Slow, Will Global Uncertainty Weigh?",2019-01-16 14:43:00-05:00,NVDA,2019-01-16
"Benzinga's Bulls & Bears Of The Week: Delta Air, McDonald's, Netflix, Nokia, Tesla And More",2019-01-12 15:26:00-05:00,NVDA,2019-01-12
Morgan Stanley's Key CES Takeaways For Semi Companies,2019-01-10 16:34:00-05:00,NVDA,2019-01-11
Nvidia's Huang Dismisses Rival AMD's Latest Graphics Card As 'Underwhelming',2019-01-10 14:32:00-05:00,NVDA,2019-01-10
Goldman Sachs Shares Semiconductor Stock Picks For A Challenging 2019,2019-01-08 15:49:00-05:00,NVDA,2019-01-08
4 Tech Stocks That Are Showing Signs Of Life Right Now,2019-01-08 15:34:00-05:00,NVDA,2019-01-08
Credit Suisse Sounds Alarm On Risks To Nvidia Estimates,2019-01-08 11:43:00-05:00,NVDA,2019-01-08
Semiconductor stocks are trading lower after Goldman Sachs analysts announced they expect a 'challenging' 2019 for the space.,2019-01-08 10:55:00-05:00,NVDA,2019-01-08
"Goldman Expects '2019 to be another challenging year for Semis, particularly in 1H'; Firm Is 'least negative on Semi Cap Equipment as the stocks already seem to be pricing in a downturn'",2019-01-08 09:41:00-05:00,NVDA,2019-01-08
NVIDIA Introduces DRIVE AutoPilot Automated Driving System,2019-01-07 17:13:00-05:00,NVDA,2019-01-08
NVIDIA shares are trading higher after the company announced a new gaming chip at CES 2019.,2019-01-07 14:39:00-05:00,NVDA,2019-01-07
"Jon Najarian Sees Big Options Activity In Johnson & Johnson, Nvidia",2019-01-07 14:24:00-05:00,NVDA,2019-01-07
Several Apple supplier shares are trading lower after Apple lowered Q1 sales expectations by 7.7%.,2019-01-03 09:03:00-05:00,NVDA,2019-01-03
Tech stocks shares are trading lower after Apple cut Q1 sales guidance drastically.,2019-01-02 16:44:00-05:00,NVDA,2019-01-03
"'DRAM Market to See Lower Capital Expenditure and Moderated Bit Output in 2019 Due to Weak Demand, Says TrendForce' -DRAMeXchange Earlier Reported",2019-01-02 10:59:00-05:00,NVDA,2019-01-02
Supply Chain Conservative About 2019 Mining Asic Outlook,2019-01-02 04:05:00-05:00,NVDA,2019-01-02
'Fortnite' Creator Turns $3B Profit In 2018: The Stocks That Benefit,2018-12-31 16:04:00-05:00,NVDA,2019-01-01
NVIDIA Option Alert: Mar 15 $130 Calls at the Ask: 2250 @ $15.45 vs 374 OI; Earnings 2/7 After Close [est] Ref=$133.27,2018-12-31 11:31:00-05:00,NVDA,2018-12-31
"Shares of chip stocks are trading lower after RBC analysts reportedly issued cautious commentary on NVIDIA, citing potential softness in the gaming sector.",2018-12-27 12:20:00-05:00,NVDA,2018-12-27
"UPDATE: RBC On NVIDIA, AMD: 'We have noticed ASPs for GPUs coming down in the secondary market (Newegg, Amazon.com, eBay). For this reason, we adjust our estimates slightly to reflect potential gaming softness'",2018-12-27 11:07:00-05:00,NVDA,2018-12-27
"RBC Capital Reiterates Outperform On NVIDIA, Lowers Price Target From $230 To $200",2018-12-27 11:06:00-05:00,NVDA,2018-12-27
"Bank Of America Cuts AMD Target By 10%, Still Bullish In The Long Term",2018-12-20 12:56:00-05:00,NVDA,2018-12-20
"Intel, NVIDIA, and Advanced Micro Devices are trading lower in sympathy with Micron after the company issued concerning Q2 guidance and cut its DRAM bit output growth forecasts.",2018-12-19 11:35:00-05:00,NVDA,2018-12-19
"Micron Shares Down 7.6% Following Mixed Q1 Report, Concerning Outlook; Other Chip Stocks Trading Down In Sympathy: AMD Shares Down 1.7%, NVIDIA Down 1.5%, Intel Down 0.8%",2018-12-18 17:22:00-05:00,NVDA,2018-12-19
"Citi Adds Nvidia, Marvell Technology To Holiday Shopping List",2018-12-13 13:12:00-05:00,NVDA,2018-12-13
"UPDATE: Citi On NVIDIA Being Added To 'Shopping List,' Cites 'Post Crypto Reset'",2018-12-13 08:43:00-05:00,NVDA,2018-12-13
Citi Adds NVIDIA To Its 'Semis Christmas Shopping List',2018-12-13 08:43:00-05:00,NVDA,2018-12-13
SEMI Reports Semiconductor Equipment Sales to Rise to Record High in 2018,2018-12-13 04:28:00-05:00,NVDA,2018-12-13
Nvidia Bounces Back After News Of Potential SoftBank Sale,2018-12-12 10:50:00-05:00,NVDA,2018-12-12
NVIDIA Option Alert: Dec 28 $172.5 Calls Sweep (3) near the Ask: 537 @ $0.49 vs 337 OI; Earnings 2/7 After Close [est] Ref=$150.265,2018-12-12 10:23:00-05:00,NVDA,2018-12-12
10 Biggest Price Target Changes For Wednesday,2018-12-12 09:40:00-05:00,NVDA,2018-12-12
"RBC Capital Maintains Outperform on NVIDIA, Lowers Price Target from $260 to $230",2018-12-12 08:41:00-05:00,NVDA,2018-12-12
Hearing Softbank Considering Plan To Sell Stake In NVIDIA In 2019,2018-12-11 14:11:00-05:00,NVDA,2018-12-11
Downside In NVIDIA Shares Intensifies Over Last Few Mins. As $148 Level Breaks Down; Shares Down 4% For Session,2018-12-11 14:10:00-05:00,NVDA,2018-12-11
Intel CPU Shortages May Impact Notebook ODM's in H1 2019,2018-12-11 04:01:00-05:00,NVDA,2018-12-11
'AMD is readying graphics cards to take on Nvidia's GeForce RTX range' -Tech Radar,2018-12-04 10:42:00-05:00,NVDA,2018-12-04
"Boeing, Lennar, Nvidia, Gold ETF: 'Fast Money' Picks For December 3",2018-12-03 07:44:00-05:00,NVDA,2018-12-03
Nvidia shares trading up 2.7% after IHS reported worldwide semiconductor revenue hit a record of $129.8B in Q3.,2018-11-30 11:09:00-05:00,NVDA,2018-11-30
Heading South: G20 Meeting In Argentina Puts China Trade Squarely in Focus,2018-11-30 10:02:00-05:00,NVDA,2018-11-30
IHS Reports Worldwide Semiconductor Revenue Hits Record $129.8B in Q3 2018,2018-11-30 04:00:00-05:00,NVDA,2018-11-30
"Nvidia And Epic Games Bartering On Fortnite Bundle, Variety Reports",2018-11-29 15:52:00-05:00,NVDA,2018-11-29
"Stocks Trading Ex Dividend For Thurs., Nov. 29, 2018",2018-11-29 10:48:00-05:00,NVDA,2018-11-29
"Stocks That Will Be Trading Ex Dividend Thurs., Nov. 29, 2018",2018-11-28 11:37:00-05:00,NVDA,2018-11-28
"Watching Semiconductor Stocks, The VanEck Semi ETF Amid Circulation Of Comment From Citi Highlighting A Belief An 'Extreme' Component Of The Trump Admin.'s Crack Down On US Exports Could Include A Ban On The Sale Of US Semi Components To China",2018-11-27 13:02:00-05:00,NVDA,2018-11-27
KeyBanc Sees 'Significant Runway' For AMD In Cloud Data Processors,2018-11-26 15:05:00-05:00,NVDA,2018-11-26
"Benzinga Pro's Top 10 Most-Searched Tickers For Morning Of Mon., Nov. 26, 2018",2018-11-26 10:50:00-05:00,NVDA,2018-11-26
"Benzinga's Top Upgrades, Downgrades For November 26, 2018",2018-11-26 09:01:00-05:00,NVDA,2018-11-26
"Credit Suisse Initiates Coverage On NVIDIA with Outperform Rating, Announces $225 Price Target",2018-11-26 06:53:00-05:00,NVDA,2018-11-26
"Benzinga Pro's Top 10 Most-Searched Tickers For Morning Of Wed., Nov. 21, 2018",2018-11-21 11:08:00-05:00,NVDA,2018-11-21
"Stocks Which Set New 52-Week Low Yesterday, Tues., Nov. 20, 2018",2018-11-21 08:50:00-05:00,NVDA,2018-11-21
20 Stocks Moving In Wednesday's Pre-Market Session,2018-11-21 08:01:00-05:00,NVDA,2018-11-21
'U.S. chipmaker Nvidia to provide AI platform for Chinese EV start-ups' -Earlier Reuters Report,2018-11-21 07:21:00-05:00,NVDA,2018-11-21
"NVIDIA Shares Up 3% Wed. Morning Following 3% Rebound Tues.; Stock Coming Off Its Fourth-Worst 2-Day Stretch, Had Fallen 28.5% Over Fri., Mon. Sessions",2018-11-21 07:20:00-05:00,NVDA,2018-11-21
This Leveraged ETF Rapidly Became One Of November's Best,2018-11-20 16:06:00-05:00,NVDA,2018-11-21
"Citron Turns Bullish On Nvidia, But Technicals Still Look Ugly",2018-11-20 13:42:00-05:00,NVDA,2018-11-20
NVIDIA Option Alert: Mar 15 $175 Calls Sweep (2) near the midpoint: 600 @ $9.95 vs 566 OI; Ref=$147.11,2018-11-20 10:27:00-05:00,NVDA,2018-11-20
'Citron buys $NVDA.  This is the first time in 2 years stock offers an appealing risk-reward to investors.  $NVDA still a player in AI and Data..will eat through inventory issue. We see $165 before we see 120...' -Citron Research Tweets,2018-11-20 10:18:00-05:00,NVDA,2018-11-20
"Benzinga Pro's Top 10 Most-Searched Tickers For Morning Of Tues., Nov. 20, 2018",2018-11-20 10:17:00-05:00,NVDA,2018-11-20
Exane BNP Paribas Downgrades NVIDIA to Underperform,2018-11-20 09:52:00-05:00,NVDA,2018-11-20
"Stocks Which Set New 52-Week Low Yesterday, Mon., Nov. 19, 2018",2018-11-20 09:12:00-05:00,NVDA,2018-11-20
"Benzinga Pro's Top 10 Most-Searched Tickers For Afternoon Of Mon., Nov. 19, 2018",2018-11-19 13:34:00-05:00,NVDA,2018-11-19
"Several tech and tech-related stocks moving lower despite no company-specific news; Move may be linked to reports Apple cut iPhone production orders, as well as sell off in the overall market.",2018-11-19 12:04:00-05:00,NVDA,2018-11-19
"Stocks Which Set New 52-Week Lows Fri., Nov. 16, 2018",2018-11-19 10:16:00-05:00,NVDA,2018-11-19
55 Biggest Movers From Friday,2018-11-19 05:53:00-05:00,NVDA,2018-11-19
Nvidia Gets Burned On Earnings: This Chart Shows More Pain Ahead,2018-11-16 14:50:00-05:00,NVDA,2018-11-16
48 Stocks Moving In Friday's Mid-Day Session,2018-11-16 13:15:00-05:00,NVDA,2018-11-16
The Chips Are Down: Weak Forecasts Hurt Semiconductor Stocks,2018-11-16 12:50:00-05:00,NVDA,2018-11-16
Mid-Day Market Update: Natural Grocers Climbs Following Strong Q4 Results; Chi-Med Shares Plummet,2018-11-16 12:32:00-05:00,NVDA,2018-11-16
What To Do With Nvidia's Stock After 20% Fall?,2018-11-16 12:24:00-05:00,NVDA,2018-11-16
"Jefferies Maintains Buy on NVIDIA, Lowers Price Target to $246",2018-11-16 11:55:00-05:00,NVDA,2018-11-16
"Benzinga Pro's Top 10 Most-Searched Tickers For Morning Of Fri., Nov. 16, 2018",2018-11-16 11:18:00-05:00,NVDA,2018-11-16
"Raymond James Maintains Outperform on NVIDIA, Lowers Price Target to $250",2018-11-16 11:04:00-05:00,NVDA,2018-11-16
"BMO Capital Maintains Market Perform on NVIDIA, Lowers Price Target to $175",2018-11-16 10:58:00-05:00,NVDA,2018-11-16
"Nomura Maintains Neutral on NVIDIA, Lowers Price Target to $200",2018-11-16 10:50:00-05:00,NVDA,2018-11-16
Mid-Morning Market Update: Markets Mostly Higher; Viacom Beats Q4 Expectations,2018-11-16 10:47:00-05:00,NVDA,2018-11-16
"Wells Fargo Maintains Outperform on NVIDIA, Lowers Price Target to $235",2018-11-16 10:46:00-05:00,NVDA,2018-11-16
NVIDIA Option Alert: Fri $167.5 Calls Sweep (8) near the Ask: 618 @ $4.0 vs 9 OI; Ref=$170.2824,2018-11-16 10:38:00-05:00,NVDA,2018-11-16
"Stocks Which Set New 52-Week Low Yesterday, Thurs., Nov. 16, 2018",2018-11-16 10:37:00-05:00,NVDA,2018-11-16
"Barclays Maintains Overweight on NVIDIA, Lowers Price Target to $250",2018-11-16 10:28:00-05:00,NVDA,2018-11-16
"Friday Follies: Brexit, Semiconductor, And Tariffs All Take Center Stage",2018-11-16 10:05:00-05:00,NVDA,2018-11-16
"Mizuho Maintains Buy on NVIDIA, Lowers Price Target to $245",2018-11-16 10:04:00-05:00,NVDA,2018-11-16
"Citigroup Maintains Buy on NVIDIA, Lowers Price Target to $244",2018-11-16 10:01:00-05:00,NVDA,2018-11-16
8 Biggest Price Target Changes For Friday,2018-11-16 09:58:00-05:00,NVDA,2018-11-16
"Deutsche Bank Maintains Hold on NVIDIA, Lowers Price Target to $190",2018-11-16 09:55:00-05:00,NVDA,2018-11-16
NVIDIA Option Alert: Jan 18 $240 Calls Sweep (3) near the Ask: 1100 @ $0.384 vs 7227 OI; Ref=$162.3001,2018-11-16 09:33:00-05:00,NVDA,2018-11-16
"Benzinga's Top Upgrades, Downgrades For November 16, 2018",2018-11-16 09:06:00-05:00,NVDA,2018-11-16
"NVIDIA shares down 18.1% following mixed Q3 reports, concerning Q4 sales guidance; AMD shares are down 6.9% in sympathy",2018-11-16 08:50:00-05:00,NVDA,2018-11-16
28 Stocks Moving In Friday's Pre-Market Session,2018-11-16 08:06:00-05:00,NVDA,2018-11-16
"Goldman Sachs Downgrades NVIDIA to Buy, Lowers Price Target to $200",2018-11-16 07:33:00-05:00,NVDA,2018-11-16
"A Peek Into The Markets: US Stock Futures Fall, Dow Futures Down 100 Points",2018-11-16 07:11:00-05:00,NVDA,2018-11-16
"B. Riley FBR Downgrades NVIDIA to Neutral, Lowers Price Target to $190",2018-11-16 06:56:00-05:00,NVDA,2018-11-16
"Loup Venture Publishes 'Nvidia: Despite Earnings Miss, Long-Term Story Still Intact'",2018-11-16 06:39:00-05:00,NVDA,2018-11-16
"7 Stocks To Watch For November 16, 2018",2018-11-16 04:37:00-05:00,NVDA,2018-11-16
8 Stocks Moving In Thursday's After-Hours Session,2018-11-15 18:36:00-05:00,NVDA,2018-11-16
"NVIDIA shares down 18% following mixed Q3 reports, concerning Q4 sales guidance; AMD shares were down 6% in sympathy",2018-11-15 18:09:00-05:00,NVDA,2018-11-16
NVIDIA 10-Q Discusses Crypto Mining Impact On Q3 Earnings,2018-11-15 16:52:00-05:00,NVDA,2018-11-16
Nvidia Plummets Following Lower-Than-Expected Q4 Sales Guidance,2018-11-15 16:47:00-05:00,NVDA,2018-11-16
"NVIDIA Shares Down 16%; Other Chip Stocks Also Moving Lower In Sympathy: AMD Shares Down 6%, Micron Down 2.4%, Intel Down 1%, Texas Instruments Down 0.3%",2018-11-15 16:25:00-05:00,NVDA,2018-11-16
NVIDIA Adds $7B To Buyback,2018-11-15 16:24:00-05:00,NVDA,2018-11-16
NVIDIA Raises Quarterly Dividend From $0.15 To $0.16/Share,2018-11-15 16:21:00-05:00,NVDA,2018-11-16
NVIDIA Sees Q4 Sales $2.7B +/- 2% vs $3.4B Estimate,2018-11-15 16:21:00-05:00,NVDA,2018-11-16
NVIDIA Corporation Q3 Sales $3.181B Miss $3.24B Estimate,2018-11-15 16:20:00-05:00,NVDA,2018-11-16
NVIDIA Corporation Q3 EPS $1.84 Beats $1.71 Estimate,2018-11-15 16:20:00-05:00,NVDA,2018-11-16
NVIDIA To Report Q3 Earnings After The Closing Bell; Co. Historically Issues Its Report At 4:20 p.m. ET,2018-11-15 15:46:00-05:00,NVDA,2018-11-15
Nvidia shares trade up 1.8% ahead of tonight's Q3 earnings; Analysts estimate EPS of $1.71 and revenues of $3.24 billion.,2018-11-15 15:24:00-05:00,NVDA,2018-11-15
"Big Box Bonanza: Walmart Beats Most Estimates, But Brexit Could Steal Attention",2018-11-15 09:52:00-05:00,NVDA,2018-11-15
How Nvidia Historically Trades Following Earnings,2018-11-15 09:35:00-05:00,NVDA,2018-11-15
"Earnings Scheduled For November 15, 2018",2018-11-15 04:54:00-05:00,NVDA,2018-11-15
"10 Stocks To Watch For November 15, 2018",2018-11-15 04:08:00-05:00,NVDA,2018-11-15
"Nvidia Q3 Earnings Preview: Analysts Forecast Data Center, Gaming, Automotive Performance",2018-11-14 15:31:00-05:00,NVDA,2018-11-14
Upcoming Earnings: Tech Giant Nvidia To Report Q3 Results Tomorrow,2018-11-14 10:58:00-05:00,NVDA,2018-11-14
Nvidia shares trade up 5.4% after Susquehanna upgraded the stock from Neutral to Positive and FBR maintained shares at a Buy while lowering their price target to $240/share from $250/share.  Nvidia reports Q3 results Thursday after the market closes.,2018-11-13 13:23:00-05:00,NVDA,2018-11-13
"Benzinga's Top Upgrades, Downgrades For November 13, 2018",2018-11-13 09:18:00-05:00,NVDA,2018-11-13
"B. Riley FBR Maintains Buy on NVIDIA, Lowers Price Target to $240",2018-11-13 08:44:00-05:00,NVDA,2018-11-13
Susquehanna Upgrades NVIDIA to Positive,2018-11-13 07:29:00-05:00,NVDA,2018-11-13
Goldman Sachs Reiterates Buy Rating And Conviction List Status For Nvidia Ahead Of Q3 Earnings; Analysts Say Near-Term Challenges Exist But Long-Term Secular Growth And Recommends Investors Use Recent Pullback To Buy The Stock,2018-11-12 13:32:00-05:00,NVDA,2018-11-12
"Citigroup Maintains Buy on NVIDIA, Lowers Price Target to $270",2018-11-12 12:35:00-05:00,NVDA,2018-11-12
"Cold Start: Worries About Hawkish Fed, Rising Prices Seem To Weigh On Sentiment",2018-11-09 09:53:00-05:00,NVDA,2018-11-09
"Morgan Stanley Maintains Overweight on NVIDIA, Lowers Price Target to $260",2018-11-08 12:34:00-05:00,NVDA,2018-11-08
Morgan Stanley's Bull Case For Nvidia Unchanged By Near-Term Concerns,2018-11-08 12:08:00-05:00,NVDA,2018-11-08
NVIDIA shares are trading down 2.9% after analysts at Morgan Stanley lowered their price target on the stock; Analysts see headwinds in gaming and said they are de-risking their estimates going into earnings.,2018-11-08 10:49:00-05:00,NVDA,2018-11-08
"BlueFin Offers Q4 Update On PC Space: Oct. OEM Shipments Surprisingly
Strong, Signaling A Strong Outlook For Dec. Qtr.; However, Uncertainty Surrounding Tariffs Creates Lack Of Clarity On Demand For Suppliers",2018-11-07 13:08:00-05:00,NVDA,2018-11-07
AMD's 'Next Horizon' Event: What You Need To Know,2018-11-02 11:44:00-04:00,NVDA,2018-11-02
"Tug-of-War: Solid Jobs Report, China Trade Talks Lift Market, But AAPL Disappoints",2018-11-02 10:08:00-04:00,NVDA,2018-11-02
NVIDIA shares are up 4.5% after analysts at JP Morgan upgraded the stock from 'Neutral' to 'Overweight'; Analysts said the company will continue to see outsized growth and clear leadership in data center/HPC and gaming over the next few years.,2018-10-30 13:43:00-04:00,NVDA,2018-10-30
"Stocks Which Set New 52-Week Low Yesterday, October 29th",2018-10-30 12:40:00-04:00,NVDA,2018-10-30
"Weakness In Nvidia's Gaming Segment Could Be A Passing Phase, JPMorgan Says In Upgrade",2018-10-30 10:52:00-04:00,NVDA,2018-10-30
NVIDIA Shares Appear Unaffected; Traders Circulating Earlier Forbes Article 'Nvidia RTX 2080 Ti Cards Have A Serious Problem -- They Keep Dying',2018-10-30 10:19:00-04:00,NVDA,2018-10-30
"Benzinga's Top Upgrades, Downgrades For October 30, 2018",2018-10-30 09:22:00-04:00,NVDA,2018-10-30
30 Stocks Moving In Tuesday's Pre-Market Session,2018-10-30 08:56:00-04:00,NVDA,2018-10-30
"JP Morgan Upgrades NVIDIA to Overweight, Lowers Price Target to $255",2018-10-30 06:35:00-04:00,NVDA,2018-10-30
NVIDIA Shares Down 1.3% Over Last Few Mins.; Not Seeing News To Justify Move Lower; Stock Down 5% Over Last Hour Since Price Broke Below Important Technical Level At $200; Stock Down 4.5% For Session,2018-10-29 12:30:00-04:00,NVDA,2018-10-29
Goldman Sachs Adds Nvidia To 'Conviction Buy' List,2018-10-18 13:21:00-04:00,NVDA,2018-10-18
Gamers Delight: A New E-Sports ETF Is Here,2018-10-18 13:07:00-04:00,NVDA,2018-10-18
NVIDIA Shares Up 1.2% Premarket; Hearing Goldman Added Stock To Its 'Conviction Buy' List,2018-10-18 07:48:00-04:00,NVDA,2018-10-18
Bank Earnings To The Rescue? Market Seeing Some Green After Strong Results,2018-10-16 10:43:00-04:00,NVDA,2018-10-16
NVIDIA Option Alert: Fri $235 Puts Sweep (38) below Bid!: 1649 @ $2.846 vs 3277 OI; Earnings 11/8 After Close [est] Ref=$243.9,2018-10-15 09:39:00-04:00,NVDA,2018-10-15
"Shares of tech stocks moving higher as market rebounds from mid-week lows, strength could be related to rotation back into growth names; Netflix up 5.3%, NVIDIA up 5.8%, Salesforce Up 5.1%, PayPal Up 4.4%, Apple up 3.2%, VMWare up 3.0%.",2018-10-12 10:49:00-04:00,NVDA,2018-10-12
"Seeing downward movement in chip stocks, traders attributing move to earlier news Huawei unveiled new Ascend 910 and Ascend 310 AI chips aimed at data centers and smart devices; Nvidia down 4.3%, AMD down 6.1%, Qualcomm down 2.6%, Intel down 1.9%.",2018-10-10 14:04:00-04:00,NVDA,2018-10-10
Volvo Selects AI-Based NVIDIA DRIVE Computer For Production Cars,2018-10-10 06:19:00-04:00,NVDA,2018-10-10
IBM And NVIDIA Collaborate To Expand Open Source Machine Learning Tools For Data Scientists,2018-10-10 06:04:00-04:00,NVDA,2018-10-10
Investor Movement Index September Summary,2018-10-09 11:48:00-04:00,NVDA,2018-10-09
Rambus Renews Patent License With NVIDIA,2018-10-05 16:00:00-04:00,NVDA,2018-10-08
Rambus Wins Patent License Renewal With NVIDIA,2018-10-05 16:00:00-04:00,NVDA,2018-10-08
Trading Journal: Look For Near-Term Weakness In Nvidia,2018-10-05 11:10:00-04:00,NVDA,2018-10-05
"Stocks Which Set New 52-Week High Yesterday, October 2nd",2018-10-03 12:59:00-04:00,NVDA,2018-10-03
AMD's Stock Off To Rough October Start Following Best Quarter In Decades,2018-10-03 11:22:00-04:00,NVDA,2018-10-03
"Stocks Which Set New 52-Week High Yesterday, October 1st",2018-10-02 09:20:00-04:00,NVDA,2018-10-02
"Goldman Selective On Semis: Bullish On Nvidia, Xilinx, Bearish On Intel, Texas Instruments",2018-10-01 14:22:00-04:00,NVDA,2018-10-01
"Barclays Downgrades Intel, Says Chipmaker Faces 'Costly Battle' With AMD For Market Share",2018-10-01 09:30:00-04:00,NVDA,2018-10-01
Intel Adding $1B To CapEx To Boost Production,2018-09-28 14:14:00-04:00,NVDA,2018-09-28
Watching shares of AMD and NVIDIA after Intel announced it plans to add $1B to capex in order to boost production,2018-09-28 11:11:00-04:00,NVDA,2018-09-28
NVIDIA Option Alert: Fri $275 Calls Sweep (60) near the Ask: 502 @ $2.938 vs 6346 OI; Earnings 11/8 After Close [est] Ref=$277.0,2018-09-28 10:07:00-04:00,NVDA,2018-09-28
NVIDIA Shares Up ~2% On ~16K Shares In Pre-Market Action; Hearing Evercore ISI Analyst Raised Price Target To $400,2018-09-28 06:35:00-04:00,NVDA,2018-09-28
'Cutting Edge' Collaborative Intelligence Startup Algo.ai Joins Nvidia Inception Accelerator,2018-09-27 13:28:00-04:00,NVDA,2018-09-27
"KeyBanc Starts Coverage On 10 Semiconductor Stocks, Downgrades Cypress Semi",2018-09-25 11:16:00-04:00,NVDA,2018-09-25
"Bank Of America Raises Nvidia Price Target To A Street High, Sees Upside In Multiple Segments",2018-09-25 10:30:00-04:00,NVDA,2018-09-25
"Benzinga's Top Upgrades, Downgrades For September 25, 2018",2018-09-25 09:11:00-04:00,NVDA,2018-09-25
KeyBanc Initiates Coverage On NVIDIA with Sector Weight Rating,2018-09-25 06:20:00-04:00,NVDA,2018-09-25
Bank Of America: Don't Sweat Mixed Nvidia Turing Reviews,2018-09-24 13:55:00-04:00,NVDA,2018-09-24
Still-Bullish Morgan Stanley Tamps Down Expectations For Nvidia's Turing GPUs,2018-09-20 14:43:00-04:00,NVDA,2018-09-20
"NVIDIA Shares Indicated Up 1.4% Premarket On Light Volume (~11.5K Shares); Hearing Needham Raised Price Target On Stock To $350, Cited 'increased confidence  NVDA will begin to take a larger share of the inference market...'",2018-09-14 07:06:00-04:00,NVDA,2018-09-14
NVIDIA Launches AI Data Center Platform,2018-09-13 04:38:00-04:00,NVDA,2018-09-13
AMD's Setup Gives Rosenblatt Securities Deja Vu,2018-09-11 15:28:00-04:00,NVDA,2018-09-11
A Chip ETF Bleeds Cash; Some Of It May Be Going Here,2018-09-11 11:53:00-04:00,NVDA,2018-09-11
"BofA: Latest Steam Gaming Data Good News For Nvidia, AMD",2018-09-10 12:51:00-04:00,NVDA,2018-09-10
Watching NVIDIA Shares Amid Report Huawei Doing An AI Chip Deal With Microsoft In China,2018-09-05 13:02:00-04:00,NVDA,2018-09-05
"Stocks Which Set New 52-Week High Yesterday, September 4th",2018-09-05 10:22:00-04:00,NVDA,2018-09-05
"Stocks Which Set New 52-Week High Yesterday, August 30th",2018-08-31 10:11:00-04:00,NVDA,2018-08-31
"Stocks That Made New 52-Week Highs Today Include: FLIR Systems, Textron, Darden Restaurants, United Continental, Intuitive Surgical, TJX, NetApp, Illumina, First Energy, NVIDIA, Microsoft, Visa, and Paypal",2018-08-30 15:08:00-04:00,NVDA,2018-08-30
"Stocks Which Set New 52-Week High Yesterday, August 29th",2018-08-30 11:47:00-04:00,NVDA,2018-08-30
Solid Extra-Base Hit From GDP Breaks Up Otherwise Dull Week On Street,2018-08-29 09:59:00-04:00,NVDA,2018-08-29
"Stocks Which Set New 52-Week High Friday, August 24th",2018-08-27 09:24:00-04:00,NVDA,2018-08-27
"Benzinga's Bulls & Bears Of The Week: Alibaba, Apple, Nike, Tesla, Verizon And More",2018-08-25 17:33:00-04:00,NVDA,2018-08-27
The Hot Chips 2018 Conference: Morgan Stanley's Takeaways,2018-08-24 11:22:00-04:00,NVDA,2018-08-24
"Stocks Which Set New 52-Week High Yesterday, August 23rd",2018-08-24 09:11:00-04:00,NVDA,2018-08-24
Have You Tried The New Benzinga Pro Chat Beta Yet? We Often Discuss Hot Stocks And The Recent Breaking News Items Over The Last Few Mins.; Check It Out At https://pro.benzinga.com/popout/widget/chat/,2018-08-23 17:02:00-04:00,NVDA,2018-08-24
Rosenblatt Says AMD Now Has A Path To $30 Per Share,2018-08-23 12:04:00-04:00,NVDA,2018-08-23
"Fed On Center Stage As Jackson Hole Meeting Starts, With Powell Speech Friday",2018-08-23 10:07:00-04:00,NVDA,2018-08-23
NVIDIA Shares Unaffected After Hours As Citron's Andrew Left Is Currently On CNBC Discussing His Short Thesis In The Stock,2018-08-22 17:48:00-04:00,NVDA,2018-08-23
Infographic: PC Gamers Prefer Nvidia GPUs,2018-08-22 16:14:00-04:00,NVDA,2018-08-23
Netflix Vs. Amazon Vs. Nvidia: Picking A Tech Stock For The Long Haul,2018-08-22 14:00:00-04:00,NVDA,2018-08-22
"Benzinga Pro's Top 10 Most-Searched Tickers For Afternoon Of Tues., Aug. 21, 2018",2018-08-21 17:14:00-04:00,NVDA,2018-08-22
'I have been a consistent backer of Nvidia. I understood there would be a short raid on it and i was right. No  one has been as stalwart as i have been. Join the Club... '-Jim Cramer Tweets,2018-08-21 12:32:00-04:00,NVDA,2018-08-21
"Munster Sees 'Holy Grail' In Nvidia's New GPUs, While Stifel Takes Neutral Stance On Chipmaker",2018-08-21 11:53:00-04:00,NVDA,2018-08-21
"' This is not a short talking- this is Ebay,  Don't mess with Google.'-Citron Research Tweets (2/2)",2018-08-21 11:48:00-04:00,NVDA,2018-08-21
'Citron knows investors don't read full reports  So here is the one takeaway to focus on why $NVDA going to $200.  Customers are moving away from GPU to TPU as they find it faster and cheaper.'-Citron Research Tweets (1/2),2018-08-21 11:47:00-04:00,NVDA,2018-08-21
NVIDIA Shares Fall ~0.5% From Session High Following Tweet From Citron Research Suggesting Stock Is 'On Its Way To $200'; Shares Up 1.4% For Session,2018-08-21 10:25:00-04:00,NVDA,2018-08-21
'$NVDA on its way to $200.  With short interest at an all time low and datacenter facing major competition not even ray tracing can support these lofty levels' -Tweet From Citron,2018-08-21 10:23:00-04:00,NVDA,2018-08-21
"Benzinga Pro's Top 10 Most-Searched Tickers For Morning Of Tues., Aug. 21, 2018",2018-08-21 09:32:00-04:00,NVDA,2018-08-21
Nvidia Unveils GeForce RTX Series: 'A New Golden Age Of Gaming',2018-08-20 15:21:00-04:00,NVDA,2018-08-20
NVIDIA shares are trading up 2.4% following company updates on RTX 2000 series gaming chips,2018-08-20 14:55:00-04:00,NVDA,2018-08-20
From Gamescom 2018 Conference: NVIDIA Corp RTX 2000 Series Gaming Chips Will Range From $499 To $999 And Will Be Available Starting Sept. 20,2018-08-20 14:07:00-04:00,NVDA,2018-08-20
"PR Confirms Gamescom News, NVIDIA RTX Platform Brings Real-Time Ray Tracing and AI to Barrage of Blockbuster Games",2018-08-20 13:59:00-04:00,NVDA,2018-08-20
"NVIDIA CEO Jensen Huang Giving Latest Updates From The Company's GeForce Pre-Gamescom Event, Live On YouTube",2018-08-20 13:11:00-04:00,NVDA,2018-08-20
NVIDIA CEO At Gamescom Says Newest Gaming Chips Will Use AI To Improve Computer Graphics,2018-08-20 13:02:00-04:00,NVDA,2018-08-20
REMINDER: NVIDIA Could Launch Its RTX 2080 Ti and RTX 2080 GPU as Early as Today,2018-08-20 07:19:00-04:00,NVDA,2018-08-20
50 Biggest Movers From Friday,2018-08-20 05:33:00-04:00,NVDA,2018-08-20
"Benzinga's Bulls & Bears Of The Week: Facebook, Netflix, Twitter, Walmart And More",2018-08-19 11:55:00-04:00,NVDA,2018-08-19
What Wall Street Thinks Of Nvidia's Q2 Earnings,2018-08-18 09:29:00-04:00,NVDA,2018-08-18
Podcast: 6 Charts Explain Why The Correction Has Started,2018-08-17 14:11:00-04:00,NVDA,2018-08-17
41 Stocks Moving In Friday's Mid-Day Session,2018-08-17 12:22:00-04:00,NVDA,2018-08-17
"Benzinga Pro's Top 10 Most-Searched Tickers For the Morning of Friday, Aug. 17th",2018-08-17 10:48:00-04:00,NVDA,2018-08-17
Oppenheimer Upgrades Nvidia: 'We See Continued Outsized Growth',2018-08-17 10:32:00-04:00,NVDA,2018-08-17
10 Biggest Price Target Changes For Friday,2018-08-17 10:07:00-04:00,NVDA,2018-08-17
Headlights On Deere: Mixed Results As Company Cites Higher Costs,2018-08-17 10:06:00-04:00,NVDA,2018-08-17
"Benzinga's Top Upgrades, Downgrades For August 17, 2018",2018-08-17 08:59:00-04:00,NVDA,2018-08-17
Morgan Stanley Sees Buying Opportunity In Nvidia: 'Clarity Likely After Next Week's Product Launches',2018-08-17 08:57:00-04:00,NVDA,2018-08-17
23 Stocks Moving In Friday's Pre-Market Session,2018-08-17 08:02:00-04:00,NVDA,2018-08-17
"Cisco, Macy's, Nvidia, TLT: 'Fast Money' Picks For August 17",2018-08-17 07:41:00-04:00,NVDA,2018-08-17
Oppenheimer Upgrades NVIDIA to Outperform,2018-08-17 07:27:00-04:00,NVDA,2018-08-17
"Stifel Nicolaus Maintains Hold on NVIDIA, Raises Price Target to $250",2018-08-17 07:09:00-04:00,NVDA,2018-08-17
A Peek Into The Markets: US Stock Futures Edge Lower Ahead Of Economic Data,2018-08-17 06:46:00-04:00,NVDA,2018-08-17
"7 Stocks To Watch For August 17, 2018",2018-08-17 05:28:00-04:00,NVDA,2018-08-17
Elon Musk Tweet Replying to @StephenNellis @Tesla: Nvidia makes great hardware. High respect for Jensen & company. Our hardware needs were just unique & matched tightly to our software.,2018-08-16 19:56:00-04:00,NVDA,2018-08-17
"From NVIDIA's Q2 CFO Commentary, Co. Says It Previously Anticipated Crypto to Be 'Meaningful for the year, we are now projecting no contributions going forward.'",2018-08-16 16:27:00-04:00,NVDA,2018-08-17
"From NVIDIA's Q2 CFO Commentary, Co. Says GPU Sales Up 40% YoY, Down 4% Sequentially; Adds Co. Had Anticipated Crypto-product Sales Declining To ~$100M, But Actual Crypto Sales Were Only $18M",2018-08-16 16:26:00-04:00,NVDA,2018-08-17
NVIDIA shares are trading down 5% after hours as weak Q3 sales guidance appears to offset Q2 earnings beat.,2018-08-16 16:25:00-04:00,NVDA,2018-08-17
NVIDIA Sees Q3 Sales $3.185B-$3.315B vs $3.34B Est.,2018-08-16 16:20:00-04:00,NVDA,2018-08-17
"NVIDIA Q2 Adj. EPS $1.94 Beats $1.66 Estimate, Sales $3.12B Beat $3.11B Estimate",2018-08-16 16:20:00-04:00,NVDA,2018-08-17
NVIDIA Q2 Earnings Due Out After The Close Today; Co. Historically Issues Its Report ~4:20pm ET,2018-08-16 15:54:00-04:00,NVDA,2018-08-16
Benzinga Pro's 5 Stocks To Watch Today,2018-08-16 11:28:00-04:00,NVDA,2018-08-16
"Care Package: Walmart Results, China Trade Talks Might Help Lift Spirits",2018-08-16 10:24:00-04:00,NVDA,2018-08-16
"10 Stocks To Watch For August 16, 2018",2018-08-16 05:10:00-04:00,NVDA,2018-08-16
"Earnings Scheduled For August 16, 2018",2018-08-16 04:17:00-04:00,NVDA,2018-08-16
Nvidia Gets Double Upgrade Ahead Of Earnings,2018-08-15 13:22:00-04:00,NVDA,2018-08-15
Upcoming Earnings: Tech Giant Nvidia Unveils New GPUs Ahead Of Q2 Results,2018-08-15 11:44:00-04:00,NVDA,2018-08-15
"13F From David Tepper's Appaloosa Late Tuesday Showed Exited Stake In Applied Materials, NVIDIA;  New 219.272K Share Stake In NXP Semiconductors",2018-08-15 11:31:00-04:00,NVDA,2018-08-15
"Q2 13F Roundup: How Buffett, Einhorn, Loeb And Others Adjusted Their Portfolio",2018-08-15 10:23:00-04:00,NVDA,2018-08-15
10 Biggest Price Target Changes For Wednesday,2018-08-15 09:49:00-04:00,NVDA,2018-08-15
"Benzinga's Top Upgrades, Downgrades For August 15, 2018",2018-08-15 09:10:00-04:00,NVDA,2018-08-15
"Wells Fargo Upgrades NVIDIA to Outperform, Raises Price Target to $315",2018-08-15 07:20:00-04:00,NVDA,2018-08-15
Nvidia Shares Rise 0.8% After-Hours Following Wells Fargo Upgrade to Outperform,2018-08-14 20:51:00-04:00,NVDA,2018-08-15
"13F From Soros Fund Shows Exited Stake In Fiat Chrysler, Exited Stake In NVIDIA; Reduced Stake In JP Morgan, Netflix; Raised Stake In Lululemon",2018-08-14 17:13:00-04:00,NVDA,2018-08-15
What To Expect From Nvidia's Q2 Earnings,2018-08-14 15:26:00-04:00,NVDA,2018-08-14
"The Week Ahead: Nvidia, Retailer Earnings In Focus",2018-08-13 13:26:00-04:00,NVDA,2018-08-13
"Goldman's Chipmaker Pair Trade: Sell Intel, Not AMD",2018-08-10 11:25:00-04:00,NVDA,2018-08-10
"Nvidia's Q2 Likely To Be 'Noisy,' But Goldman Sachs Remains Bullish",2018-08-08 12:02:00-04:00,NVDA,2018-08-08
"Semiconductor, Memory Related Stocks Appear Largely Unaffected Following Report China's Ministry Of Commerce Has Said Semiconductors Will Be One Group Targeted By New Proposed Tariffs On US",2018-08-03 08:47:00-04:00,NVDA,2018-08-03
NVIDIA Shares Rebound 1.5% From Session Low At Open But Still Down ~0.7% For Session; CNBC Recently Published 'Elon Musk says Tesla A.I. chip project is 'finally coming to fruition'',2018-08-02 09:45:00-04:00,NVDA,2018-08-02
Upcoming Earnings: MGM And Activision Blizzard Report Q2 Results On Thursday,2018-08-01 14:18:00-04:00,NVDA,2018-08-01
"Tesla Earnings: Model 3 Production Target Hit, What's Next?",2018-07-31 11:44:00-04:00,NVDA,2018-07-31
"Watching Self-Driving Fleet Players, Uber Partners For Self-Driving Truck Segment Amid Earlier Report Uber To Stop Development Of Self-Driving Trucks, Will Only Proceed With Cars",2018-07-30 17:25:00-04:00,NVDA,2018-07-31
"Barron's Picks And Pans: Amazon, Eli Lilly, Fiat Chrysler And More",2018-07-29 17:29:00-04:00,NVDA,2018-07-30
Slew Of Semiconductor Earnings Could Elevate This ETF,2018-07-26 11:08:00-04:00,NVDA,2018-07-26
"Google Releases Its ASIC AI Infrastructure Called Edge TPU, Watch Shares of NVIDIA On This News",2018-07-26 09:49:00-04:00,NVDA,2018-07-26
TechRadar Reports 'Nvidia GeForce GTX 1180 rumored again to release in August',2018-07-23 11:28:00-04:00,NVDA,2018-07-23
"Benzinga's Bulls & Bears Of The Week: AbbVie, Netflix, Philip Morris, Wells Fargo And More",2018-07-22 17:24:00-04:00,NVDA,2018-07-23
Opinion: Stock-Picking Is A Cult,2018-07-20 14:33:00-04:00,NVDA,2018-07-20
NVIDIA To Report Q2 Results August 16th At 4:20pm ET,2018-07-19 17:02:00-04:00,NVDA,2018-07-20
"European Union Antitrust Regulators Charge Qualcomm With New Violation In Case Related To NVIDIA Unit, ICERA",2018-07-19 07:46:00-04:00,NVDA,2018-07-19
"Morgan Stanley: Nvidia 'The Cleanest Growth Story In Semis,' With New Products Ahead",2018-07-17 10:40:00-04:00,NVDA,2018-07-17
"Bluefin Research Talks Trade War Impact On Nvidia, AMD",2018-07-13 15:51:00-04:00,NVDA,2018-07-13
"NVIDIA Shares Fall Off The Open, Down 1.34% As Traders Circulate A Mixed Bluefin Note From July 12th; Bluefin Says That While Crypto Demand Is Weak And Graphics Card Sales Are Sluggish, They Believe Data Center Momentum Will Be A Near-Term Primary Driver",2018-07-13 09:58:00-04:00,NVDA,2018-07-13
NVIDIA Shares Trading Lower As Traders Circulate The Information Article Which Highlights Huawei's AI Push With 'Project Da Vinci' To Challenge NVIDIA's AI Chips,2018-07-12 13:25:00-04:00,NVDA,2018-07-12
Forecasting Software: Nvidia Looks Primed For More Upside,2018-07-09 15:36:00-04:00,NVDA,2018-07-09
The Semiconductor Stocks That Fund Managers Love And Hate,2018-07-05 11:23:00-04:00,NVDA,2018-07-05
Tech Sector Earnings: What's Been Going on Ahead Of Q2 Reports?,2018-07-02 14:35:00-04:00,NVDA,2018-07-02
NVIDIA Option Alert: Jul 20 $220 Puts Sweep (51) below Bid!: 1725 @ $2.601 vs 5202 OI; Earnings 8/9 After Close [est] Ref=$236.12,2018-07-02 09:39:00-04:00,NVDA,2018-07-02
Trade Spat's A Boon For This Bearish Chip ETF,2018-06-28 12:12:00-04:00,NVDA,2018-06-28
Analyst Says Nvidia's Second-Half Outlook Is Promising,2018-06-27 12:54:00-04:00,NVDA,2018-06-27
Trade Worries Still Weigh On Market A Day After Rout,2018-06-26 10:27:00-04:00,NVDA,2018-06-26
"FBN Securities Initiates Coverage On NVIDIA with Outperform Rating, Announces $300 Price Target",2018-06-26 09:20:00-04:00,NVDA,2018-06-26
"Benzinga's Top Upgrades, Downgrades For June 26, 2018",2018-06-26 09:06:00-04:00,NVDA,2018-06-26
"Benchmark Initiates Coverage On NVIDIA with Buy Rating, Announces $280 Price Target",2018-06-26 07:08:00-04:00,NVDA,2018-06-26
Bank Of America Raises AMD Target On Market Share Optimism,2018-06-25 11:00:00-04:00,NVDA,2018-06-25
A Look Back At What's Happened To Each Sector Through The First Half Of 2018 (Part 1),2018-06-19 11:54:00-04:00,NVDA,2018-06-19
S&P Dow Jones Indices Announces 'NVIDIA Set to Join S&P 100; FleetCor Technologies to Join S&P 500; Penn Virginia to Join S&P SmallCap 600',2018-06-18 17:17:00-04:00,NVDA,2018-06-19
"Stocks That Made New 52 Week Highs Today Include: Zoetis, Fortive, VeriSign, CF Industries, Ansys, Facebook, IDEXX, Fiserv, Global Payments, CA, Akamai, AES, NVIDIA, Align Tech, and Adobe",2018-06-14 15:51:00-04:00,NVDA,2018-06-14
"What The Latest Steam Gaming Data Means For AMD, Nvidia",2018-06-14 09:54:00-04:00,NVDA,2018-06-14
A New Automation ETF For Traders Who Haven't Yet Been Replaced By Robots,2018-06-13 14:03:00-04:00,NVDA,2018-06-13
BofA Highlights The Most 'Underowned' Semi Stocks,2018-06-12 10:38:00-04:00,NVDA,2018-06-12
Form 4 Filing Late Wednesday Showed NVIDIA Director Brooke Seawell Sold a Total of 21.029K Shares at Avg. Prices Ranging From $264.63 TO $264.85,2018-06-07 13:05:00-04:00,NVDA,2018-06-07
"BlueFin Research: Graphics Card Market For AMD, Nvidia Continues To Cool In Q2",2018-06-06 10:28:00-04:00,NVDA,2018-06-06
Three Industries Already Using Self-Driving Vehicles,2018-06-06 09:53:00-04:00,NVDA,2018-06-06
"Stocks That Made New 52-Week Highs Today: Salesforce, Microchip, Fiserv, Edwards Lifesciences, Nike, Stryker, Align Tech, NVIDIA, Visa, IDEXX Labs, Ralph Lauren, Extra Space Storage, Kohl's, Macy's, Marathon Petroleum, Baxter, Expeditors Int'l & TransDigm",2018-06-04 16:47:00-04:00,NVDA,2018-06-05
"NVIDIA, Taiwan's MOST Announce Collaboration to Supercharge AI Efforts",2018-06-04 04:20:00-04:00,NVDA,2018-06-04
NVIDIA Launches NVIDIA Isaac Platform to Power Next-gen Autonomous Machines,2018-06-04 04:14:00-04:00,NVDA,2018-06-04
Encouraging Data For Electric Vehicle ETFs,2018-05-31 09:35:00-04:00,NVDA,2018-05-31
NVIDIA Introduces First Unified Computing Platform for Both AI and High Performance Computing,2018-05-30 04:00:00-04:00,NVDA,2018-05-30
"Nvdia, AMD May See 2018 Profits Fall as Crypto Mining Craze Fades",2018-05-22 04:17:00-04:00,NVDA,2018-05-22
"Benzinga Pro's Top 10 Most-Searched Tickers For Evening Of Mon., May 21, 2018",2018-05-21 17:42:00-04:00,NVDA,2018-05-22
"Benzinga's Bulls & Bears Of The Week: Coca-Cola, Ford, JC Penney, Spotify And More",2018-05-20 14:34:00-04:00,NVDA,2018-05-20
Cowen Models 30% Upside In Nvidia,2018-05-18 12:05:00-04:00,NVDA,2018-05-18
"Cowen Names 4 Top Semi Picks: AMD, Ambarella, Broadcom, Monolithic Power",2018-05-17 17:56:00-04:00,NVDA,2018-05-18
"Cowen & Co. Initiates Coverage On NVIDIA with Outperform Rating, Announces $325 Price Target",2018-05-17 16:37:00-04:00,NVDA,2018-05-18
"NVIDIA Shares Volatile After Hours, Hearing Cowen Initiated Coverage With Outperform Rating, $325 Price Target",2018-05-17 16:16:00-04:00,NVDA,2018-05-18
"Global X Launches AI, Big Data ETF",2018-05-16 13:55:00-04:00,NVDA,2018-05-16
"Q1 13F Roundup: How Buffett, Einhorn, Ackman And Others Adjusted Their Portfolio",2018-05-16 11:38:00-04:00,NVDA,2018-05-16
13F From David Tepper's Appaloosa Shows New 150K Share Stake In NVIDIA,2018-05-15 16:41:00-04:00,NVDA,2018-05-16
"Benzinga Pro's Top 10 Most-Searched Tickers For Afternoon Of Mon., May 14",2018-05-14 14:09:00-04:00,NVDA,2018-05-14
"UBS Maintains Neutral on NVIDIA, Raises Price Target to $266",2018-05-11 15:44:00-04:00,NVDA,2018-05-11
"B. Riley FBR Maintains Buy on NVIDIA, Raises Price Target to $300",2018-05-11 15:10:00-04:00,NVDA,2018-05-11
"Barclays Maintains Overweight on NVIDIA, Raises Price Target to $300",2018-05-11 14:40:00-04:00,NVDA,2018-05-11
Mid-Afternoon Market Update: MoSys Climbs Following Q1 Results; Obalon Therapeutics Shares Slide,2018-05-11 14:31:00-04:00,NVDA,2018-05-11
Wall Street Reacts To Nvidia's Quarter,2018-05-11 13:19:00-04:00,NVDA,2018-05-11
A BUZ-Worthy ETF,2018-05-11 12:45:00-04:00,NVDA,2018-05-11
Mid-Day Market Update: Trade Desk Surges on Upbeat Earnings; Stellar Biotechnologies Shares Drop,2018-05-11 12:07:00-04:00,NVDA,2018-05-11
Morgan Stanley Lifts Nvidia Price Target After Strong Q1,2018-05-11 11:23:00-04:00,NVDA,2018-05-11
Can Market Draw a Seven? DJIA Up Six Straight Days Amid Tech Rally,2018-05-11 11:01:00-04:00,NVDA,2018-05-11
Mid-Morning Market Update: Markets Open Higher; NVIDIA Earnings Top Expectations,2018-05-11 10:15:00-04:00,NVDA,2018-05-11
5 Biggest Price Target Changes For Friday,2018-05-11 09:55:00-04:00,NVDA,2018-05-11
KeyBanc's Takeaways From Nvidia's Q1 Report,2018-05-11 09:19:00-04:00,NVDA,2018-05-11
"A Peek Into The Markets: US Stock Futures Rise Ahead Of Import Prices, Consumer Sentiment Data",2018-05-11 07:29:00-04:00,NVDA,2018-05-11
"6 Stocks To Watch For May 11, 2018",2018-05-11 04:04:00-04:00,NVDA,2018-05-11
NVIDIA CFO On Conf. Call Reportedly Says Supply Situation Is 'Now Easing' And GPU Channel Prices Normalizing,2018-05-10 17:38:00-04:00,NVDA,2018-05-11
"From NVIDIA Q1 Earnings Conference Call: CFO Says Co.'s Supply Situation Is 'Easing,' Channel Prices For GPUs Normalizing",2018-05-10 17:15:00-04:00,NVDA,2018-05-11
"Nvidia Blows Out Q1 Estimates, Raises Q2 Sales Guidance",2018-05-10 16:49:00-04:00,NVDA,2018-05-11
UPDATE: NVIDIA Sees Q2 Adj. Gross Margins 63.5% +/- 50 Basis Points,2018-05-10 16:21:00-04:00,NVDA,2018-05-11
"NVIDIA Shares Initially Move Lower, Now Spiking Higher To $263.50 High, Now Down 0.6%",2018-05-10 16:21:00-04:00,NVDA,2018-05-11
NVIDIA Sees Q2 Sales $3.1B vs $2.95B Est.,2018-05-10 16:20:00-04:00,NVDA,2018-05-11
"NVIDIA Q1 EPS $2.05 Beats $1.45 Estimate, Sales $3.21B Beat $2.89B Estimate",2018-05-10 16:20:00-04:00,NVDA,2018-05-11
"NVIDIA Shares At Intraday Highs 30 Mins. Ahead Of Q1 Earnings, Touch High At $260.00, Up 1.6% For Session",2018-05-10 15:31:00-04:00,NVDA,2018-05-10
"Benzinga Pro's Top 10 Most-Searched Tickers For Afternoon Of Thurs., May 10, 2018",2018-05-10 12:19:00-04:00,NVDA,2018-05-10
"Cryptocurrency Mining Grew Faster Than Expected, Bernstein Says In Semiconductor Roundup",2018-05-10 11:43:00-04:00,NVDA,2018-05-10
"As Oil Fuels Equities Rally, Markets Eyeing Key Technical Levels",2018-05-10 10:17:00-04:00,NVDA,2018-05-10
Benzinga Pro's 5 Stocks To Watch Today,2018-05-10 09:21:00-04:00,NVDA,2018-05-10
"11 Stocks To Watch For May 10, 2018",2018-05-10 05:16:00-04:00,NVDA,2018-05-10
"Earnings Scheduled For May 10, 2018",2018-05-10 04:00:00-04:00,NVDA,2018-05-10
Upcoming Earnings: Nvidia Reports After Thursday's Close,2018-05-09 10:13:00-04:00,NVDA,2018-05-09
'NYTimes.com blames crypto miners for shortages of my chips but that is so yesterday's news. This quarter will show a big drop off in crypto sales. Everyone knows that. At least I thought they did. Nvidia',2018-05-09 06:49:00-04:00,NVDA,2018-05-09
NVIDIA Shares Largely Unaffected Following Citron Tweet 'Not a story of shorts vs $NVDA it is $NVDA vs $GOOG...Shorting into earnings.',2018-05-08 14:09:00-04:00,NVDA,2018-05-08
"With Trump Iran Announcement In Focus, US Stock Futures Fall",2018-05-08 09:56:00-04:00,NVDA,2018-05-08
8 Biggest Price Target Changes For Tuesday,2018-05-08 09:37:00-04:00,NVDA,2018-05-08
"Deutsche Bank Maintains Hold on NVIDIA, Raises Price Target to $240",2018-05-08 08:19:00-04:00,NVDA,2018-05-08
"Amgen, Halliburton, Nvidia, Gold: 'Fast Money' Picks For May 8",2018-05-08 07:33:00-04:00,NVDA,2018-05-08
"Benzinga Pro's Top 10 Most-Searched Tickers For Morning Of Mon., May 7",2018-05-07 10:20:00-04:00,NVDA,2018-05-07
"The Week Ahead: Nvidia And Dropbox Earnings, April Retail Sales, Trump Drug Pricing Speech Expected",2018-05-07 08:01:00-04:00,NVDA,2018-05-07
"Benzinga's Bulls & Bears Of The Week: Apple, Alibaba, Spotify, 3M And More",2018-05-06 17:49:00-04:00,NVDA,2018-05-07
An ETF With A Futuristic View Of Transportation,2018-05-04 13:54:00-04:00,NVDA,2018-05-04
Jobs Growth Stays A Little Slow in April As Unemployment Rate Falls,2018-05-04 11:28:00-04:00,NVDA,2018-05-04
"Morgan Stanley Previews Semi Earnings, Expects Strong Nvidia Results Despite Crypto Concerns",2018-05-04 10:33:00-04:00,NVDA,2018-05-04
Upcoming Earnings: Alibaba Reports Before Market Open On Friday,2018-05-03 12:29:00-04:00,NVDA,2018-05-03
"Benzinga's Top Upgrades, Downgrades For May 3, 2018",2018-05-03 11:26:00-04:00,NVDA,2018-05-03
"Barclays Upgrades Nvidia, Says AI Opportunity Is Too Big To Ignore",2018-05-03 10:43:00-04:00,NVDA,2018-05-03
"The Market In 5 Minutes: Tesla Earnings, Under Armour's Future, GM, Nvidia, Square And More",2018-05-03 09:00:00-04:00,NVDA,2018-05-03
"A Peek Into The Markets: US Stock Futures Gain Ahead Of Earnings, Economic Data",2018-05-03 06:35:00-04:00,NVDA,2018-05-03
Barclays Upgrades NVIDIA to Overweight,2018-05-03 06:20:00-04:00,NVDA,2018-05-03
Barclays Upgrades Nvidia to Overweight from Equal Weight; Raises PT to $280 from $265,2018-05-03 04:15:00-04:00,NVDA,2018-05-03
Upcoming Earnings: Tesla To Report Q1 Results on Wednesday,2018-05-01 11:35:00-04:00,NVDA,2018-05-01
Playmakers: The Investor Picks From CNBC's 2018 Stock Draft,2018-04-30 17:14:00-04:00,NVDA,2018-05-01
'Google brings Nvidia's Tesla V100 GPUs to its cloud',2018-04-30 12:07:00-04:00,NVDA,2018-04-30
Analysts Applaud Intel's Beat-And-Raise Q1 Earnings,2018-04-27 16:26:00-04:00,NVDA,2018-04-30
Cramer Continues Warming Up To AMD After Listening To CEO,2018-04-27 11:14:00-04:00,NVDA,2018-04-27
U.S. Government May Start Scrutinizing Informal Partnerships Between American and Chinese Companies in AI,2018-04-27 04:43:00-04:00,NVDA,2018-04-27
Zacks: The Not-Good-Enough Earnings Season,2018-04-26 11:23:00-04:00,NVDA,2018-04-26
'Taiwan graphic card makers to see shipments plunge 40% in April',2018-04-25 11:57:00-04:00,NVDA,2018-04-25
Who Profits From The Incredible Success Of 'Fortnite'?,2018-04-23 15:33:00-04:00,NVDA,2018-04-23
"'Palihapitiya: $NVDA and $GOOG are the two big players in compute AI tech. Much of the value has been seen, but still interesting from this POV. #Sohn2018'- MarketWatch's Ryan Vlastelica Tweet",2018-04-23 13:12:00-04:00,NVDA,2018-04-23
4 Reasons Why 'Fortnite' Has Won Over Gamers,2018-04-22 17:02:00-04:00,NVDA,2018-04-23
"Barron's Picks And Pans: General Electric, General Mills, MLPs And More",2018-04-21 16:51:00-04:00,NVDA,2018-04-23
Leverage Comes To The Robotics Trade,2018-04-20 16:13:00-04:00,NVDA,2018-04-23
"Though Their Stocks Have Cooled, The Semiconductor Industry Is As Hot As Ever",2018-04-20 14:09:00-04:00,NVDA,2018-04-20
NVIDIA Sets Conference Call for First-Quarter Financial Results For May 10th After Market Close,2018-04-19 17:00:00-04:00,NVDA,2018-04-20
"Apple, Chips Stocks Falling Amid Taiwan Semiconductor's Weak Guidance",2018-04-19 09:28:00-04:00,NVDA,2018-04-19
"Semi Stocks Lower On Weak Q1 Report, Q2 Guidance From Taiwan Semi: NVIDIA Shares Down 2%, Micron Down 1.8%, AMD, Applied Materials Down 1.7%, Texas Instruments Down 1.3%, Xilinx Down 1%",2018-04-19 09:12:00-04:00,NVDA,2018-04-19
"CNBC Reports 'Apple, Nvidia shares fall after a key Asian chip partner gives weak guidance'; Taiwan Semiconductor Manufacturing Said Its Q2 Sales Guidance Is $7.8-$7.9B vs $8.8B Est.; Blames Weakness On Softening High-End Smartphone Demand, Crytpo Market",2018-04-19 08:01:00-04:00,NVDA,2018-04-19
A Third Electric Vehicle ETF Charges Up,2018-04-18 15:14:00-04:00,NVDA,2018-04-18
"'Partners: Intel's Rumored Plans To Take On Nvidia, AMD With Discrete GPU Good For The Channel'",2018-04-16 11:54:00-04:00,NVDA,2018-04-16
Elazar Warns Crypto-NVIDIA Shorts,2018-04-16 11:35:00-04:00,NVDA,2018-04-16
"'Citron accepting a challenge.  @jimcramer has famously named his dog Nvidia.  If $NVDA is trading over $230 in 12 months, Citron will donate $230k to the Humane Society...'",2018-04-13 09:58:00-04:00,NVDA,2018-04-13
'Morons buying $NVDA on higher crypto. They do ethereum and it is 5% max.. So sell it please. Get off my dog.',2018-04-13 07:07:00-04:00,NVDA,2018-04-13
Forget Crypto: eSports Might Be Where It's At For Nvidia And AMD,2018-04-11 14:05:00-04:00,NVDA,2018-04-11
36 Biggest Movers From Yesterday,2018-04-11 05:17:00-04:00,NVDA,2018-04-11
"Benzinga's Top Analyst Calls From April 10, 2018",2018-04-10 14:36:00-04:00,NVDA,2018-04-10
25 Stocks Moving In Tuesday's Mid-Day Session,2018-04-10 12:40:00-04:00,NVDA,2018-04-10
"Benzinga's Top Upgrades, Downgrades For April 10, 2018",2018-04-10 09:26:00-04:00,NVDA,2018-04-10
Morgan Stanley Upgrades Nvidia As The Data Era Is Now 'Investable',2018-04-10 08:26:00-04:00,NVDA,2018-04-10
"Confirming Morgan Stanley Upgrades NVIDIA to Overweight, Maintains Price Target At $258.00",2018-04-09 16:40:00-04:00,NVDA,2018-04-10
"NVIDIA Shares Up ~2% After Hours, Hearing Morgan Stanley Has Upgraded From Equal-Weight To Overweight With a $258 Price Target",2018-04-09 16:22:00-04:00,NVDA,2018-04-10
"Benzinga's Bulls & Bears Of The Week: Amazon, Fitbit, Mattel, Twitter And More",2018-04-08 14:23:00-04:00,NVDA,2018-04-08
Watch Shares Of AMD As KitGuru Reports 'ASUS ROG may soon be Nvidia exclusive with AMD GPUs being bumped to new 'AREZ' brand',2018-04-06 11:58:00-04:00,NVDA,2018-04-06
"Citron Research @CitronResearch now Citron pressing $NVDA short expect sub $200 soon.  Mkt starting to realize that ML/DL is narrowing and hyper-scale core customers experimenting with diff prop hardware solutions, Ether spreads are dead, Auto- unknown. N",2018-04-05 13:09:00-04:00,NVDA,2018-04-05
"UBS Initiates On Semis: Intel Is Golden, Micron Is A Sell, Nvidia, AMD And More",2018-04-05 12:39:00-04:00,NVDA,2018-04-05
"Benzinga's Top Upgrades, Downgrades For April 5, 2018",2018-04-05 09:23:00-04:00,NVDA,2018-04-05
"UBS Initiates Coverage On NVIDIA with Neutral Rating, Announces $250.00 Price Target",2018-04-05 07:53:00-04:00,NVDA,2018-04-05
Evercore: Nvidia Can 'Power Through' Bitmain Ethereum Mining Tailwinds,2018-04-04 13:13:00-04:00,NVDA,2018-04-04
"Evercore Out Positive On NVIDIA, Says Bitmain Release Of Ethereum-Mining ASIC Creates 'Tremendous Buying Opportunity' For The Company; Firm Reiterates Their Outperform Rating And $275 Price Target",2018-04-04 11:15:00-04:00,NVDA,2018-04-04
Podcast: How To Control Your Emotions During Stock Market Madness,2018-04-04 11:12:00-04:00,NVDA,2018-04-04
Analyst: Bitmain's New Ethereum Mining Chip Could Spell A Little Bit Of Trouble For AMD And Nvidia,2018-04-04 09:52:00-04:00,NVDA,2018-04-04
"'Secretive Chinese bitcoin mining company just revealed a new chip that could hurt AMD, Nvidia'",2018-04-03 16:38:00-04:00,NVDA,2018-04-04
Bank Of America Adds Nvidia To Top Stock List After Latest Gaming Checks,2018-04-03 09:39:00-04:00,NVDA,2018-04-03
"NVIDIA Shares Up 3.3% In Early Trading, Facebook Shares Flat-Slightly Higher; Earlier Bank of America Added NVDA To Us 1 List and Removed FB, Which Remains Buy-Rated",2018-04-03 09:33:00-04:00,NVDA,2018-04-03
Intel Falls On News Apple Will Shift Toward In-House Mac Chips,2018-04-02 14:18:00-04:00,NVDA,2018-04-02
Are Cryptocurrency Woes Dragging AMD And Nvidia Shares Lower?,2018-04-02 13:34:00-04:00,NVDA,2018-04-02
"AMD, Nvidia Cut GPU Prices As Crypto Slump Saps Demand",2018-04-02 10:35:00-04:00,NVDA,2018-04-02
"Barron's Picks And Pans: Pot Stocks, Comcast, Bank Buybacks And More",2018-04-01 09:50:00-04:00,NVDA,2018-04-01
"After Nvidia Analyst Day, Wall Street Talks AV Testing, Artificial Intelligence, GPUs",2018-03-28 14:48:00-04:00,NVDA,2018-03-28
Tech Wreck Has Traders Getting Cozy With Bearish Chip ETF,2018-03-28 13:31:00-04:00,NVDA,2018-03-28
Bank Of America's Key Takeaways From Nvidia's Investor Day,2018-03-28 11:43:00-04:00,NVDA,2018-03-28
"Benzinga Pro's Top 10 Most-Searched Tickers For Wed., Mar. 28, 2018",2018-03-28 10:58:00-04:00,NVDA,2018-03-28
"After Tech Brings Misery Tuesday, Stronger GDP Reading Could Inject Optimism",2018-03-28 10:19:00-04:00,NVDA,2018-03-28
"Adobe, NVIDIA Report Partnership to Deliver New AI Services for Creativity and Digital Experiences",2018-03-28 09:01:00-04:00,NVDA,2018-03-28
Marvell Announces Integration Of Ethernet Switch Into the NVIDIA DRIVE Autonomous Vehicle Platform,2018-03-27 16:15:00-04:00,NVDA,2018-03-28
"From NVIDIA's GPU Conference: CEO, Pres Jensen Hsun Huang Says Investment In Self-Driving Technology Will Rise Following Uber Fatality",2018-03-27 15:43:00-04:00,NVDA,2018-03-27
From NVIDIA's GPU Conference In San Jose: Co. Unveiled Cloud Application Used To Simulate Self-Driving Vehicles,2018-03-27 14:02:00-04:00,NVDA,2018-03-27
Nvidia To Halt AV Fleet Testing As Uber Investigates Fatal Crash,2018-03-27 13:31:00-04:00,NVDA,2018-03-27
NVIDIA Press Release Highlights Series Of Important Advances To Deep Learning Computing Platform,2018-03-27 13:07:00-04:00,NVDA,2018-03-27
"'Update: Nvidia tells CNBC that it is ""temporarily suspending the testing of [its] self-driving cars on public roads to learn from the Uber incident""'-CNBC Now Tweet",2018-03-27 13:05:00-04:00,NVDA,2018-03-27
"UPDATE: NVIDIA Will Suspend Self-Driving Auto Test On Public Roads 'To Learn From The Uber Incident,' Co.'s Global Fleet Of Manually-Driven Data Collection Autos Continue To Operate",2018-03-27 12:57:00-04:00,NVDA,2018-03-27
NVIDIA Temporarily Suspends Self Driving Testing Across Globe Following Uber Fatality,2018-03-27 11:59:00-04:00,NVDA,2018-03-27
Ethereum Mining Competition Turns Susquehanna Bearish On AMD,2018-03-26 15:35:00-04:00,NVDA,2018-03-26
What To Expect From Nvidia's Analyst Day,2018-03-26 13:22:00-04:00,NVDA,2018-03-26
"NVIDIA Shares Up 2% Mon. Ahead Of Analyst Day On Tues.; BMO Sees 'very upbeat tone...particularly in light of the truly solid string of results the
company has continued to deliver'",2018-03-26 12:53:00-04:00,NVDA,2018-03-26
"The Week Ahead: Apple Holds A Special Event, Roku's Lockup Expires And More",2018-03-26 11:21:00-04:00,NVDA,2018-03-26
Vetr Crowd Upgrades Nvidia To Strong Buy,2018-03-23 06:59:00-04:00,NVDA,2018-03-23
Vetr Crowd Downgrades Nvidia,2018-03-21 17:04:00-04:00,NVDA,2018-03-22
Esports Continue To Become More Mainstream And a Bigger Part Of The Gaming Industry,2018-03-21 16:17:00-04:00,NVDA,2018-03-22
Vetr Crowd Upgrades Nvidia To Strong Buy,2018-03-21 07:05:00-04:00,NVDA,2018-03-21
"ICYMI: Nvidia, Apple Supplier Sinks, AT&T In Court",2018-03-19 17:01:00-04:00,NVDA,2018-03-20
B Riley FBR: Nvidia Remains Attractive For Growth Investors Ahead Of Analyst Day,2018-03-19 11:41:00-04:00,NVDA,2018-03-19
"Jim Cramer Advises His Viewers On Disney, AMD, RH And More",2018-03-14 07:42:00-04:00,NVDA,2018-03-14
AMD Investors Shrug Off Negative Headlines,2018-03-13 14:09:00-04:00,NVDA,2018-03-13
NVIDIA Tells Benzinga It Declines To Comment On Earlier Digitimes Article Suggesting The Company Is Planning For A Slowdown In Demand For Cryptocurrency Mining Chips,2018-03-13 11:48:00-04:00,NVDA,2018-03-13
"Chip Stocks Largely Unaffected As Traders Circulate Earlier DigiTimes Article 'Nvidia wary of possible cryptocurrency demand drop': NVIDIA Shares Up 0.6%, AMD Up 0.5%, Intel Up 1.8%",2018-03-13 09:17:00-04:00,NVDA,2018-03-13
"Alibaba, Intel, Nvidia, US Steel: 'Fast Money' Picks For March 13",2018-03-13 07:22:00-04:00,NVDA,2018-03-13
Nvidia Said to be Taking Steps to Offset Drop in Cryptocurrency Mining Demand -DigiTimes,2018-03-13 05:11:00-04:00,NVDA,2018-03-13
"Stocks That Made New 52-Wk Highs This Morning Include: Edward Lifesciences, Raymond James, NVIDIA, Goldman Sachs, Fastenal, Intercontinental Exchange, Xilinx, CBRE, Bank of America, Oracle, KeyCorp, Intuit, and IHS Markit",2018-03-12 10:42:00-04:00,NVDA,2018-03-12
"ICYMI: Cigna And Express Scripts, AMD And Nvidia, Amazon And Wayfair",2018-03-08 16:49:00-05:00,NVDA,2018-03-09
Nvidia Option Alert: May 18 $240 Puts at the Ask: 700 @ $17.301 vs 403 OI; Ref=$241.76,2018-03-08 12:54:00-05:00,NVDA,2018-03-08
"4 Semiconductor Stocks Grossly 'Underowned', According To Bank Of America",2018-03-08 12:40:00-05:00,NVDA,2018-03-08
An Eventful February Took Its Toll On TD Ameritrade's Investor Index,2018-03-06 16:17:00-05:00,NVDA,2018-03-07
Investor Movement Index February Summary,2018-03-06 11:55:00-05:00,NVDA,2018-03-06
Semi Execs Present Optimistic View At Morgan Stanley's TMT Conference,2018-02-27 15:37:00-05:00,NVDA,2018-02-27
"Citi Names Intel A Top Pick, Calls Stock 'The Micron Of 2018'",2018-02-27 09:40:00-05:00,NVDA,2018-02-27
"Domo Arigato, Mr. Roboto: First Trust Launches AI, Robotics ETF",2018-02-25 15:21:00-05:00,NVDA,2018-02-25
"Cyclical Fears For Semis Are Rising, Says Deutsche Bank",2018-02-24 15:59:00-05:00,NVDA,2018-02-24
"ICYMI: Wayfair's Q4, Snapchat Gets Dissed, Cryptos And Semiconductors",2018-02-22 17:08:00-05:00,NVDA,2018-02-23
How Long Will The Cryptocurrency GPU Boom Last?,2018-02-22 12:09:00-05:00,NVDA,2018-02-22
"Chip Stocks Higher Tues. Despite Seeing Some Notable Bearish Option Activity: NVIDIA Up 2%, AMD Up 1.6%, Micron Up 1.3% (See Body Of This Headline For Details On Option Activity",2018-02-20 15:07:00-05:00,NVDA,2018-02-20
"Stocks That Made New 52-Wk Highs Earlier Today Include: Moody's, Adobe, Cognizant, Zoetis, Salesforce, NVIDIA, Red Hat, CSRA, Intuit, Coty, Garmin, Global Payments, and Ansys",2018-02-20 15:01:00-05:00,NVDA,2018-02-20
Amplify ETFs CEO Breaks Down The Merits Of Blockchain Investing,2018-02-18 09:53:00-05:00,NVDA,2018-02-18
"Stocks That Made New 52-Wk Highs Earlier Include: Accenture, M&T Bank, PNC, Ansys, Lockheed Martin, Deere, Raytheon, Intuit, Comerica, Interpuclic, Northrop Grumman, VeriSign, Estee Lauder, Bristol-Myers, Red Hat, Nike, NVIDIA and Global Payments",2018-02-16 13:03:00-05:00,NVDA,2018-02-16
Vetr Crowd Downgrades Nvidia To Hold,2018-02-15 16:11:00-05:00,NVDA,2018-02-16
Form 4 Filing Late Tuesday Showed NVIDIA Director Perry Sold 17.307K Shares at $227.93,2018-02-14 09:27:00-05:00,NVDA,2018-02-14
"Chip Stocks Lower Premarket: Micron Shares Down 1.6%, Western Digital Down 1.5%, AMD Down 0.9%, NVIDIA Down 0.6%; Traders Attributing Weakness To Nikkei Report 'Apple in talks for first order from a Chinese chipmaker'",2018-02-14 08:42:00-05:00,NVDA,2018-02-14
A Look at AMD's New Gaming APUs,2018-02-12 14:45:00-05:00,NVDA,2018-02-12
"Benzinga's Bulls & Bears Of The Week: Apple, Cisco, Lululemon, Nike, Wells Fargo And More",2018-02-12 08:03:00-05:00,NVDA,2018-02-12
44 Biggest Movers From Friday,2018-02-12 05:01:00-05:00,NVDA,2018-02-12
BofA: Three Semiconductor Picks In A Choppy Market,2018-02-10 16:31:00-05:00,NVDA,2018-02-12
Wall Street Reacts To Nvidia's Blowout Q4 Quarter,2018-02-09 14:59:00-05:00,NVDA,2018-02-09
Jim Cramer Tweets 'they couldn't crack the market at the 2:45 post.. good sign typically to 3:30...i would go buy some Nvidia $NVDA right now betting that the 2:45 checkpoint held',2018-02-09 14:49:00-05:00,NVDA,2018-02-09
Mid-Afternoon Market Update: Dow Falls Over 250 Points; Expedia Shares Tumble On Earnings Miss,2018-02-09 14:31:00-05:00,NVDA,2018-02-09
Amended 13G Filing From Vanguard Shows 6.78% Stake In NVIDIA,2018-02-09 13:07:00-05:00,NVDA,2018-02-09
38 Stocks Moving In Friday's Mid-Day Session,2018-02-09 12:56:00-05:00,NVDA,2018-02-09
Mid-Day Market Update: Crude Oil Down Over 2%; Mobileiron Shares Spike Higher,2018-02-09 12:07:00-05:00,NVDA,2018-02-09
"BMO Capital Maintains Market Perform on NVIDIA, Raises price target to $225.00",2018-02-09 11:53:00-05:00,NVDA,2018-02-09
"B. Riley Maintains Buy on NVIDIA, Raises price target to $290.00",2018-02-09 11:36:00-05:00,NVDA,2018-02-09
5 Tech Growth Stocks To Click With Investors Despite Selloff,2018-02-09 11:26:00-05:00,NVDA,2018-02-09
"Morgan Stanley Maintains Equal-Weight on NVIDIA, Raises price target to $258.00",2018-02-09 11:12:00-05:00,NVDA,2018-02-09
Mid-Morning Market Update: Markets Open Higher; NVIDIA Earnings Beat Estimates,2018-02-09 10:31:00-05:00,NVDA,2018-02-09
Benzinga Pro's 6 Stocks To Watch Today,2018-02-09 10:19:00-05:00,NVDA,2018-02-09
"The Market In 5 Minutes: Budget Deal, MoviePass, Nvidia, And More",2018-02-09 10:15:00-05:00,NVDA,2018-02-09
5 Biggest Price Target Changes For Friday,2018-02-09 10:13:00-05:00,NVDA,2018-02-09
Munster On Nvidia's Q4: 'Its Products Are A Foundational Part Of The Future Of Technology',2018-02-09 09:43:00-05:00,NVDA,2018-02-09
"NVIDIA Shares Moving Lower Off The Open, Traders Attributing Move To Big Seller In Shares",2018-02-09 09:42:00-05:00,NVDA,2018-02-09
"Deutsche Bank Maintains Hold on NVIDIA, Raises price target to $230.00",2018-02-09 08:58:00-05:00,NVDA,2018-02-09
KeyBanc Has Valuation Concerns With Nvidia's Stock,2018-02-09 08:20:00-05:00,NVDA,2018-02-09
"Citigroup Maintains Buy on NVIDIA, Raises price target to $270.00",2018-02-09 08:20:00-05:00,NVDA,2018-02-09
28 Stocks Moving In Friday's Pre-Market Session,2018-02-09 08:06:00-05:00,NVDA,2018-02-09
A Peek Into The Markets: U.S. Stock Futures Mixed Ahead Of Wholesale Trade Report,2018-02-09 07:08:00-05:00,NVDA,2018-02-09
"8 Stocks To Watch For February 9, 2018",2018-02-09 04:27:00-05:00,NVDA,2018-02-09
"ICYMI: Nvidia, Snap, The VIX, And MoviePass",2018-02-08 17:52:00-05:00,NVDA,2018-02-09
8 Stocks Moving In Thursday's After-Hours Session,2018-02-08 17:26:00-05:00,NVDA,2018-02-09
"From NVIDIA Q4 Earnings Conference Call: CFO Colette Kress Says While Overall Contribution From Crypto Is Difficult To Quantify, Segment Was Higher As A Percentage Of Sales This Qtr. vs Last Qtr.",2018-02-08 17:22:00-05:00,NVDA,2018-02-09
Nvidia Caps Record Year With Big Q4 Earnings Beat,2018-02-08 16:38:00-05:00,NVDA,2018-02-09
"NVIDIA Shares Up 5.3% Following Q4 Earnings Beat, Q1 Guidance",2018-02-08 16:25:00-05:00,NVDA,2018-02-09
NVIDIA Sees Q1 Sales $2.9B Plus Or Minus 2% vs $2.47B Est.,2018-02-08 16:22:00-05:00,NVDA,2018-02-09
"NVIDIA Reports Q4 Adj. EPS $1.72 vs $1.16 Est., Sales $2.9B vs $2.68B Est.",2018-02-08 16:20:00-05:00,NVDA,2018-02-09
Video: Does The Tech Selling Scare You Away From Buying NVIDIA stock?,2018-02-08 11:01:00-05:00,NVDA,2018-02-08
"ICYMI: Snap Earnings, VIX Instruments, AMD And Nvidia",2018-02-08 09:02:00-05:00,NVDA,2018-02-08
Benzinga Pro's 6 Stocks To Watch Today,2018-02-08 08:45:00-05:00,NVDA,2018-02-08
Nvidia Q4 Earnings Preview,2018-02-08 08:19:00-05:00,NVDA,2018-02-08
"13 Stocks To Watch For February 8, 2018",2018-02-08 04:54:00-05:00,NVDA,2018-02-08
"Earnings Scheduled For February 8, 2018",2018-02-08 04:36:00-05:00,NVDA,2018-02-08
Which Chipmaker Leads The Autonomous Driving Space?,2018-02-07 12:18:00-05:00,NVDA,2018-02-07
"Is Nvidia A Buy? Only If Shares Fall Further, Says Miller Tabak Analyst",2018-02-07 11:49:00-05:00,NVDA,2018-02-07
"'Busiest Trading Day Ever': Brokerages, Retail Clients React To Volatility",2018-02-06 15:54:00-05:00,NVDA,2018-02-06
"ICYMI: Super Bowl Commercials, Nvidia, Roku, And A Bitcoin Bull",2018-02-05 17:33:00-05:00,NVDA,2018-02-06
Vetr Crowd Upgrades Nvidia To Buy,2018-02-05 14:41:00-05:00,NVDA,2018-02-05
The Week Ahead: IPOs Ramp Up Just As Earnings Season Fades,2018-02-05 13:22:00-05:00,NVDA,2018-02-05
Nvidia Partners With Continental On AI Self-Driving Cars,2018-02-05 12:42:00-05:00,NVDA,2018-02-05
"Amazon, Nvidia, And 3 Other Stocks In A Bullish Technical Trend",2018-02-05 12:32:00-05:00,NVDA,2018-02-05
Disney Earnings Preview: Will Fox Deal Distract From Everything Else?,2018-02-05 11:25:00-05:00,NVDA,2018-02-05
"Continental, NVIDIA Report Partnership For Enabling Of Global Production Of AI For Self-Driving Cars",2018-02-05 10:36:00-05:00,NVDA,2018-02-05
"Continental, NVIDIA Partner to Enable Worldwide Production of AI Self-Driving Cars; Sees 2021 Market Introduction For Continental Autonomous Vehicle Systems",2018-02-05 09:03:00-05:00,NVDA,2018-02-05
"Citron Thinks Nvidia Shares Could Fall 15%, Calls It 'Great Company, Dangerous Stock'",2018-02-02 11:07:00-05:00,NVDA,2018-02-02
Citron Tweets '$nvda shareholders can expect to see $200.  Since Jan 1 $nvda has added over $30 bil in mkt cap (more than 2 $amd valuations).  Great company dangerous stock',2018-02-02 09:54:00-05:00,NVDA,2018-02-02
The Companies Behind The Chips That Power Cryptocurrency Mining,2018-02-02 07:25:00-05:00,NVDA,2018-02-02
"ICYMI: Nvidia, Qorvo, Bitcoin Breaks Down",2018-02-01 17:32:00-05:00,NVDA,2018-02-02
Aquantia Shares Seeing Continued Upside From Monday's Announcement Co. Will Partner With NVIDIA On Autonomous Cars; Since News Of Partnership Stock Has Gained 26%,2018-02-01 14:16:00-05:00,NVDA,2018-02-01
Earnings Preview: Reports From ExxonMobil And Chevron Wrap Up A Busy Week,2018-02-01 14:07:00-05:00,NVDA,2018-02-01
"Goldman Sachs Removes Nvidia From Conviction List, But Maintains Bullish Stance",2018-02-01 11:00:00-05:00,NVDA,2018-02-01
NVIDIA Shares Down 1.6% Premarket; Goldman Removes Stock From 'Conviction Buy' List,2018-02-01 06:20:00-05:00,NVDA,2018-02-01
"Samsung Enters The Cryptocurrency Mining Space, Announces First-Ever Stock Split",2018-01-31 10:28:00-05:00,NVDA,2018-01-31
What AMD's Q4 Means For The Semi Space,2018-01-31 09:16:00-05:00,NVDA,2018-01-31
AMD Bear Admits Q4 Earnings Upside Is Likely On Cryptocurrency Strength,2018-01-29 14:32:00-05:00,NVDA,2018-01-29
Aquantia Reports Will Deliver Multi-Gig Ethernet Capabilities On NVIDIA's DRIVE Autonomous Vehicle Platforms,2018-01-29 09:13:00-05:00,NVDA,2018-01-29
A Third Blockchain ETF Debuts,2018-01-26 07:35:00-05:00,NVDA,2018-01-26
NVIDIA To Report Q4 Results Feb. 8 After Hours Approximately 4:20pm ET,2018-01-25 17:01:00-05:00,NVDA,2018-01-26
Off The Block: A Fast Start For A Blockchain ETF,2018-01-25 07:41:00-05:00,NVDA,2018-01-25
"Chip Stocks Q4 Earnings: Intel Sets The Tone For AMD, Nvidia",2018-01-24 16:58:00-05:00,NVDA,2018-01-25
"ICYMI: Ransomware Hits Allscripts, Trump's Tariffs, New IPOs, And Ethereum",2018-01-23 17:11:00-05:00,NVDA,2018-01-24
Ferocious FANGs: Leveraged ETNs For The Tech Sector Debut,2018-01-23 17:05:00-05:00,NVDA,2018-01-24
Vetr Community Downgrades Nvidia,2018-01-23 16:48:00-05:00,NVDA,2018-01-24
An ETF For Early Exposure To The Electric Car Market,2018-01-23 10:56:00-05:00,NVDA,2018-01-23
"Morgan Stanley Sees Ethereum's Strength Benefiting AMD, Nvidia",2018-01-23 10:01:00-05:00,NVDA,2018-01-23
"Morgan Stanley Raises Estimates On AMD, NVIDIA Amid Ethereum Strength, Says 'In Oct. we published an analysis suggesting Ethereum mining should slow, but a 200%+ increase in the currency value changes those economics materially'",2018-01-23 07:46:00-05:00,NVDA,2018-01-23
An Electric Vehicle ETF Revs Up,2018-01-22 08:51:00-05:00,NVDA,2018-01-22
"Benzinga's Weekly Bulls & Bears: Apple, Eli Lilly, GE, Nike And More",2018-01-20 16:50:00-05:00,NVDA,2018-01-22
BofA: Nvidia Is The Beneficiary Of A Supercomputing 'Arms Race',2018-01-19 12:11:00-05:00,NVDA,2018-01-19
Nvidia Shares Rise 4.5% Premarket to $228.75 as Bank of America Raises PT to $275,2018-01-19 06:07:00-05:00,NVDA,2018-01-19
Nvidia Option Alert: Feb 16 $255 Calls at the Ask: 1350 @ $1.48 vs 282 OI; Earnings 2/8 After Close [est] Ref=$218.92,2018-01-17 11:13:00-05:00,NVDA,2018-01-17
Bernstein Surveys The Semis Space After 'Processor-Gate',2018-01-16 17:02:00-05:00,NVDA,2018-01-17
18 Stocks And ETFs To Watch In 2018,2018-01-15 08:32:00-05:00,NVDA,2018-01-15
"AI Development In Automotive Is 'Full Steam Ahead,' Nvidia Exec Says In Detroit",2018-01-14 18:15:00-05:00,NVDA,2018-01-15
Here Are The 5 Most Bought And Sold Stocks Of TD Ameritrade Clients In 2017,2018-01-12 17:36:00-05:00,NVDA,2018-01-15
"ICYMI: Snap Sinks, Bitcoin Trust Splits, Facebook's Facelift, Intel's 'Processor-Gate'",2018-01-12 17:29:00-05:00,NVDA,2018-01-15
"Bank Of America On AMD, Nvidia, And Intel's 'Processor-Gate'",2018-01-12 13:43:00-05:00,NVDA,2018-01-12
TD Ameritrade Index Indicates Retail Investors Are At Their Most Bullish Point Yet,2018-01-12 12:51:00-05:00,NVDA,2018-01-12
"Auto Stock Roundup: Self-Driving Move Continues, Recalls Keep Hurting",2018-01-11 12:08:00-05:00,NVDA,2018-01-11
Nvidia At CES: Oppenheimer's Major Takeaways,2018-01-10 14:32:00-05:00,NVDA,2018-01-10
Investor Movement Index December Summary,2018-01-09 10:35:00-05:00,NVDA,2018-01-09
"Maxim Integrated Products Reports Collaboration With NVIDIA For Autonomous Driving, Safety Applications",2018-01-09 09:11:00-05:00,NVDA,2018-01-09
"Foresight Autonomous Shares Up 18.96%; In Earlier 6-K Filing Presentation, Co. Reported Collaboration With Nvidia In Rail",2018-01-08 14:50:00-05:00,NVDA,2018-01-08
"The Market In 5 Minutes: Bitcoin ETFs, GoPro Downgrade, Nvidia Partners With Uber And Volkswagen",2018-01-08 09:00:00-05:00,NVDA,2018-01-08
"Nvidia To Partner With Volkswagen, Uber For Self-Driving Car Technology",2018-01-08 09:00:00-05:00,NVDA,2018-01-08
NVIDIA Announces Big Format Gaming Displays at #CES2018,2018-01-08 04:21:00-05:00,NVDA,2018-01-08
"NVIDIA, Aurora Announce Collaboration to Build Next-Generation Autonomous Vehicle Computer Platform at #CES2018",2018-01-08 04:17:00-05:00,NVDA,2018-01-08
"Volkswagen, NVIDIA Announce Use of NVIDIA DRIVE IX with AI in Future Vehicle Lineup at #CES2018",2018-01-08 04:15:00-05:00,NVDA,2018-01-08
Uber Selects NVIDIA Technology for AI Computer System to Power Its Self-Driving Fleets; Announcement Made at CES#2018,2018-01-08 04:10:00-05:00,NVDA,2018-01-08
"NVIDIA, ZF, Baidu Launch Industry's First AI Autonomous Vehicle Computer for China at#CES2018",2018-01-08 03:49:00-05:00,NVDA,2018-01-08
"New Year's Benzinga Bulls & Bears: Apple, Disney, Netflix And More",2018-01-07 13:32:00-05:00,NVDA,2018-01-07
"Barron's Picks And Pans: FedEx, Intel, Caterpillar And More",2018-01-06 15:07:00-05:00,NVDA,2018-01-06
REMINDER: NVIDIA CEO To Present At CES Sunday Jan. 7th 11pm ET,2018-01-05 13:53:00-05:00,NVDA,2018-01-05
Analysts Weigh In On Intel's Security Issues,2018-01-04 14:22:00-05:00,NVDA,2018-01-04
Cramer: AMD Needs To Take Advantage Of Intel's 'Messy' Security Issues,2018-01-04 12:59:00-05:00,NVDA,2018-01-04
"ICYMI: Intel's Issues Impact AMD, Nvidia A Favorite At BofA, Citron Calls Out Cannabis Company",2018-01-03 17:58:00-05:00,NVDA,2018-01-04
Chip Stocks Volatile Hearing Amid Report Intel Offered Response To Report Of Security Research Findings,2018-01-03 15:06:00-05:00,NVDA,2018-01-03
"Nvidia, AMD Among Top Semis In 2018, According To Bank Of America",2018-01-03 14:08:00-05:00,NVDA,2018-01-03
"Intel's Potentially Major Security Flaw Boosting AMD, Other Chip Stocks",2018-01-03 09:06:00-05:00,NVDA,2018-01-03
Taiwan Semiconductor Lands Short Lead-time HPC Chip Orders from China -DigiTimes,2018-01-02 04:15:00-05:00,NVDA,2018-01-02
Our Most-Read Stories Of The Year,2017-12-30 10:12:00-05:00,NVDA,2017-12-30
"Bitcoin, China, And AI Highlight Some Of The Year's Best ETFs",2017-12-28 15:15:00-05:00,NVDA,2017-12-28
Chips On The Table: An Aggressive Semiconductor Idea,2017-12-28 09:08:00-05:00,NVDA,2017-12-28
"Stocks Which Moved Lower Last Time There Was Major Cryptocurrency News (Dec. 22), But Are Higher Pre-Market Thurs.: On Track Innovation Shares Up 2.5%, Seven Stars Cloud 1.4%, Social Reality 1%, AMD 0.5%, NVIDIA 0.3%",2017-12-28 06:53:00-05:00,NVDA,2017-12-28
"Melco Resorts, Nvidia, Tesla, SMH: 'Fast Money' Picks For December 27",2017-12-27 07:06:00-05:00,NVDA,2017-12-27
"AMD, Fitbit Top List Of Robinhood Broker's 'Most Traded' Stocks Of The Year",2017-12-23 10:52:00-05:00,NVDA,2017-12-23
12 Stocks Getting Crushed By Bitcoin's Rout,2017-12-22 13:38:00-05:00,NVDA,2017-12-22
"AMD Shares Down 4.5%, NVIDIA Shares Down Nearly 2%; Some Traders Attributing Weakness To Decline In Bitcoin/Other Cryptocurrencies",2017-12-22 10:47:00-05:00,NVDA,2017-12-22
"Jim Cramer Advises His Viewers On Groupon, Buckle And More",2017-12-21 07:08:00-05:00,NVDA,2017-12-21
"Watching Semi/Chip Stocks Following Micron Earnings Beat, Strong Q2 Guidance; Western Digital Shares Up 1%, Intel, AMD Up 0.5%, NVIDIA Up 0.4%",2017-12-19 16:24:00-05:00,NVDA,2017-12-20
"Benzinga's Weekly Bulls & Bears: Bitcoin, Ford, Lululemon, Nike And More",2017-12-17 11:47:00-05:00,NVDA,2017-12-17
"NVIDIA May Reportedly Offer Short-Term, Unsecured Commercial Paper Notes Of Up To $575M",2017-12-15 16:37:00-05:00,NVDA,2017-12-18
NVIDIA Late Tuesday Announced Partnership With Japanese Construction Co. Komatsu,2017-12-13 09:35:00-05:00,NVDA,2017-12-13
"ICYMI: MoviePass' Unexpected New Partner, Venture Capitalist Makes A Pair Of Calls, Premarket Prep's Bitcoin Special",2017-12-13 07:23:00-05:00,NVDA,2017-12-13
"Short Seller Claims 'If You Want Something Bitcoin-Related, Digital Power Isn't It'",2017-12-12 14:08:00-05:00,NVDA,2017-12-12
What's Up With Nvidia?,2017-12-12 11:12:00-05:00,NVDA,2017-12-12
UPDATE: Social Capital's Chamath Palihapitiya On CNBC Said NVIDIA Could Be A Short In Chip Space,2017-12-12 08:35:00-05:00,NVDA,2017-12-12
"Social Capital's Chamath Palihapitiya Currently On CNBC Discussing Chip Cos. Cautiously; Could Explain Move Lower In NVIDIA, AMD",2017-12-12 08:23:00-05:00,NVDA,2017-12-12
UPDATE: NVIDIA Shares Down 1.2% In Pre-Market Trade; Not Yet Seeing Any News To Justify Move Lower,2017-12-12 08:22:00-05:00,NVDA,2017-12-12
"NVIDIA Shares Fall ~$3 In Pre-Market Action, Touch Low At $190.75",2017-12-12 08:21:00-05:00,NVDA,2017-12-12
AI In Focus: 3 Pure-Play Stocks That Hold Promise,2017-12-11 12:50:00-05:00,NVDA,2017-12-11
How 3 College Students Turned $500K Into $2.6 Million In 4 Weeks,2017-12-09 16:33:00-05:00,NVDA,2017-12-11
"ICYMI: Digital Power Shares Sink On News, Unexpected Winners From A Tesla Report, And Will Bitcoin Go Boom Or Bust?",2017-12-09 13:22:00-05:00,NVDA,2017-12-09
"UPDATE: Loup's Bohlig Tells Benzinga If Other OEMs Bring Development Of A.I. Chips For Autonomous In-House He Would Reconsider NVIDIA Thesis, But Most Will Likely 'Leave chip development to the experts.'",2017-12-08 11:32:00-05:00,NVDA,2017-12-08
"UPDATE: Loup Ventures' Bohlig Tells Benzinga Tesla Is Just One Potential Customer' For NVIDIA, Every Autonomous Car 'Will eventually need to integrate NVDA or similar competitor chips'",2017-12-08 11:32:00-05:00,NVDA,2017-12-08
"Loup Ventures' Austin Bohlig Tells Benzinga NVIDIA Likely Unhurt If Tesla Develops Its Own A.I. Chips, Says: 'Unless Tesla is going to be the only car sold in 10 years, I don't see this as a negative to the [NVIDIA] thesis.'",2017-12-08 11:32:00-05:00,NVDA,2017-12-08
"Tesla Developing Its Own AI Chip, Analyst Says Chipmakers Could Gain Manufacturing Contracts",2017-12-08 10:22:00-05:00,NVDA,2017-12-08
"UPDATE: Tigress' Feinseth Tells Benzinga He Believes Tesla Wants To Collaborate With NVIDIA or Skyworks Solutions, Says 'Tesla's not going to, in theory, buy a chip factory'",2017-12-08 10:17:00-05:00,NVDA,2017-12-08
"Tigress Financial's Ivan Feinseth Reacts To Report Tesla Designing Its Own A.I. Chip For Vehicles, Tells Benzinga He Believes If Tesla Is Designing Chip Will Likely 'Go to somebody like NVIDIA or Skyworks to work on actually making the chip.'",2017-12-08 10:17:00-05:00,NVDA,2017-12-08
"Tesla Shares Up Slightly Pre-Market Following Electrek Report Co. Working On Its Own A.I. Chip For Autonomous Vehicles, Potentially Impactful For Nvidia, Skyworks Solutions Among Others",2017-12-08 09:02:00-05:00,NVDA,2017-12-08
"NVIDIA Announces TITAN V, World's Most Powerful GPU for the PC",2017-12-08 04:18:00-05:00,NVDA,2017-12-08
One Big Reason Why Tech Stocks Are Not In The 'Dot-Com Bubble',2017-12-07 12:39:00-05:00,NVDA,2017-12-07
"Rotation, Rotation, Rotation: Value Is The New Tech",2017-12-05 15:31:00-05:00,NVDA,2017-12-05
VentureBeat Reports 'Nvidia launches Shield TV set-top box in China with remastered Nintendo titles',2017-12-05 12:33:00-05:00,NVDA,2017-12-05
Has Weakness In Semiconductor Stocks Made It Time To Buy?,2017-12-05 12:32:00-05:00,NVDA,2017-12-05
"Nvidia Shares Have Moved +4.1% Over Last 10 Minutes, Now Up 2.5% At $191.37",2017-12-05 10:05:00-05:00,NVDA,2017-12-05
Vetr Upgrades Nvidia,2017-12-04 17:13:00-05:00,NVDA,2017-12-05
Seeing 2nd Notable Block Trade In NVIDIA In After Hours Session Of 3.3M Shares At $186.48/Share,2017-12-04 16:23:00-05:00,NVDA,2017-12-05
Seeing Notable Block Trade In NVIDIA of 3.3M Shares At $186.66/Share,2017-12-04 16:17:00-05:00,NVDA,2017-12-05
Back The Blockchain With This ETF,2017-12-04 14:55:00-05:00,NVDA,2017-12-04
Semiconductor Stocks Are Under Heavy Selling Pressure,2017-12-04 14:33:00-05:00,NVDA,2017-12-04
"Seeing Continued Rotation/Profit-Taking In Year-to-Date Outperforming Semiconductor Stocks; AMD -5.36%, Nvidia -4.43%, Micron -3.36%, iShares Semi ETF SOXX -1.687%",2017-12-04 14:26:00-05:00,NVDA,2017-12-04
Is It Time To Remove General Electric From The Dow 30?,2017-12-03 17:21:00-05:00,NVDA,2017-12-04
Seeing Notable Block Trade In NVIDIA Of 3.8M Shares At $197.65/Share,2017-12-01 17:01:00-05:00,NVDA,2017-12-04
Tech ETFs And Stocks Tumble: Time To Buy?,2017-11-30 12:57:00-05:00,NVDA,2017-11-30
Nvidia Invests In Bay Area Artificial Intelligence Startup,2017-11-30 12:01:00-05:00,NVDA,2017-11-30
"NVIDIA, Wells Fargo Lead $40M Investment Round In A.I. Startup H20.ai, An Open-Source Deep Learning Platform For Predictive Maintenance, Security, Fraud, Auditing, Etc.",2017-11-30 11:59:00-05:00,NVDA,2017-11-30
Traders See Signs Of Rotation Into Financials Amid Nasdaq's Worst Day In Months,2017-11-29 12:46:00-05:00,NVDA,2017-11-29
NVIDIA Shares Not Reacting As Traders Circulate Rumor Softbank Purchased Stock,2017-11-29 10:26:00-05:00,NVDA,2017-11-29
Nikkei Publishes 'Internet of things promises sustained chip market surge'; Not Seeing Any Chip Stocks Moving On Report,2017-11-28 14:57:00-05:00,NVDA,2017-11-28
"Analyst: Bitcoin Mining Will Mean Less For Semis In 2018, AMD Is More Exposed Than Nvidia",2017-11-28 11:08:00-05:00,NVDA,2017-11-28
"AMD Shares Down ~3.8% For Session Amid Comments From Mizuho Suggesting Cryptomining Will Be Less Meaningful For Co., NVIDIA In '18, John Peddie Research Highlighting AMD Is Losing Graphics Market Share Despite Vega",2017-11-28 10:12:00-05:00,NVDA,2017-11-28
Why Nvidia Will Play An 'Integral' Role In The Future Of Tech,2017-11-27 10:16:00-05:00,NVDA,2017-11-27
Nuance Communications and NVIDIA to Partner to Advance Artificial Intelligence for Radiology,2017-11-27 08:13:00-05:00,NVDA,2017-11-27
Watch GE and NVIDIA After the Companies Announced a Partnership to Accelerate Artificial Intelligence in Healthcare,2017-11-27 06:50:00-05:00,NVDA,2017-11-27
"For Nvidia, Gaming Trends Could Make 2018 Another Standout Year",2017-11-21 15:01:00-05:00,NVDA,2017-11-21
"There Could Be 18% Upside Left In Nvidia, Analyst Says",2017-11-17 13:00:00-05:00,NVDA,2017-11-17
8 Biggest Price Target Changes For Friday,2017-11-17 09:59:00-05:00,NVDA,2017-11-17
"Canaccord Genuity Maintains Buy on NVIDIA, Raises Price Target to $250.00",2017-11-17 08:45:00-05:00,NVDA,2017-11-17
Todd Gordon's Nvidia Options Trade,2017-11-16 17:14:00-05:00,NVDA,2017-11-17
Intercontinental Exchange Reports Launch Of NYSE FANG+ Index Futures Contract,2017-11-16 08:32:00-05:00,NVDA,2017-11-16
"Nvidia Impresses At 2017 Supercomputing Conference, KeyBanc Says",2017-11-14 11:07:00-05:00,NVDA,2017-11-14
Retail Investors Keep Buying This Market,2017-11-13 14:42:00-05:00,NVDA,2017-11-13
AMD Has More To Lose Than Nvidia Should Bitcoin Mining Hardware Sales Decline,2017-11-13 13:51:00-05:00,NVDA,2017-11-13
"Long-Time Nvidia Bear Upgrades Stock, Lifts Target To $200",2017-11-13 10:34:00-05:00,NVDA,2017-11-13
5 Biggest Price Target Changes For Monday,2017-11-13 10:04:00-05:00,NVDA,2017-11-13
"Benzinga's Top Upgrades, Downgrades For November 13, 2017",2017-11-13 09:36:00-05:00,NVDA,2017-11-13
BMO Capital Upgrades NVIDIA to Market Perform,2017-11-13 07:22:00-05:00,NVDA,2017-11-13
44 Biggest Movers From Friday,2017-11-13 05:41:00-05:00,NVDA,2017-11-13
What Wall Street Thinks Of Nvidia's Huge Quarter,2017-11-10 14:03:00-05:00,NVDA,2017-11-10
35 Stocks Moving In Friday's Mid-Day Session,2017-11-10 12:41:00-05:00,NVDA,2017-11-10
Tap Nvidia's Growth Story With These Tech ETFs,2017-11-10 12:31:00-05:00,NVDA,2017-11-10
"Barclays Maintains Equal-Weight on NVIDIA, Raises Price Target to $225.00",2017-11-10 12:19:00-05:00,NVDA,2017-11-10
Nvidia's Q3 Success Dampens Fear Of Gaming Growth Slowdown,2017-11-10 12:13:00-05:00,NVDA,2017-11-10
"Bank of America Maintains Buy on NVIDIA, Raises Price Target to $251.00",2017-11-10 11:34:00-05:00,NVDA,2017-11-10
Game On: Intel Is Targeting Nvidia And AMD's Market Share,2017-11-10 11:18:00-05:00,NVDA,2017-11-10
Nvidia Bears Still Exist: Wells Fargo Keeps Stock Rated Underperform,2017-11-10 10:41:00-05:00,NVDA,2017-11-10
5 Biggest Price Target Changes For Friday,2017-11-10 09:46:00-05:00,NVDA,2017-11-10
"BMO Capital Maintains Underperform on NVIDIA, Raises Price Target to $135.00",2017-11-10 09:42:00-05:00,NVDA,2017-11-10
6 Technical Levels Discussed During Friday's PreMarket Prep,2017-11-10 09:40:00-05:00,NVDA,2017-11-10
"Nvidia Is 'En Fuego,' Analyst Lifts Target Price To $225",2017-11-10 09:34:00-05:00,NVDA,2017-11-10
"Benzinga's Top Upgrades, Downgrades For November 10, 2017",2017-11-10 09:30:00-05:00,NVDA,2017-11-10
"The Market In 5 Minutes: Nvidia, Roku, Star Wars, And More",2017-11-10 09:13:00-05:00,NVDA,2017-11-10
"Loop Capital Maintains Buy on NVIDIA, Raises Price Target to $235.00",2017-11-10 08:29:00-05:00,NVDA,2017-11-10
"Morgan Stanley Maintains Equal-Weight on NVIDIA, Raises Price Target to $222.00",2017-11-10 08:24:00-05:00,NVDA,2017-11-10
31 Stocks Moving In Friday's Pre-Market Session,2017-11-10 08:19:00-05:00,NVDA,2017-11-10
Here's What's Coming Up On PreMarket Prep For November 10,2017-11-10 08:04:00-05:00,NVDA,2017-11-10
Nomura Upgrades NVIDIA to Neutral,2017-11-10 07:50:00-05:00,NVDA,2017-11-10
A Peek Into The Markets: U.S. Stock Futures Decline Ahead Of J C Penney Earnings,2017-11-10 06:54:00-05:00,NVDA,2017-11-10
"7 Stocks To Watch For November 10, 2017",2017-11-10 05:09:00-05:00,NVDA,2017-11-10
"From NVIDIA Q3 Earnings Conference Call: Pres, CEO Jen-Hsun Huang Says Over Longer-Term Crypto Is Small For Co., 'But Not 0.' Mgmt. Believes Crypto Will Be Around For Sometime, At Level 'Kind Of Like [Crypto Is] Today",2017-11-09 17:48:00-05:00,NVDA,2017-11-10
10 Stocks Moving In Thursday's After-Hours Session,2017-11-09 17:04:00-05:00,NVDA,2017-11-10
Nvidia Raises Dividend From $0.14 To $0.15,2017-11-09 16:43:00-05:00,NVDA,2017-11-10
"Nvidia Reports Big Q3 Earnings Beat, Record Sales",2017-11-09 16:34:00-05:00,NVDA,2017-11-10
"NVIDIA Sees Q4 Sales $2.65B +/- 2% vs $2.43B Est., Adj. Gross Margins ~60% +/- 50 Bps",2017-11-09 16:21:00-05:00,NVDA,2017-11-10
"NVIDIA Reports Q3 Adj. EPS $1.33 vs $0.94 Est., Sales $2.64B vs $2.36B Est.",2017-11-09 16:20:00-05:00,NVDA,2017-11-10
Sizing Up The Sizzle In Semiconductor ETFs,2017-11-09 14:41:00-05:00,NVDA,2017-11-09
Nvidia Lower Heading Into Q3 Report,2017-11-09 13:35:00-05:00,NVDA,2017-11-09
Why Cryptocurrency Investors Should Pay Attention To Nvidia's Earnings,2017-11-09 09:56:00-05:00,NVDA,2017-11-09
"The Market In 5 Minutes: Adidas, Jobless Claims, And More",2017-11-09 08:54:00-05:00,NVDA,2017-11-09
Here's What's Coming Up On PreMarket Prep For November 9,2017-11-09 07:55:00-05:00,NVDA,2017-11-09
A Peek Into The Markets: U.S. Stock Futures Down Ahead Of Earnings,2017-11-09 06:36:00-05:00,NVDA,2017-11-09
"13 Stocks To Watch For November 9, 2017",2017-11-09 05:04:00-05:00,NVDA,2017-11-09
"Earnings Scheduled For November 9, 2017",2017-11-09 04:08:00-05:00,NVDA,2017-11-09
Expectations Mount For Nvidia; Analyst Raises Target To $190 Ahead Of Earnings,2017-11-08 15:44:00-05:00,NVDA,2017-11-08
"Nvidia Q3 Earnings Preview: A Tale Of Outstanding Fundamentals, Pricey Stock",2017-11-08 11:42:00-05:00,NVDA,2017-11-08
"Hearing Stifel Earlier Highlighted Negative Implications For NVIDIA Related To AMD Deal With Intel, AMD GPU Head Joining Intel; Said Intel Is Building A GPU, Parallel Processor To Compete Against NVIDIA",2017-11-08 10:24:00-05:00,NVDA,2017-11-08
"Deutsche Bank Maintains Hold on NVIDIA, Raises Price Target to $190.00",2017-11-08 09:01:00-05:00,NVDA,2017-11-08
No One Compares To Intel In Global Semiconductor Market Share,2017-11-07 14:45:00-05:00,NVDA,2017-11-07
What's Powering This Robotics ETF,2017-11-07 12:46:00-05:00,NVDA,2017-11-07
Does The AMD-Intel Chip Deal Really Matter For Nvidia?,2017-11-07 12:38:00-05:00,NVDA,2017-11-07
"The Week Ahead: Earnings Season Continues, Several IPOs, Notable Conferences On The Docket",2017-11-06 10:48:00-05:00,NVDA,2017-11-06
An Intel Core Processor With Custom AMD Graphics Is Coming,2017-11-06 09:49:00-05:00,NVDA,2017-11-06
Apple-Qualcomm News Shakes These 7 Stocks,2017-10-31 13:39:00-04:00,NVDA,2017-10-31
"Najarian Brothers See Unusual Options Activity In Melco, Pfizer, Nvidia and Abbvie",2017-10-30 15:38:00-04:00,NVDA,2017-10-30
"Apple, Nvidia, Western Digital: Fast Money Halftime Report Final Trades",2017-10-27 14:56:00-04:00,NVDA,2017-10-27
"Cramer Says The AMD Party Is Over, Calls Out Twitter Trolls",2017-10-27 11:49:00-04:00,NVDA,2017-10-27
"NVIDIA To Report Q3 Earnings On Thurs., Nov. 9 After Market Close",2017-10-26 17:03:00-04:00,NVDA,2017-10-27
"Tech Expert Sean Udall Predicts No Major Earnings Misses, Q4 Rotation",2017-10-26 12:15:00-04:00,NVDA,2017-10-26
"Nikkei Asian Review Reports NVIDIA CEO Huang Sees Fully Driverless Cars By 2021, But 'Has No Appetite For AI CHips For Mobile and Connected Devices'",2017-10-26 11:31:00-04:00,NVDA,2017-10-26
"The Market In 5 Minutes: Twitter Beats Estimates, WSJ Goes After Morningstar's Rating System",2017-10-26 09:01:00-04:00,NVDA,2017-10-26
NVIDIA Announces Collaboration with Taiwan's Ministry of Science and Technology to Accelerate Taiwan AI Development,2017-10-26 03:53:00-04:00,NVDA,2017-10-26
SoftBank's Son Aims To Control 90% Of The Chip Market,2017-10-25 11:41:00-04:00,NVDA,2017-10-25
"NVIDIA Shares Down 2% Over Last Few Moments, Not Seeing Any News To Justify Price Action",2017-10-25 11:11:00-04:00,NVDA,2017-10-25
"Stifel: AMD's Q3 Wasn't As Bad As It Seems, But Not As Good As Hoped",2017-10-25 08:31:00-04:00,NVDA,2017-10-25
"Robotics, AI Fund Thinks It's Found The 'New FAANG'",2017-10-24 08:40:00-04:00,NVDA,2017-10-24
"AMD, Microchip Tech Among Q3 Semiconductor Favorites At Jefferies",2017-10-23 15:21:00-04:00,NVDA,2017-10-23
Why This Analyst Boosted His Price Target 28% On 'Franchise Pick' Nvidia,2017-10-23 11:28:00-04:00,NVDA,2017-10-23
This AMD Bear Is No Less Bearish Ahead Of Q3 Earnings,2017-10-23 10:25:00-04:00,NVDA,2017-10-23
5 Biggest Price Target Changes For Monday,2017-10-23 09:50:00-04:00,NVDA,2017-10-23
A Benzinga HQ Exclusive: Ask Gene Munster Anything!,2017-10-22 19:47:00-04:00,NVDA,2017-10-23
"Fast Money Traders Share Their Picks: Cisco, Nvidia And More",2017-10-20 16:44:00-04:00,NVDA,2017-10-23
Benzinga's Option Alert Recap From October 19,2017-10-19 16:41:00-04:00,NVDA,2017-10-20
Nvidia Option Alert: Oct 27 $207.5 Calls Sweep (48) at the Bid: 1274 @ $0.443 vs 535 OI; Ref=$193.45,2017-10-19 09:52:00-04:00,NVDA,2017-10-19
Benzinga's Option Alert Recap From October 18,2017-10-18 17:01:00-04:00,NVDA,2017-10-19
Sizing Up Semiconductor ETFs For 2018,2017-10-18 15:22:00-04:00,NVDA,2017-10-18
Consumer Reports Withholds Recommendation From Microsoft's Surface Book 2,2017-10-18 11:38:00-04:00,NVDA,2017-10-18
Nvidia Option Alert: Nov 3 $177.5 Puts Sweep (33) at the Ask: 759 @ $0.73 vs 625 OI; Ref=$194.63,2017-10-18 10:07:00-04:00,NVDA,2017-10-18
Nvidia Seeing Strong Trends Heading Into Next Quarterly Print,2017-10-16 11:56:00-04:00,NVDA,2017-10-16
Nvidia Shares Make New 52-Week High $192.96,2017-10-12 14:06:00-04:00,NVDA,2017-10-12
"Nvidia Expands Lead In AI-Driven Vehicle Suppliers With New Products, New Partnerships",2017-10-12 14:03:00-04:00,NVDA,2017-10-12
"RBC Raises Price Target From $205 To $220, Says They Are Confident In Re-Acceleration In Data Center Spending, Sees Cont. Potential For EPS Upside Driven By DC and Gaming Both Near-Term And Long-Term",2017-10-12 13:54:00-04:00,NVDA,2017-10-12
An ETF Levered To The Cryptocurrency Trade,2017-10-12 09:21:00-04:00,NVDA,2017-10-12
The Current Bull And Bear Case For Nvidia,2017-10-11 09:21:00-04:00,NVDA,2017-10-11
"The Market In 5 Minutes: Alibaba's Expansion, Uber's Warning",2017-10-11 08:31:00-04:00,NVDA,2017-10-11
Robotics Analyst: Nvidia's AI Developments Don't Change The Self-Driving Car Timeline,2017-10-10 15:50:00-04:00,NVDA,2017-10-10
"Loup Venture's Austin Bohlig Tells Benzinga While Nvidia Has Slight Advantange In GPU space, 'AMD has made great progress...much more competitive today'",2017-10-10 15:42:00-04:00,NVDA,2017-10-10
"Loup Ventures' Austin Bohlig Responds To Nvidia-DHL News, Tells Benzinga 'similar announcements made with strategics' Will Be Catalysts For NVDA, AMD Shares In Coming Years",2017-10-10 15:42:00-04:00,NVDA,2017-10-10
4 Semiconductor Stocks Fund Managers Are Buying Most,2017-10-10 15:42:00-04:00,NVDA,2017-10-10
What AI And Autonomous Driving Mean For Nvidia Investors,2017-10-10 12:13:00-04:00,NVDA,2017-10-10
"The Market In 5 Minutes: Nvidia's Drive, Russia And Cryptos, And Carbon Emission Limits",2017-10-10 08:31:00-04:00,NVDA,2017-10-10
"American Airlines, Cypress Semi, Macy's, Nvidia: Fast Money Picks For October 10",2017-10-10 07:25:00-04:00,NVDA,2017-10-10
NVIDIA Issues Release Highlighting Deutsche Post DHL Group Has Selected Co.'s DRIVE PX For Autonomous Delivery Truck Fleet,2017-10-10 06:04:00-04:00,NVDA,2017-10-10
NVIDIA Unveils World's First AI Computer Aimed At Making Robotaxis A Reality,2017-10-10 06:02:00-04:00,NVDA,2017-10-10
Report: AMD Navi GPU Could Arrive By Next Year,2017-10-09 16:06:00-04:00,NVDA,2017-10-10
"Analysts More Positive On Nvidia, AMD Following Processor Conference",2017-10-09 15:49:00-04:00,NVDA,2017-10-09
Are Options Traders Betting On A Big Move in NVIDIA?,2017-10-09 12:23:00-04:00,NVDA,2017-10-09
Benzinga's Option Alert Recap From October 5,2017-10-05 16:28:00-04:00,NVDA,2017-10-06
"Tech Stock Roundup: MSFT, NVDA, TSLA, INTC and More",2017-10-05 12:13:00-04:00,NVDA,2017-10-05
"14% Upside Seen For Nvidia Shares On PC Gaming, Bitcoin Mining Strength",2017-10-05 11:03:00-04:00,NVDA,2017-10-05
Nvidia Option Alert: Jun 15 $180 Puts at the Bid: 900 @ $22.851 vs 882 OI; Ref=$180.67,2017-10-05 11:00:00-04:00,NVDA,2017-10-05
"Expect Nvidia, AMD To Ride Cryptocurrency Wave Into 2018",2017-10-05 08:48:00-04:00,NVDA,2017-10-05
"AMD, Nvidia Among Bank Of America's 9 Top Picks In A Q3 Strong For Semis",2017-10-03 15:52:00-04:00,NVDA,2017-10-03
5 Biggest Price Target Changes For Monday,2017-10-02 10:00:00-04:00,NVDA,2017-10-02
"Tech Tempts, But Valuations Look High",2017-10-02 09:06:00-04:00,NVDA,2017-10-02
5 Biggest Price Target Changes For Friday,2017-09-29 11:53:00-04:00,NVDA,2017-09-29
AMD Vs. Cypress Vs. Cavium: Which Semi Has Biggest Potential Upside,2017-09-28 12:10:00-04:00,NVDA,2017-09-28
"A.I. Summit in San Francisco Concludes Today, Attendees Include Morgan Stanley, Johnson & Johnson, Bank of America, IBM, Nvidia, Microsoft, Amazon and Footlocker",2017-09-28 08:37:00-04:00,NVDA,2017-09-28
Morgan Stanley Calls For 150% Upside In Ambarella,2017-09-27 09:35:00-04:00,NVDA,2017-09-27
"Tesla Spokesperson Tells Benzinga, 'Tesla's policy is to always decline to comment on speculation' Following Report Co. Shifting From NVIDIA To Intel For Infotainment Needs",2017-09-26 17:26:00-04:00,NVDA,2017-09-27
Intel Shares Spiking Higher Amid Report Tesla Is Shifting From NVIDIA To Intel Related To Infotainment,2017-09-26 15:43:00-04:00,NVDA,2017-09-26
Chinese OEMs Will Use Nvidia's HGX Reference Architecture For Data Centers,2017-09-26 09:56:00-04:00,NVDA,2017-09-26
NVIDIA Shares Higher Following Announcement that Chinese OEMs Will Use NVIDIA HGX Reference Architecture for Data Centers,2017-09-26 08:15:00-04:00,NVDA,2017-09-26
"When Bull Markets Die: What To Watch For, What Stocks Could Be The First To Get Hit",2017-09-25 12:26:00-04:00,NVDA,2017-09-25
Nibbling At A Semiconductor ETF,2017-09-25 08:29:00-04:00,NVDA,2017-09-25
AMD Sells Off As Tesla Rumor Cools Down; Analyst Calls Partnership 'Completely False',2017-09-22 09:59:00-04:00,NVDA,2017-09-22
Mid-Day Market Update: Calgon Carbon Gains On Acquisition News; JAKKS Pacific Shares Drop,2017-09-21 12:17:00-04:00,NVDA,2017-09-21
"Tesla-AMD Partnership Likely A 'Modest' Negative For Nvidia, But Its Competitive Moat Still Substantial",2017-09-21 11:36:00-04:00,NVDA,2017-09-21
What A Possible AMD-Tesla Deal Means For Nvidia,2017-09-21 09:38:00-04:00,NVDA,2017-09-21
RBC Analyst Comments On Implications For NVIDIA From Possible AMD/Tesla Deal: Deal 'will unlikely result in a single source dynamic (where Tesla only works with AMD)',2017-09-21 08:27:00-04:00,NVDA,2017-09-21
AMD Might Be Working With Tesla On An AI Chip,2017-09-20 16:35:00-04:00,NVDA,2017-09-21
Benzinga's Option Alert Recap From September 20,2017-09-20 16:18:00-04:00,NVDA,2017-09-21
"NVIDIA Shares Respond Lower, Down ~$1.20, Over Last Min. Following CNBC Report Tesla Working With AMD For Developing Of Its Own AI Chip For Self-Driving Cars",2017-09-20 15:55:00-04:00,NVDA,2017-09-20
Nvidia Option Alert: Sep 29 $182.5 Puts Sweep (25) at the Ask: 549 @ $2.07 vs 513 OI; Ref=$186.461,2017-09-20 12:25:00-04:00,NVDA,2017-09-20
Analyst: Tesla's Self-Driving Technology Is 'Exaggerated',2017-09-20 10:36:00-04:00,NVDA,2017-09-20
"AMD, Marvell Gain Semiconductor Share In Q3",2017-09-19 14:11:00-04:00,NVDA,2017-09-19
Fast Money Traders Share Their Picks In The Chip Space,2017-09-19 10:38:00-04:00,NVDA,2017-09-19
Vetr Crowd Downgrades Nvidia,2017-09-18 17:16:00-04:00,NVDA,2017-09-19
Benzinga's Option Alert Recap From September 18,2017-09-18 16:19:00-04:00,NVDA,2017-09-19
Any Nice Chart Needs A Catalyst; Nvidia Has One,2017-09-18 15:22:00-04:00,NVDA,2017-09-18
Nvidia Option Alert: Mar 16 $240 Calls at the Ask: 500 @ $7.1 vs 274 OI; Ref=$189.,2017-09-18 12:57:00-04:00,NVDA,2017-09-18
"Citron's Andrew Left, On CNBC, Says He's Not Currently Short NVIDIA",2017-09-18 12:47:00-04:00,NVDA,2017-09-18
Nvidia Option Alert: Jan 19 $185 Puts Above Ask!: 500 @ $15.901 vs 101 OI; Ref=$187.8033,2017-09-18 10:51:00-04:00,NVDA,2017-09-18
All The Reasons Bank Of America Just Bumped Its Nvidia Price Target To $210,2017-09-18 10:25:00-04:00,NVDA,2017-09-18
5 Biggest Price Target Changes For Monday,2017-09-18 09:38:00-04:00,NVDA,2017-09-18
Watch These 4 Huge Put Purchases In Monday Trade,2017-09-18 04:06:00-04:00,NVDA,2017-09-18
All The Nvidia Launches Thus Far This Year,2017-09-15 16:34:00-04:00,NVDA,2017-09-18
Benzinga's Option Alert Recap From September 15,2017-09-15 16:02:00-04:00,NVDA,2017-09-18
Mid-Afternoon Market Update: Dow Rises Over 50 Points; T2 Biosystems Shares Plummet,2017-09-15 14:31:00-04:00,NVDA,2017-09-15
Mid-Day Market Update: Mirati Therapeutics Climbs Following Positive Sitravatinib Data; First Internet Bancorp Shares Slide,2017-09-15 12:08:00-04:00,NVDA,2017-09-15
Nvidia Option Alert: Sep 29 $172.5 Puts at the Bid: 600 @ $2.0 vs 48 OI; Ref=$179.32,2017-09-15 12:02:00-04:00,NVDA,2017-09-15
5 Biggest Price Target Changes For Friday,2017-09-15 09:58:00-04:00,NVDA,2017-09-15
Nvidia Is 'Building The Industry Standard' For AI; Analyst Lifts Price Target To $250,2017-09-15 08:29:00-04:00,NVDA,2017-09-15
Watch These 8 Huge Call Purchases In Thursday Trade,2017-09-14 04:39:00-04:00,NVDA,2017-09-14
Benzinga's Option Alert Recap From September 13,2017-09-13 16:08:00-04:00,NVDA,2017-09-14
Nvidia Option Alert: Mar 16 $130 Calls at the Ask: 10000 @ $45.951 vs 8 OI; Ref=$170.7783,2017-09-13 12:55:00-04:00,NVDA,2017-09-13
All The Stocks That Moved During Apple's Product Unveil Event,2017-09-13 11:34:00-04:00,NVDA,2017-09-13
"Intel, NVIDIA, AMD Shares Unaffected Following News Out Of Apple Product Unveil Event The New iPhone 8 Will Have, For The First Time, An Apple-Designed Graphic Processing Unit",2017-09-12 14:09:00-04:00,NVDA,2017-09-12
AMD And Nvidia: How Vulnerable Are They To Cryptocurrency Concerns?,2017-09-11 11:58:00-04:00,NVDA,2017-09-11
Here's What Investors Were Buying And Selling In August,2017-09-06 10:26:00-04:00,NVDA,2017-09-06
Nvidia Leader in AI Chip Market -DigiTimes,2017-09-06 04:32:00-04:00,NVDA,2017-09-06
Benzinga's Option Alert Recap From August 31,2017-08-31 16:22:00-04:00,NVDA,2017-09-01
Steel Is For Real,2017-08-31 13:11:00-04:00,NVDA,2017-08-31
Nvidia Option Alert: Nov 17 $145 Puts at the Ask: 1200 @ $3.65 vs 1188 OI; Ref=$168.69,2017-08-31 10:35:00-04:00,NVDA,2017-08-31
There's A Late Summer Souring On Semiconductor ETFs,2017-08-30 09:12:00-04:00,NVDA,2017-08-30
NVIDIA Shares Quiet As Global Equities Trip Chowdhry Says They See Walmart Going 'Full Steam' With Deep Neural Networks And Will Be Creating Its Own NVDA GPU Clusters On Walmart Cloud OneOps,2017-08-29 13:55:00-04:00,NVDA,2017-08-29
Credit Suisse Is 'Most Positive' On Micron Following Semiconductor Conference,2017-08-29 13:50:00-04:00,NVDA,2017-08-29
"Autonomous Car, Smart Home Opportunities Keep This Analyst Bullish On Nvidia",2017-08-24 09:36:00-04:00,NVDA,2017-08-24
"Nvidia, Intel Among Analyst Top Picks Following Semiconductor Conference",2017-08-21 10:11:00-04:00,NVDA,2017-08-21
"Cryptocurrency Mining: What It Is, How It Works And Who's Making Money Off It",2017-08-21 08:59:00-04:00,NVDA,2017-08-21
Cramer Finds A Way To Explain Stock Diversification With Fantasy Football,2017-08-19 09:44:00-04:00,NVDA,2017-08-19
Chowdhry: Betting Against Nvidia Is 'Insane' And Stupid,2017-08-17 12:41:00-04:00,NVDA,2017-08-17
"Nvidia Now 3rd Largest IC Design Company, Behind Broadcom, Qualcomm -DigiTimes",2017-08-17 04:27:00-04:00,NVDA,2017-08-17
"For AMD Ryzen Chips, Will Gains In Mindshare Lead To Market Share?",2017-08-16 09:57:00-04:00,NVDA,2017-08-16
Loop Capital 'Loop Around The Valley' Semiconductor Bus Tour Concludes Today,2017-08-16 08:49:00-04:00,NVDA,2017-08-16
Loop Capital 'Loop Around The Valley' Semiconductor Bus Tour Begins Today,2017-08-15 08:38:00-04:00,NVDA,2017-08-15
"Bank Of America, Citigroup, Micron, Nvidia: Fast Money Picks For August 15",2017-08-15 07:27:00-04:00,NVDA,2017-08-15
AMD Unveils New Radeon RX Vega GPUs,2017-08-14 15:01:00-04:00,NVDA,2017-08-14
Traders Have Been All Over These Tech ETFs,2017-08-14 14:29:00-04:00,NVDA,2017-08-14
This Is The Nvidia Pullback You've Been Waiting For,2017-08-14 13:09:00-04:00,NVDA,2017-08-14
"Analyst: Nvidia's Sell-Off Was Overdone, Time To Establish Or Add To A Position",2017-08-14 11:32:00-04:00,NVDA,2017-08-14
5 Biggest Price Target Changes For Monday,2017-08-14 09:52:00-04:00,NVDA,2017-08-14
18 Biggest Mid-Day Losers For Friday,2017-08-11 13:05:00-04:00,NVDA,2017-08-11
Looking Beyond The Shiny Surface Of Nvidia's Big Q2 Beat,2017-08-11 10:37:00-04:00,NVDA,2017-08-11
Cryptocurrency Mining Drives Nvidia's Q2 Outperformance; Is This An Entry?,2017-08-11 10:21:00-04:00,NVDA,2017-08-11
5 Biggest Price Target Changes For Friday,2017-08-11 09:46:00-04:00,NVDA,2017-08-11
"With Nvidia Down 13% This Week, Jefferies Says 'Buy On Weakness'",2017-08-11 09:39:00-04:00,NVDA,2017-08-11
The Market In 5 Minutes,2017-08-11 08:31:00-04:00,NVDA,2017-08-11
22 Stocks Moving In Friday's Pre-Market Session,2017-08-11 08:23:00-04:00,NVDA,2017-08-11
A Peek Into The Markets: U.S. Stock Futures Decline Ahead Of Consumer Price Report,2017-08-11 07:26:00-04:00,NVDA,2017-08-11
"7 Stocks To Watch For August 11, 2017",2017-08-11 05:20:00-04:00,NVDA,2017-08-11
Nvidia Posts Big Q2 Earnings Beat,2017-08-10 16:30:00-04:00,NVDA,2017-08-11
Nvidia Sees Q3 Sales $2.35B vs $2.13B Est.,2017-08-10 16:20:00-04:00,NVDA,2017-08-11
"NVIDIA Reports Q2 EPS $1.01 vs $0.70 Est., Sales $2.23B vs $1.96B Est.",2017-08-10 16:20:00-04:00,NVDA,2017-08-11
Andrew Left Shorts Nvidia Ahead Of Earnings Release,2017-08-10 15:54:00-04:00,NVDA,2017-08-10
"NVIDIA Shares Down Nearly $1 Over Last Few Mins. On Heavy Volume, Citron Research's Andrew Left Says He Shorted Stock Into This Afternoon's Earnings Report",2017-08-10 15:11:00-04:00,NVDA,2017-08-10
How To Play Nvidia,2017-08-10 14:15:00-04:00,NVDA,2017-08-10
Analysts Sentiment On Nvidia Ahead Of Q2 Earnings,2017-08-10 13:17:00-04:00,NVDA,2017-08-10
An Easy-To-Use Cheat Sheet For Apple Suppliers,2017-08-10 08:42:00-04:00,NVDA,2017-08-10
"A Peek Into The Markets: U.S. Stock Futures Drop Ahead Of Macy's, Kohl's Earnings",2017-08-10 07:02:00-04:00,NVDA,2017-08-10
"10 Stocks To Watch For August 10, 2017",2017-08-10 05:38:00-04:00,NVDA,2017-08-10
"Earnings Scheduled For August 10, 2017",2017-08-10 04:59:00-04:00,NVDA,2017-08-10
Nvidia Reports Q2 Earnings On Thursday After Market Close,2017-08-09 11:38:00-04:00,NVDA,2017-08-09
Watch These 7 Huge Put Purchases In Wednesday Trade,2017-08-09 04:33:00-04:00,NVDA,2017-08-09
Nvidia Takes 3% Stake in China Self-driving Startup Tusimple,2017-08-09 04:13:00-04:00,NVDA,2017-08-09
Concern About AMD's Dependence On Crypto Data Mining?,2017-08-08 15:06:00-04:00,NVDA,2017-08-08
Q2 Earnings: What's In Store For Nvidia Investors?,2017-08-08 11:24:00-04:00,NVDA,2017-08-08
Nvidia Option Alert: Mar 16 $150 Puts at the Bid: 1000 @ $12.401 vs 129 OI; Ref=$170.6725,2017-08-08 10:31:00-04:00,NVDA,2017-08-08
"Nvidia, Marriott, Verisign, Brazil: Fast Money Picks For August 8",2017-08-08 06:52:00-04:00,NVDA,2017-08-08
These Were The Most Bought And Sold Stocks In July,2017-08-07 16:32:00-04:00,NVDA,2017-08-08
TD Ameritrade Investor Movement Index: Bullish Retail Investors Push IMX Above 7.0 For First Time,2017-08-07 15:04:00-04:00,NVDA,2017-08-07
Last Week In The S&P 500: Russell Weakness Bleeds Into The High Caps,2017-08-07 11:58:00-04:00,NVDA,2017-08-07
Are The Semiconductor Stocks Topping?,2017-08-03 14:58:00-04:00,NVDA,2017-08-03
NVIDIA Shares Down 1% After Hours As Traders Circulate After-Hours Publication Of Seeking Alpha Article 'Nvidia: A Short Watch Is On',2017-07-31 17:10:00-04:00,NVDA,2017-08-01
GeForce Countered: AMD Launches RX Vega Gaming GPU,2017-07-31 11:58:00-04:00,NVDA,2017-07-31
Watch These 3 Huge Put Purchases In Monday Trade,2017-07-31 04:42:00-04:00,NVDA,2017-07-31
Benzinga's Option Alert Recap From July 28,2017-07-28 16:04:00-04:00,NVDA,2017-07-31
Nvidia Option Alert: Jun 15 $135 Puts at the Bid: 600 @ $12.651 vs 12 OI; Ref=$163.1305,2017-07-28 10:38:00-04:00,NVDA,2017-07-28
Buckle Up: US House Panel Votes To Hasten Self-Driving Car Deployment,2017-07-27 13:28:00-04:00,NVDA,2017-07-27
Reuters Tech News Tweets: JUST IN: House panel votes 54-0 to approve legislation to speed deployment of self-driving cars,2017-07-27 11:55:00-04:00,NVDA,2017-07-27
AMD Earnings Preview: A Look At What Might Be Expected For The Chipmakers' Q2 Results,2017-07-25 12:36:00-04:00,NVDA,2017-07-25
"Cramer's Plea To New Investors: Don't Just Listen To Me, Do Your Homework",2017-07-22 15:49:00-04:00,NVDA,2017-07-22
Maxim Integrated Stock Reports Earnings Tonight: 50 Percent 12 Month Upside,2017-07-20 14:36:00-04:00,NVDA,2017-07-20
"Analyst: Nvidia, Western Digital Only Buys In Semi Space Given Current Industry Dynamics",2017-07-19 11:32:00-04:00,NVDA,2017-07-19
AMD Shares Volatile But Largely Unaffected As Traders Circulating Fudzilla Article Speculating 'The mid-range graphics card shortage...is probably at its end...'; BZ NOTE: Article Does Not Appear To Include Any New Information,2017-07-18 11:56:00-04:00,NVDA,2017-07-18
Watch These 5 Huge Call Purchases In Tuesday Trade,2017-07-18 04:03:00-04:00,NVDA,2017-07-18
Benzinga's Option Alert Recap From July 17,2017-07-17 16:07:00-04:00,NVDA,2017-07-18
"The Most Bought And Sold Stocks Of The First Half Of 2017, According To TD Ameritrade Clients",2017-07-17 13:37:00-04:00,NVDA,2017-07-17
NVIDIA Shares Down ~$1.10 Over Last Min. As Traders Circulating Concerning Report From 'Guru Of 3D',2017-07-17 10:13:00-04:00,NVDA,2017-07-17
Nvidia Option Alert: Fri $177.5 Calls Sweep (53) at the Bid: 1522 @ $0.538 vs 894 OI; Ref=$166.455,2017-07-17 09:45:00-04:00,NVDA,2017-07-17
Recapping The Semicon West Trade Show: Winners And Losers,2017-07-13 12:13:00-04:00,NVDA,2017-07-13
Nvidia Higher For Seventh Day In A Row,2017-07-13 11:28:00-04:00,NVDA,2017-07-13
Fast Money Traders Share Their Chip Picks,2017-07-13 07:29:00-04:00,NVDA,2017-07-13
Nvidia Has A Massive Market Opportunity; SunTrust Upgrades To Buy,2017-07-12 13:06:00-04:00,NVDA,2017-07-12
"Benzinga's Top Upgrades, Downgrades For July 12, 2017",2017-07-12 09:23:00-04:00,NVDA,2017-07-12
The Market In 5 Minutes,2017-07-12 09:00:00-04:00,NVDA,2017-07-12
Encouraging Signs For Semiconductor ETFs,2017-07-12 08:28:00-04:00,NVDA,2017-07-12
A Peek Into The Markets: U.S. Stock Futures Gain; Yellen Testimony In Focus,2017-07-12 07:35:00-04:00,NVDA,2017-07-12
"Jim Cramer Shares His Thoughts On Nvidia, Sirius XM, Chevron And TransUnion",2017-07-12 06:47:00-04:00,NVDA,2017-07-12
SunTrust Robinson Humphrey Upgrades NVIDIA to Buy,2017-07-12 06:44:00-04:00,NVDA,2017-07-12
Semiconductor Companies Expected To Fuel Growth In Tech Sector Earnings This Quarter,2017-07-11 15:40:00-04:00,NVDA,2017-07-11
AMD's RX Vega Vs. Nvidia's GTX1080: The Great Rivalry Heats Up,2017-07-11 14:26:00-04:00,NVDA,2017-07-11
Nvidia Could Make Nearly $2 Billion In 2 Years From Toyota Self-Driving Car Deal,2017-07-10 12:15:00-04:00,NVDA,2017-07-10
Semiconductors Are Leading To Another Tectonic Shift In Computing: Which Players Will Be Beneficiaries?,2017-07-10 11:05:00-04:00,NVDA,2017-07-10
"Nvidia, Baidu And AI",2017-07-10 10:20:00-04:00,NVDA,2017-07-10
"Chip Stocks On the Move: AMD, Nvidia, Xilinx, Rambus And More",2017-07-10 09:39:00-04:00,NVDA,2017-07-10
Jefferies Maintains Buy Rating on Nvidia; Raises PT To $180 from $140,2017-07-10 04:17:00-04:00,NVDA,2017-07-10
"Alphabet, Avis, Nvidia: Fast Money Picks For July 7",2017-07-07 06:58:00-04:00,NVDA,2017-07-07
Todd Gordon's Bullish Nvidia Trade,2017-07-07 06:56:00-04:00,NVDA,2017-07-07
AMD Has A Golden Opportunity To Gain CPU Share From Intel,2017-07-06 13:59:00-04:00,NVDA,2017-07-06
Nvidia Shares Remain Under-Owned,2017-07-06 12:09:00-04:00,NVDA,2017-07-06
How Have The Best And Worst Stocks Of 2016 Performed In 2017?,2017-07-05 14:49:00-04:00,NVDA,2017-07-05
Baidu Is Partnering With Nvidia To 'Accelerate' Artificial Intelligence,2017-07-05 11:17:00-04:00,NVDA,2017-07-05
"NVIDIA, Baidu Report Partnership to Accelerate AI; Collaboration to Power AI in Cloud Data Centers, Self-Driving Cars and the Home",2017-07-05 08:04:00-04:00,NVDA,2017-07-05
"Baidu Announces Alliance with 50+ Partners, Including  NVIDIA, Microsoft Cloud, to Accelerate the Adoption of Autonomous Driving",2017-07-05 04:09:00-04:00,NVDA,2017-07-05
Chips And Cryptocurrencies: A Match Made In Tech Heaven?,2017-06-28 15:30:00-04:00,NVDA,2017-06-28
"Toshiba's Chips Are Past Their Sell-By Date, And Investors Are Buying American",2017-06-28 10:24:00-04:00,NVDA,2017-06-28
"Semi Stocks Moving Higher Wed. Morning, Potentially Amid Several News Items: Toshiba Suit Of Western Digital, Toshiba Missing Deadline For Sale Of Chip Unit; Cypress Semi Shares Up 3.9%, AMD Up 1.9%, NVIDIA Up 1.8%, Micron Up 1.1%",2017-06-28 09:21:00-04:00,NVDA,2017-06-28
CNBC Now Tweets: BREAKING: Nvidia to launch graphics cards specifically designed for digital currency mining cnbc.com/id/104554373,2017-06-27 13:44:00-04:00,NVDA,2017-06-27
Nvidia-Volkswagen Relationship Deepens As Deluge Of Autonomous Car News Continues,2017-06-27 13:41:00-04:00,NVDA,2017-06-27
Weakness in NVIDIA Being Attributed To T.Rowe Comments ON CNBC Calling The Stock Too Expensive,2017-06-27 12:34:00-04:00,NVDA,2017-06-27
"Volvo, Autoliv Team up with NVIDIA on Developing AI for Self-driving Cars",2017-06-27 04:35:00-04:00,NVDA,2017-06-27
"'Dr Doom': Even If The Dow Goes To 100,000, It Will 'End Very Badly' For Investors",2017-06-26 13:32:00-04:00,NVDA,2017-06-26
A Momentum ETF Tries To Keep Its Edge,2017-06-26 12:22:00-04:00,NVDA,2017-06-26
"The Week In Chip Stocks: AMD, Intel And More",2017-06-26 11:42:00-04:00,NVDA,2017-06-26
"Hello, Mr. Chips: A Look At AMD's Wild Year",2017-06-22 12:42:00-04:00,NVDA,2017-06-22
Credit Suisse Previews Blackberry's Q1 Earnings,2017-06-21 08:55:00-04:00,NVDA,2017-06-21
"Seeing Interest In Chip Stocks Earlier Wednesday: AMD Shares Indicated Up 5.6% Premarket, NVIDIA Up 0.4%, Intel Shares Down 1.4%, TI Unch",2017-06-21 08:24:00-04:00,NVDA,2017-06-21
Non-Horrible Bosses: Meet The Best CEOs Of 2017,2017-06-21 07:06:00-04:00,NVDA,2017-06-21
One Of Nvidia's Biggest Bears Has Changed His Mind,2017-06-20 14:07:00-04:00,NVDA,2017-06-20
"Despite Sustainability Concerns, Analyst Getting Positive On Nvidia And AMD Fundamentals",2017-06-20 12:47:00-04:00,NVDA,2017-06-20
"Benzinga's Top Upgrades, Downgrades For June 20, 2017",2017-06-20 09:27:00-04:00,NVDA,2017-06-20
The Market In 5 Minutes,2017-06-20 09:00:00-04:00,NVDA,2017-06-20
A Peek Into The Markets: U.S. Stock Futures Edge Higher Ahead Of Fed Speakers,2017-06-20 07:19:00-04:00,NVDA,2017-06-20
Pacific Crest Upgrades NVIDIA to Sector Weight,2017-06-20 06:24:00-04:00,NVDA,2017-06-20
Assessing An Active Momentum ETF,2017-06-19 13:19:00-04:00,NVDA,2017-06-19
China-Focused Fund Manager Fang Zheng Makes Big Moves in Tesla; Nvidia; Alibaba,2017-06-16 18:31:00-04:00,NVDA,2017-06-19
"Raymond James Reinstates Outperform on NVIDIA, Announces $175.00",2017-06-16 08:45:00-04:00,NVDA,2017-06-16
"Boeing, Mattel, Monsanto, Nvidia: Fast Money Picks For June 16",2017-06-16 06:40:00-04:00,NVDA,2017-06-16
Goldman Lifts Earnings Estimates For Nvidia Due To Nintendo Switch Demand,2017-06-14 13:47:00-04:00,NVDA,2017-06-14
7 Biggest Price Target Changes For Wednesday,2017-06-14 09:44:00-04:00,NVDA,2017-06-14
Your Guide To Trading The Autonomous Vehicle Theme,2017-06-14 09:32:00-04:00,NVDA,2017-06-14
"Loup Ventures' Gene Munster, In Benzinga Interview, Says He Likes Nvidia Among Chip-makers; Munster says 'I think it is going to be difficult to displace them,' Compares Co. To Intel In 1985",2017-06-14 09:30:00-04:00,NVDA,2017-06-14
"Analyst Calls Out Nvidia's 'Astronomical' Valuation, Sees 42% Downside",2017-06-14 08:40:00-04:00,NVDA,2017-06-14
"Despite A Hard Loss, Nvidia Is Still Winning",2017-06-13 15:30:00-04:00,NVDA,2017-06-13
"NVIDIA Shares Up 2.4% Premarket Despite No News; After Falling 10% On Friday Amid Tech Weakness And A Short Call From Citron's Andrew Left, Shares Rebounded Off $143 Level Monday",2017-06-13 09:13:00-04:00,NVDA,2017-06-13
NVIDIA Partners with Activision and Bungie to Bring 'Destiny 2' to PC,2017-06-13 09:02:00-04:00,NVDA,2017-06-13
Tech Sector Set To Lead Stocks Lower Again,2017-06-12 10:44:00-04:00,NVDA,2017-06-12
"Intel, And Other Winners From Seasonal Strength In iPhones And Internet Of Things",2017-06-12 09:59:00-04:00,NVDA,2017-06-12
"Benzinga's Bulls And Bears For The Past Week: Apple, Best Buy, Tesla And More",2017-06-12 08:48:00-04:00,NVDA,2017-06-12
"Left Doubles Down On Nvidia Call: Don't Gamble, Stock Got Away Ahead Itself",2017-06-09 14:12:00-04:00,NVDA,2017-06-09
"NVIDIA Shares Continue Lower, At Session Lows With Rest Of Stock Market Despite RBC Raising Price Target On Stock From $150 To $175 In Mid-Day Note",2017-06-09 13:15:00-04:00,NVDA,2017-06-09
"Citron's Andrew Left, When Asked If He would Be A Buyer Of NVIDIA Shares At $130, Responds 'I'd Like To See The Next Quarter First...'",2017-06-09 12:54:00-04:00,NVDA,2017-06-09
"Andrew Left Currently On CNBC Discussing NVIDIA: Says Feels 'Market Overreacting A Bit,' Referring To Recent Upside In Stock",2017-06-09 12:50:00-04:00,NVDA,2017-06-09
Why Bank Of America Says You Should Stay Bullish On Semi Stocks,2017-06-09 12:22:00-04:00,NVDA,2017-06-09
Citron's Andrew Left: Move Your Money From Nvidia To Google,2017-06-09 11:43:00-04:00,NVDA,2017-06-09
Scott Wapner Tweets: JUST IN: Citron's Andrew Left just threw shade on $NVDA (again).  He'll join @HalftimeReport for a debate on the stock.  Big pushback coming,2017-06-09 11:03:00-04:00,NVDA,2017-06-09
Citron Research Issues Report 'NVIDIA To Trade Back To $130' On Website,2017-06-09 10:22:00-04:00,NVDA,2017-06-09
Why Nvidia's Strategy Hints At A 'Fast-Rising' Stock Price,2017-06-09 10:12:00-04:00,NVDA,2017-06-09
20 Stocks Moving In Friday's Pre-Market Session,2017-06-09 08:03:00-04:00,NVDA,2017-06-09
"After Two Quiet Days, The Nvidia Rally Continues",2017-06-08 14:01:00-04:00,NVDA,2017-06-08
The Bull Case For Nvidia: $300 Per Share?,2017-06-08 11:03:00-04:00,NVDA,2017-06-08
"BlackBerry Shares Recently Turn Positive, Now Up 0.7% for Session as Traders Circulating Rumor Co. Working Directly with NVIDIA for Integration Into Drive PX2, Diveworks",2017-06-06 10:18:00-04:00,NVDA,2017-06-06
A Soaring Actively Managed Fund,2017-06-05 13:21:00-04:00,NVDA,2017-06-05
"UPDATE: AMD Shares Up 2%, NVIDIA Up 0.9%, Intel Up 0.2% Amid Fudzilla Report; BZ NOTE: Publication is Same Source Which Recently Reported Deal Which Failed to Materialize: Intel Dropped NVIDIA for AMD; Watch for Profit Taking in Semi Stocks",2017-06-05 09:47:00-04:00,NVDA,2017-06-05
Semi Stocks Spike Higher Just After Open as Traders Circulating Fudzilla Report Suggesting Sources 'Very Confident' Order for Intel Chips Integrated with Radeon Graphics is from Apple,2017-06-05 09:39:00-04:00,NVDA,2017-06-05
Nvidia Says on June 2 Entered into Agreement With Goldman Sachs to Terminate Remaining 11.5M Outstanding Warrants to Purchase Shares of Nvidia Common Stock -8-K,2017-06-05 06:09:00-04:00,NVDA,2017-06-05
"Benzinga's Bulls And Bears For The Past Week: McDonald's, Ford, BlackBerry And More",2017-06-04 18:48:00-04:00,NVDA,2017-06-05
Why Is Advanced Micro Devices Slashing Prices Of Ryzen 7 Chips?,2017-06-02 15:59:00-04:00,NVDA,2017-06-02
Citron's Andrew Left Hits The Airwaves To Explain His Bullish BlackBerry Stance,2017-06-02 12:25:00-04:00,NVDA,2017-06-02
Citron's Andrew Left Makes A Bold Claim: BlackBerry Could Be The Next NVIDIA,2017-06-01 12:08:00-04:00,NVDA,2017-06-01
NVIDIA Shares Spike to Session Highs Amid Report Softbank is Considering Boosting Stake in Co. 'Over Time',2017-05-26 14:19:00-04:00,NVDA,2017-05-26
A Look At Nvidia's Largest Shareholders And What Their Presence Means,2017-05-25 10:29:00-04:00,NVDA,2017-05-25
AMD CEO Puts Rumors To Rest: 'We're Not Looking At Enabling A Competitor To Compete With Our Products',2017-05-24 09:44:00-04:00,NVDA,2017-05-24
The Market In 5 Minutes,2017-05-24 09:04:00-04:00,NVDA,2017-05-24
25 Stocks Moving In Wednesday's Pre-Market Session,2017-05-24 08:11:00-04:00,NVDA,2017-05-24
Nvidia Keeps Running After SoftBank Acquires 4% Stake,2017-05-24 08:06:00-04:00,NVDA,2017-05-24
Nvidia +2.6% Premarket @$140.70 Following Report of $5B Softbank Stake,2017-05-24 06:56:00-04:00,NVDA,2017-05-24
SoftBank Acquires $4B Stake in Nvidia -Bloomberg,2017-05-24 04:13:00-04:00,NVDA,2017-05-24
"Companies Holding Annual Meetings Today Include Waste Connections, Eastman Kodak, Alarm.com, Amyris, Achillion Pharma, GNC, Amazon, Nokia, Merck, Nvidia, Pinnacle Foods, Wendy's, & Xerox",2017-05-23 08:43:00-04:00,NVDA,2017-05-23
Breaking Down The Reasons An Advanced Micro Devices Deal With Intel Not Likely To Happen,2017-05-22 10:38:00-04:00,NVDA,2017-05-22
How The Top Institutional Investors Are Handling 2017's Most Popular Stocks,2017-05-22 09:55:00-04:00,NVDA,2017-05-22
Benzinga's Bulls And Bears For The Past Week: Retail And Technology,2017-05-22 08:25:00-04:00,NVDA,2017-05-22
Mike Khouw's NVIDIA Options Trade,2017-05-21 18:15:00-04:00,NVDA,2017-05-22
15 Biggest Mid-Day Gainers For Friday,2017-05-19 12:42:00-04:00,NVDA,2017-05-19
"Bernstein Starts Nvidia At Outperform, Long-Term Opportunity 'May Still Be Underestimated'",2017-05-19 10:38:00-04:00,NVDA,2017-05-19
"Benzinga's Top Upgrades, Downgrades For May 19, 2017",2017-05-19 09:41:00-04:00,NVDA,2017-05-19
"Bernstein Initiates Coverage On NVIDIA with Outperform Rating, Announces $165.00 Price Target",2017-05-19 07:23:00-04:00,NVDA,2017-05-19
A Sumptuous Semiconductor ETF,2017-05-18 17:11:00-04:00,NVDA,2017-05-19
Nvidia Will Maintain 'Dominant Market Share' Thanks To New Volta Chip,2017-05-18 16:17:00-04:00,NVDA,2017-05-19
10 Industries That Could Be Impacted by Driverless Cars,2017-05-18 12:04:00-04:00,NVDA,2017-05-18
The Sell-Side View On Advanced Micro Devices' Analyst Day,2017-05-18 10:32:00-04:00,NVDA,2017-05-18
The Top 11 Analysts On TipRanks And What They Cover,2017-05-18 07:50:00-04:00,NVDA,2017-05-18
A Few Key Takeaways From AMD's Biannual Analyst Meeting,2017-05-17 12:29:00-04:00,NVDA,2017-05-17
The Market In 5 Minutes,2017-05-17 09:00:00-04:00,NVDA,2017-05-17
"AMD Downgraded, Analyst Thinks Intel Deal Is 'Unlikely'",2017-05-17 08:12:00-04:00,NVDA,2017-05-17
"Alphabet Soup, Revisited: 'FAANG,' Not 'FAANGSTN'",2017-05-16 15:46:00-04:00,NVDA,2017-05-16
Marc Chaikin's Bullish Thesis On 3 Small-Cap Tech Stocks,2017-05-16 15:31:00-04:00,NVDA,2017-05-16
"Advanced Micro Devices Sharply Higher Amid Intel Chatter, Analyst Day",2017-05-16 14:48:00-04:00,NVDA,2017-05-16
Intel Has Reportedly Ditched Nvidia For Advanced Micro Devices,2017-05-16 11:41:00-04:00,NVDA,2017-05-16
"Intel Has Reportedly Licensed AMD's Graphics Due To Nvidia Licensing Agreement Expiration, Neither Company Has Confirmed",2017-05-16 09:35:00-04:00,NVDA,2017-05-16
Private Label VR Enters The Wild West Of Virtual Reality Gaming,2017-05-13 09:40:00-04:00,NVDA,2017-05-13
Here's What You Missed From Nvidia's Analyst Day,2017-05-13 09:33:00-04:00,NVDA,2017-05-13
"Sympathy Moves, Explained: Unsympathetic Earnings Season Continues As Nvidia, Advanced Micro Devices Diverge",2017-05-12 11:55:00-04:00,NVDA,2017-05-12
4 Big Takeaways From Nvidia's Sell-Side Meeting,2017-05-12 10:51:00-04:00,NVDA,2017-05-12
5 Biggest Price Target Changes For Friday,2017-05-12 09:49:00-04:00,NVDA,2017-05-12
Vetr Downgrades Nvidia After Big Earnings Beat,2017-05-11 17:07:00-04:00,NVDA,2017-05-12
6 Key Themes From Nvidia's Q1,2017-05-11 13:33:00-04:00,NVDA,2017-05-11
"Deutsche Bank AutoTech Conference Takes Place Today; Attendees Include Ford, Intel, Delphi, Nvidia, ON Semiconductor, & Maxim Integrated Products",2017-05-11 09:15:00-04:00,NVDA,2017-05-11
GPU Technology Conference Concludes Today,2017-05-11 08:41:00-04:00,NVDA,2017-05-11
Taiwan Semiconductor Obtains 12nm Chip Orders from Nvidia Silicon Motion Technology -DigiTimes,2017-05-11 03:56:00-04:00,NVDA,2017-05-11
Mid-Afternoon Market Update: Dow Falls 50 Points; Fossil Shares Slide After Disappointing Results,2017-05-10 14:51:00-04:00,NVDA,2017-05-10
Bull & Bear Takeaways From Nvidia's Q1 Beat,2017-05-10 12:36:00-04:00,NVDA,2017-05-10
20 Biggest Mid-Day Gainers For Wednesday,2017-05-10 12:19:00-04:00,NVDA,2017-05-10
Mid-Day Market Update: Crude Oil Down 3%; Proteon Therapeutics Shares Spike Higher,2017-05-10 12:00:00-04:00,NVDA,2017-05-10
Analyst Not Budging On Bearish Nvidia Thesis,2017-05-10 11:04:00-04:00,NVDA,2017-05-10
Nvidia Up 13% After Q1 Beat,2017-05-10 10:11:00-04:00,NVDA,2017-05-10
Mid-Morning Market Update: Markets Open Lower; NVIDIA Beats Q1 Estimates,2017-05-10 10:10:00-04:00,NVDA,2017-05-10
Nvidia Looks Like The Primary Beneficiary Of A Shift In The Computing Business Model,2017-05-10 10:07:00-04:00,NVDA,2017-05-10
5 Biggest Price Target Changes For Wednesday,2017-05-10 09:51:00-04:00,NVDA,2017-05-10
25 Stocks Moving In Wednesday's Pre-Market Session,2017-05-10 08:24:00-04:00,NVDA,2017-05-10
"GPU Technology Conference Continues Today, Day 3 Of 4",2017-05-10 08:21:00-04:00,NVDA,2017-05-10
A Peek Into The Markets: U.S. Stock Futures Signal Lower Start On Wall Street,2017-05-10 07:49:00-04:00,NVDA,2017-05-10
"12 Stocks To Watch For May 10, 2017",2017-05-10 05:25:00-04:00,NVDA,2017-05-10
Watch These 8 Huge Call Purchases In Wednesday Trade,2017-05-10 04:28:00-04:00,NVDA,2017-05-10
Benzinga's Option Alert Recap From May 9,2017-05-09 16:54:00-04:00,NVDA,2017-05-10
Nvidia Soars After Big Q1 Beat,2017-05-09 16:52:00-04:00,NVDA,2017-05-10
NVIDIA Shares Up ~10% At $113 Following Q1 Earnings Release,2017-05-09 16:25:00-04:00,NVDA,2017-05-10
NVIDIA Sees Q2 Sales $1.95B +/- 2% vs $1.89B Est.,2017-05-09 16:21:00-04:00,NVDA,2017-05-10
"NVIDIA Reports Q1 Adj. EPS $0.85 vs $0.67 Est., Sales $1.94B vs $1.91B Est.",2017-05-09 16:20:00-04:00,NVDA,2017-05-10
All The Ratings And Price Targets On Nvidia Ahead Of Q1 Earnings,2017-05-09 12:46:00-04:00,NVDA,2017-05-09
Nvidia Higher Ahead Of Q1 Report,2017-05-09 12:13:00-04:00,NVDA,2017-05-09
Option Alert: Nvidia May 12th 120 Calls: 5610 @  Above Ask!  $0.27: 6681 traded vs 4201 OI:  Earnings today After Close  $103.97 Ref,2017-05-09 11:45:00-04:00,NVDA,2017-05-09
"GPU Technology Conference Continues Today, Day 2 Of 4",2017-05-09 08:40:00-04:00,NVDA,2017-05-09
"12 Stocks To Watch For May 9, 2017",2017-05-09 05:24:00-04:00,NVDA,2017-05-09
"Earnings Scheduled For May 9, 2017",2017-05-09 04:32:00-04:00,NVDA,2017-05-09
Signs The Desktop GPU Market Is Oversaturated Keep Analyst Underweight On Nvidia,2017-05-08 14:59:00-04:00,NVDA,2017-05-08
Earnings Preview: NVDA Reports First-Quarter Results Tomorrow,2017-05-08 13:47:00-04:00,NVDA,2017-05-08
Sentiment Remains Soft On Nvidia,2017-05-08 13:33:00-04:00,NVDA,2017-05-08
Benzinga's Bulls And Bears For The Past Week: Semiconductors And Warren Buffett,2017-05-08 10:08:00-04:00,NVDA,2017-05-08
"GPU Technology Conference Begins Today; Attendees Include Nvidia, Alibaba, Microsoft, Facebook, Baidu, Alphabet, Lockheed Martin, And Disney's Pixar",2017-05-08 08:49:00-04:00,NVDA,2017-05-08
Earnings Preview: What Might Be Expected When FB Reports?,2017-05-03 14:24:00-04:00,NVDA,2017-05-03
Semi Stocks Relatively Unaffected Amid Trader Circulation of Report Intel May Be Ramping 3D NAND Supply in China,2017-05-02 12:43:00-04:00,NVDA,2017-05-02
Analyst On Advanced Micro Devices: 'Margins Not Ryzen',2017-05-02 09:51:00-04:00,NVDA,2017-05-02
Analyst Says Nvidia Is A Strong Play For The 'Post-Smartphone Era',2017-05-02 06:56:00-04:00,NVDA,2017-05-02
Gearing Up For Nvidia's Q1 Earnings: A Technical Take,2017-05-01 08:44:00-04:00,NVDA,2017-05-01
Nvidia-Google Blog Beef: Here's What You Need To Know,2017-04-17 09:04:00-04:00,NVDA,2017-04-17
NVIDIA Shares Indicated ~$0.08 Higher Premarket; Goldman Late Tuesday Evening Reiterated a Conviction Buy Rating and $130 Price Target on Stock,2017-04-12 08:56:00-04:00,NVDA,2017-04-12
"During A Bullish March, These Were The Stocks That Were Net Buys Among Retail Investors",2017-04-10 16:17:00-04:00,NVDA,2017-04-11
Investor Movement Index (IMX) for March 2017,2017-04-10 15:57:00-04:00,NVDA,2017-04-10
"Morgan Stanley Out Positive On NVIDIA, Says Concerns Revolving The Company's Core Gaming Business And Advises A Tactical Long Into May Analyst Day & Earnings",2017-04-10 09:27:00-04:00,NVDA,2017-04-10
A Bearish Nvidia Options Trade,2017-04-10 06:59:00-04:00,NVDA,2017-04-10
"Benzinga's Top Picks Of The Week: Disney, Netflix, BlackBerry And More",2017-04-09 11:36:00-04:00,NVDA,2017-04-09
What One Analyst Thinks Will Get Nvidia's Stock Going Again,2017-04-07 14:18:00-04:00,NVDA,2017-04-07
"Goldman Starts Advanced Micro Devices At Sell, Sees 20% Downside",2017-04-06 10:56:00-04:00,NVDA,2017-04-06
The Market In 5 Minutes,2017-04-06 09:22:00-04:00,NVDA,2017-04-06
Citi Says Concerns Related To NVIDIA And Gaming Market Are 'Misleading',2017-04-05 11:44:00-04:00,NVDA,2017-04-05
"Citi Defending NVIDIA, Says Sell Side Gaming Market Saturation Concerns On Stock Both Near-Term and Misleading",2017-04-05 10:24:00-04:00,NVDA,2017-04-05
15 Biggest Mid-Day Losers For Tuesday,2017-04-04 12:42:00-04:00,NVDA,2017-04-04
NVIDIA Sharply Lower After Downgrade,2017-04-04 10:10:00-04:00,NVDA,2017-04-04
"Benzinga's Top Upgrades, Downgrades For April 4, 2017",2017-04-04 09:36:00-04:00,NVDA,2017-04-04
The Market In 5 Minutes,2017-04-04 09:27:00-04:00,NVDA,2017-04-04
25 Stocks Moving In Tuesday's Pre-Market Session,2017-04-04 08:16:00-04:00,NVDA,2017-04-04
Pacific Crest Downgrades NVIDIA To Underweight,2017-04-04 06:28:00-04:00,NVDA,2017-04-04
Tesla Rips Following Unit Figures Release; Morgan Stanley's Subsequent Commentary Focuses On Safety,2017-04-03 15:57:00-04:00,NVDA,2017-04-03
Macquarie Initiates Coverage On NVIDIA at Neutral,2017-03-31 07:03:00-04:00,NVDA,2017-03-31
Guy Adami And Pete Najarian Share Their Thoughts On Nvidia And Allergan,2017-03-30 06:56:00-04:00,NVDA,2017-03-30
The New Reality Of Video Games,2017-03-24 09:22:00-04:00,NVDA,2017-03-24
Tencent Cloud To Use NVIDIA Tesla for AI Cloud Computing,2017-03-24 08:01:00-04:00,NVDA,2017-03-24
"Weakening Demand Could Pitch AMD, Nvidia And Intel Into Price War",2017-03-23 13:19:00-04:00,NVDA,2017-03-23
Digitimes Reporting Nvidia Dropping Prices On GPUs Due To Weak Demand,2017-03-23 09:38:00-04:00,NVDA,2017-03-23
Pete Najarian And Guy Adami Share Their Thoughts On Nvidia And Alphabet,2017-03-23 06:40:00-04:00,NVDA,2017-03-23
Traders Circulating Unconfirmed Takeout Chatter On Nvidia,2017-03-22 10:13:00-04:00,NVDA,2017-03-22
Watch These 8 Huge Put Purchases In Tuesday Trade,2017-03-21 04:08:00-04:00,NVDA,2017-03-21
Benzinga's Option Alert Recap From March 20,2017-03-20 16:29:00-04:00,NVDA,2017-03-21
Option Alert: Nvidia Apr 28 101 Put; 4876 @Bid @$1.45; Ref=$109.01,2017-03-20 12:10:00-04:00,NVDA,2017-03-20
"These Trends Bode Well For Nvidia, Microsoft",2017-03-20 08:26:00-04:00,NVDA,2017-03-20
M Science Negative on NVIDIA,2017-03-17 09:09:00-04:00,NVDA,2017-03-17
Nvidia's Busy Week In Self-Driving Deals,2017-03-17 08:40:00-04:00,NVDA,2017-03-17
"NVIDIA On Blog Post, Says It's Working With Truckmaker PACCAR On Self-Driving Tech",2017-03-16 10:57:00-04:00,NVDA,2017-03-16
"Loop Capital's ""Loop Around The Valley"" Semiconductor Conference Takes Place Today, Attendees Include Cypress Semiconductor, Broadcom, Nvidia, Cavium, & Maxim Integrated Products",2017-03-16 08:37:00-04:00,NVDA,2017-03-16
Bosch Reports AI Self-Driving Computer with NVIDIA,2017-03-15 09:44:00-04:00,NVDA,2017-03-15
Nividia to Supply Bosch with Chip for AI Computer for Car -DJ,2017-03-15 07:14:00-04:00,NVDA,2017-03-15
Intel May Have Just 'Burned' $15 Billion On Mobileye,2017-03-14 13:49:00-04:00,NVDA,2017-03-14
"Citron's Andrew Left On CNBC Says It's Hard To Gauge Whether NVIDIA Is A Outlier, Says Co. Priced Perfectly Right Here",2017-03-13 17:38:00-04:00,NVDA,2017-03-14
Gadfly's Ovide: Intel Is Spending Money 'Like It's 1999',2017-03-13 14:15:00-04:00,NVDA,2017-03-13
Intel Inherits Mobileye's Problems,2017-03-13 13:49:00-04:00,NVDA,2017-03-13
Semiconductor Advisors Breaks Down The Intel-Mobileye Deal,2017-03-13 12:46:00-04:00,NVDA,2017-03-13
"Taiwan Semiconductor Manufacturing Receives Orders for HPC Chips from Nvidia, Qualcomm -DigiTimes",2017-03-13 04:24:00-04:00,NVDA,2017-03-13
"Mobileye, NVIDIA, NXP Semi Shares Quiet Amid Report NIO Has Said Will Have Autonomous Electric Vehicles in US Market in 2020, Wants to Partner with Mobileye, NVIDIA, NXP",2017-03-10 13:14:00-05:00,NVDA,2017-03-10
"NVIDIA Shares Spiking Higher, The Tech Report Announced Positive Review Of GTX 1080 TI Graphics Card",2017-03-09 09:47:00-05:00,NVDA,2017-03-09
9 Stocks That Retail Investors Loved in February,2017-03-07 12:54:00-05:00,NVDA,2017-03-07
Can Nvidia Fend Off Competition From Intel And Advanced Micro Devices?,2017-03-07 11:20:00-05:00,NVDA,2017-03-07
Benzinga's Option Alert Recap From March 6,2017-03-06 17:12:00-05:00,NVDA,2017-03-07
NVIDIA Shares Spiking To High Of $97.71,2017-03-06 15:34:00-05:00,NVDA,2017-03-06
Option Alert: NVIDIA May $90 Puts at the Ask: Volume of 752 at $4.30 vs Open Interest of 734,2017-03-06 10:39:00-05:00,NVDA,2017-03-06
Game Developers Conference Concludes Today,2017-03-03 08:02:00-05:00,NVDA,2017-03-03
Seeing Notable Block Trade In Nvidia; 1M Shares At $100.40,2017-03-02 12:47:00-05:00,NVDA,2017-03-02
"Bank Of America: AMD, Cavium And Cypress Could All See 50% Upside",2017-03-02 11:40:00-05:00,NVDA,2017-03-02
"Game Developers Conference Continues Today, Day 4 Of 5",2017-03-02 08:09:00-05:00,NVDA,2017-03-02
GeForce Awakens: Nvidia Just Launched its Newest Graphics Card,2017-03-01 15:51:00-05:00,NVDA,2017-03-01
"Nomura Stands By Nvidia Downgrade, Recommends More Defensive Names",2017-03-01 12:07:00-05:00,NVDA,2017-03-01
"With The Mobile Industry Upgrading To 5G, Buy Cavium",2017-03-01 10:03:00-05:00,NVDA,2017-03-01
"2017 Game Developers Conference Continues Today, Nintendo To Present",2017-03-01 08:53:00-05:00,NVDA,2017-03-01
NVIDIA Announces Fastest Gaming GPU Ever,2017-03-01 04:11:00-05:00,NVDA,2017-03-01
"2017 Game Developers Conference Continues Today, Day 2 Of 5",2017-02-28 06:35:00-05:00,NVDA,2017-02-28
The Market In 5 Minutes,2017-02-27 09:25:00-05:00,NVDA,2017-02-27
2017 Game Developers Conference Begins Today; Advanced Micro Devices And Nvidia Attending,2017-02-27 08:20:00-05:00,NVDA,2017-02-27
What's Next For Nvidia?,2017-02-26 16:24:00-05:00,NVDA,2017-02-27
Citron's Andrew Left Explains His Latest Trades,2017-02-24 15:17:00-05:00,NVDA,2017-02-24
"Nvidia, Advanced Micro Devices To Present At 2017 Game Developers Conference",2017-02-24 11:41:00-05:00,NVDA,2017-02-24
"Why Mobileye, Not Nvidia, Is Ripe For Short Sellers",2017-02-24 10:58:00-05:00,NVDA,2017-02-24
UPDATE: Citron Report Says 'Do Not Listen to Citron. Just Follow the Insider Sales to Understand the Validity of the Trade!',2017-02-24 10:23:00-05:00,NVDA,2017-02-24
"UPDATE: Citron's Andrew Left Issues New Note: Says Closing Short in NVIDIA, Transferring Short to Mobileye",2017-02-24 10:22:00-05:00,NVDA,2017-02-24
Citron Research Tweets 'Updating our $NVDA call....switching focus to $MBLY Ridiculous comparison  We expect $MBLY to trade short term $35.  Insiders tell the story',2017-02-24 10:19:00-05:00,NVDA,2017-02-24
The Market In 5 Minutes,2017-02-24 09:28:00-05:00,NVDA,2017-02-24
Double Downgrade Sinks Nvidia's Stock,2017-02-23 14:49:00-05:00,NVDA,2017-02-23
Nvidia: Know The Difference Between 'Highly Valued' And 'Overvalued',2017-02-23 11:24:00-05:00,NVDA,2017-02-23
"As Nvidia Catches A Pair Of Downgrades, Attention Turns To AMD",2017-02-23 11:10:00-05:00,NVDA,2017-02-23
8 Biggest Price Target Changes For Thursday,2017-02-23 10:41:00-05:00,NVDA,2017-02-23
"Andrew Left on NVIDIA, Tells Benzinga 'as Good of a Company as NVIDIA is, the Underlying Business Couldn't Keep Up with the Stock Price'",2017-02-23 10:33:00-05:00,NVDA,2017-02-23
"Nvidia Shares Down 7.43% After Downgrades From BMO, Nomura; Tigress Analyst Ivan Feinseth Tells Benzinga Nvidia Shares Are 'Highly Valued' Not 'Overvalued,' Fundamentals Remain Strong",2017-02-23 10:28:00-05:00,NVDA,2017-02-23
Nvidia Shares Are Overvalued At Current Levels,2017-02-23 09:57:00-05:00,NVDA,2017-02-23
"Benzinga's Top Upgrades, Downgrades For February 23, 2017",2017-02-23 09:39:00-05:00,NVDA,2017-02-23
The Hottest Stock Of 2016 No Longer A Buy For This Analyst,2017-02-23 09:36:00-05:00,NVDA,2017-02-23
The Market In 5 Minutes,2017-02-23 09:28:00-05:00,NVDA,2017-02-23
22 Stocks Moving In Thursday's Pre-Market Session,2017-02-23 08:29:00-05:00,NVDA,2017-02-23
"Nomura Downgrades NVIDIA To Reduce, Lowers Price Target To $90",2017-02-23 08:24:00-05:00,NVDA,2017-02-23
A Peek Into The Markets: U.S. Stock Futures Edge Higher Ahead Of Economic Data,2017-02-23 07:42:00-05:00,NVDA,2017-02-23
"BMO Capital Downgrades NVIDIA to Underperform, Lowers Target to $85.00",2017-02-23 07:23:00-05:00,NVDA,2017-02-23
"Applied Materials, L Brands, NVIDIA: Fast Money Picks For February 23",2017-02-23 06:44:00-05:00,NVDA,2017-02-23
"NVIDIA Falls Following Nomura Downgrade, Analyst Concerned About Slowdown In Gaming",2017-02-22 17:20:00-05:00,NVDA,2017-02-23
"Nomura Downgrades NVIDIA to Reduce, Announces $90.00 Target",2017-02-22 16:37:00-05:00,NVDA,2017-02-23
Who's The Boss? It Could Be This New ETF,2017-02-16 07:51:00-05:00,NVDA,2017-02-16
"Paul Singer's Latest 13F Shows Big Changes In Apple, Western Digital",2017-02-14 17:52:00-05:00,NVDA,2017-02-15
5 Misguided Valentine's Day Gifts For Stock Traders,2017-02-14 15:04:00-05:00,NVDA,2017-02-14
Nvidia Has Beat The Street In Every Quarter Since 2011; How Do Rivals Measure Up?,2017-02-13 15:20:00-05:00,NVDA,2017-02-13
"Traders Attributing Recent Volatility In NVIDIA To Intel's Announcement of New FPGA For Industrial, Automotive Markets",2017-02-13 14:04:00-05:00,NVDA,2017-02-13
The Consensus On NVIDIA Is Still Pretty Positive,2017-02-13 11:20:00-05:00,NVDA,2017-02-13
Mid-Afternoon Market Update: Dow Gains Over 100 Points; Ubiquiti Networks Shares Drop On Downbeat Earnings,2017-02-10 14:37:00-05:00,NVDA,2017-02-10
It's Hip To Be Square? Huey Lewis Suggests An Investing Strategy That's Nothing Fancy,2017-02-10 14:08:00-05:00,NVDA,2017-02-10
Nvidia Remains One Of The Most Exciting Growth Stories In Tech,2017-02-10 13:14:00-05:00,NVDA,2017-02-10
Mid-Day Market Update: Infinera Surges On Earnings Beat; ChannelAdvisor Shares Plunge,2017-02-10 12:27:00-05:00,NVDA,2017-02-10
Jim Cramer Thinks Nvidia Remains A 'Frighteningly Positive Story',2017-02-10 12:00:00-05:00,NVDA,2017-02-10
The Positive And Negative Surprises In Nvidia's Q4 Conference Call,2017-02-10 11:25:00-05:00,NVDA,2017-02-10
"Pacific Crest OUt Negative on NVIDIA, Management Calling Around Talking Down Q2 Numbers Saying Gaming Unlikely To Grow QoQ, Saying Possibly Pause In Data Center Segment",2017-02-10 10:34:00-05:00,NVDA,2017-02-10
Wild Ride In NVIDIA After Q4 Beat,2017-02-10 10:19:00-05:00,NVDA,2017-02-10
Has Nvidia Reached Peak Market Share?,2017-02-10 10:07:00-05:00,NVDA,2017-02-10
Mid-Morning Market Update: Markets Open Higher; NVIDIA Beats Q4 Views,2017-02-10 09:53:00-05:00,NVDA,2017-02-10
"The Market In 5 Minutes: Following Ruling Against Immigration Ban, Trump Says 'See You In Court'",2017-02-10 09:07:00-05:00,NVDA,2017-02-10
30 Stocks Moving In Friday's Pre-Market Session,2017-02-10 08:39:00-05:00,NVDA,2017-02-10
A Peek Into The Markets: U.S. Stock Futures Rise; Crude Oil Up Over 1%,2017-02-10 07:28:00-05:00,NVDA,2017-02-10
"GM, Intel, NVIDIA, Viacom: Fast Money Picks For February 10",2017-02-10 06:47:00-05:00,NVDA,2017-02-10
"Keep an Eye on These 10 Stocks for February 10, 2017",2017-02-10 05:41:00-05:00,NVDA,2017-02-10
"NVIDIA Beats Q4 Estimates, Sales Up 55%",2017-02-09 16:41:00-05:00,NVDA,2017-02-10
Nvidia Sees FY18 Revenue $1.9B vs $1.88B,2017-02-09 16:23:00-05:00,NVDA,2017-02-10
"NVIDIA Reports Q4 Adj. EPS $1.13 May Not Compare to $0.83 Est., Sales $2.17B vs $2.11B ESt.",2017-02-09 16:22:00-05:00,NVDA,2017-02-10
2 Surprise Standouts From TD Ameritrade's January IMX,2017-02-09 16:13:00-05:00,NVDA,2017-02-10
A Technical Look At NVIDIA,2017-02-09 15:43:00-05:00,NVDA,2017-02-09
NVIDIA Option Activity Implies A 12.8% Move Post Earnings,2017-02-09 15:23:00-05:00,NVDA,2017-02-09
A Peek Into The Markets: U.S. Stock Futures Rise; Twitter Sales Miss Views,2017-02-09 07:45:00-05:00,NVDA,2017-02-09
"12 Stocks To Watch For February 9, 2017",2017-02-09 05:31:00-05:00,NVDA,2017-02-09
"Earnings Scheduled For February 9, 2017",2017-02-09 04:43:00-05:00,NVDA,2017-02-09
Q4 2017 Real-Time Call Brief,2017-02-08 19:00:00-05:00,NVDA,2017-02-09
Arista Networks Pops to High of $96.50 on Volume,2017-02-08 09:51:00-05:00,NVDA,2017-02-08
M Science Out Negative On Nvidia,2017-02-08 09:02:00-05:00,NVDA,2017-02-08
"Apple, NVIDIA Near All Time-Highs As Microsoft Remains Under Pressure",2017-02-07 14:31:00-05:00,NVDA,2017-02-07
Jim Cramer: NVIDIA Will Prove Its Worth,2017-02-07 13:26:00-05:00,NVDA,2017-02-07
A NVIDIA Q4 Earnings Preview: Upside Should Come From EPS Growth,2017-02-07 10:50:00-05:00,NVDA,2017-02-07
"Pacific Crest Out Positive On NVIDIA Data Center Sales, Says Should Be Lifted Higher From Amazon and Google Orders",2017-02-07 10:02:00-05:00,NVDA,2017-02-07
Advanced Micro Devices Continues To Rip On Potential Intel Deal,2017-02-06 15:03:00-05:00,NVDA,2017-02-06
7 Biggest Price Target Changes For Monday,2017-02-06 09:57:00-05:00,NVDA,2017-02-06
"Benzinga's Top Upgrades, Downgrades For February 6, 2017",2017-02-06 09:40:00-05:00,NVDA,2017-02-06
Roth Capital Downgrades NVIDIA To Neutral,2017-02-06 07:38:00-05:00,NVDA,2017-02-06
"Barron's Picks And Pans: Chipotle, Snap, AMD And More",2017-02-05 10:05:00-05:00,NVDA,2017-02-05
"Benzinga's Top Upgrades, Downgrades For February 3, 2017",2017-02-03 09:30:00-05:00,NVDA,2017-02-03
"AMD Shares Down 3% Following Earnings, Guidance; NVIDIA Shares Down 1%",2017-01-31 16:19:00-05:00,NVDA,2017-02-01
Benzinga's Option Alert Recap From January 27,2017-01-27 16:55:00-05:00,NVDA,2017-01-30
Option Alert: Nvidia Feb 3 $109 Put Sweep; 2786 @Bid @$1.027; Ref=$111.61,2017-01-27 14:41:00-05:00,NVDA,2017-01-27
Old Tech Vs. New Tech: Which Will Be Better Investments For 2017?,2017-01-24 09:45:00-05:00,NVDA,2017-01-24
Todd Gordon Is Bullish On Netflix And NVIDIA,2017-01-23 14:25:00-05:00,NVDA,2017-01-23
"CEO Huang Registers 125,002 Shares of NVIDIA -Form 144",2017-01-19 14:22:00-05:00,NVDA,2017-01-19
IBM Kicks Off The Big Tech Earnings Season,2017-01-19 09:55:00-05:00,NVDA,2017-01-19
Nvidia's Machine Learning Business Seems Very Strong,2017-01-18 13:29:00-05:00,NVDA,2017-01-18
"In Honor Of Friday The 13th, Here Are Some Of The Unluckiest Trades Of 2016",2017-01-13 08:50:00-05:00,NVDA,2017-01-13
"If Lendingtree Continues To Deliver, A Major Short Squeeze Could Be On The Horizon",2017-01-11 13:25:00-05:00,NVDA,2017-01-11
Option Alert: Nvidia Feb $110 Call; 3000 @Bid @$5.98,2017-01-11 11:14:00-05:00,NVDA,2017-01-11
Top 10 S&P Stocks Of The Obama Presidency,2017-01-11 10:34:00-05:00,NVDA,2017-01-11
Shining Semiconductor ETFs,2017-01-11 08:27:00-05:00,NVDA,2017-01-11
Nearly 200 S&P 500 Stocks Are Now In Correction Territory,2017-01-10 14:50:00-05:00,NVDA,2017-01-10
Traders Passing Around The Information Article Published ~4 Hours Ago 'CES Proves Carmakers Still Confused About Autonomous'; Traders Mentioning NVIDIA,2017-01-10 13:51:00-05:00,NVDA,2017-01-10
Here Are The Brands Investors Were Buying And Selling In December,2017-01-09 17:07:00-05:00,NVDA,2017-01-10
Investor Movement Index (IMX) for December 2016,2017-01-09 14:00:00-05:00,NVDA,2017-01-09
7 Biggest Price Target Changes For Monday,2017-01-09 13:09:00-05:00,NVDA,2017-01-09
Oppenheimer's Takeaways From Meeting With The NVIDIA CFO At CES,2017-01-09 12:22:00-05:00,NVDA,2017-01-09
This Tech Analyst Loves Cybersecurity Stocks in 2017,2017-01-09 12:12:00-05:00,NVDA,2017-01-09
Nvidia And The Self-Driving Auto: Competition Is Good For Investors,2017-01-09 09:33:00-05:00,NVDA,2017-01-09
KeyBanc Names CES Auto Winners,2017-01-09 08:35:00-05:00,NVDA,2017-01-09
Citron's Andrew Left Currently Speaking on CNBC,2017-01-06 12:17:00-05:00,NVDA,2017-01-06
17 More Financial Twitter Names To Follow In 2017,2017-01-06 11:38:00-05:00,NVDA,2017-01-06
NVIDIA CEO's Keynote At CES Exceeded Expectations,2017-01-06 07:57:00-05:00,NVDA,2017-01-06
Jim Cramer Gives His Opinion On Mobileye And Blackstone,2017-01-06 06:46:00-05:00,NVDA,2017-01-06
Execs Giving CES Keynote Speeches Could Create Volatility For Shareholders,2017-01-05 16:07:00-05:00,NVDA,2017-01-06
Technical Alert: Nvidia Corp Lower,2017-01-05 13:41:00-05:00,NVDA,2017-01-05
Nvidia At CES: 3 Big Announcements Leave Investors With 5 Major Questions,2017-01-05 11:34:00-05:00,NVDA,2017-01-05
"NVIDIA Shares Saw Overnight Action, Moved Higher Potentially On the Heels of Wed.'s CES Keynote by Jen-Hsun Huang; Shares Now Largely Unaffected; Watch for Volatility in Other CES Keynote Names",2017-01-05 10:14:00-05:00,NVDA,2017-01-05
"HERE, Nvidia Partner on AI technology for HD Mapping from Cloud to Car",2017-01-05 04:21:00-05:00,NVDA,2017-01-05
Why A Pullback Is Just What Nvidia Needed,2017-01-04 11:21:00-05:00,NVDA,2017-01-04
9 Companies With Nvidia's Consistency In Delivering Upside To EPS Estimates,2017-01-03 13:48:00-05:00,NVDA,2017-01-03
Technical Alert: Nvidia Corp Hovering Over Major Support,2017-01-03 11:40:00-05:00,NVDA,2017-01-03
The Bear Cases For Wall Street's Darlings,2017-01-02 10:58:00-05:00,NVDA,2017-01-02
A Sampling Of Citron's Most Influential Tweets,2017-01-02 10:13:00-05:00,NVDA,2017-01-02
January Will Feature Some Of The Market's Most Influential Events,2016-12-30 15:36:00-05:00,NVDA,2016-12-30
More Profit-Taking In NVIDIA After Recent Volatility,2016-12-30 11:59:00-05:00,NVDA,2016-12-30
NVIDIA To 'Shine' With Smart Autos At CES,2016-12-30 08:05:00-05:00,NVDA,2016-12-30
Nvidia +1.4% Premarket @$113.00,2016-12-30 05:53:00-05:00,NVDA,2016-12-30
Jim Strugger's Hedging Strategy In NVIDIA,2016-12-29 16:57:00-05:00,NVDA,2016-12-30
Don't Be Surprised If NVIDIA Closes Higher Today,2016-12-29 14:19:00-05:00,NVDA,2016-12-29
12 Biggest Mid-Day Losers For Thursday,2016-12-29 12:42:00-05:00,NVDA,2016-12-29
Tesla's Stock Under Selling Pressure,2016-12-29 12:07:00-05:00,NVDA,2016-12-29
Mid-Day Market Update: Prima BioMed Climbs Following Positive IMP321 Data; Interpace Diagnostics Shares Slide,2016-12-29 12:03:00-05:00,NVDA,2016-12-29
"Mid-Morning Market Update: Markets Mostly Flat; Jobless Claims Drop To 265,000",2016-12-29 10:20:00-05:00,NVDA,2016-12-29
The Market In 5 Minutes: Jobless Claims Fall,2016-12-29 09:06:00-05:00,NVDA,2016-12-29
15 Stocks Moving In Thursday's Pre-Market Session,2016-12-29 08:17:00-05:00,NVDA,2016-12-29
Nvidia -4% Premarket @$104.97,2016-12-29 04:28:00-05:00,NVDA,2016-12-29
Left Says Short Nvidia for Past Few Days,2016-12-28 17:37:00-05:00,NVDA,2016-12-29
"Citron's Andrew Left on CNBC Says Likes Nvidia, But Market Got Ahead of Itself",2016-12-28 17:33:00-05:00,NVDA,2016-12-29
Why NVIDIA's Recent Run Shouldn't Come As A Surprise,2016-12-28 14:45:00-05:00,NVDA,2016-12-28
23 Notable Presentations On The CES 2017 Schedule,2016-12-28 14:37:00-05:00,NVDA,2016-12-28
"Analyst: NVIDIA Is Overvalued, But Don't Sell Ahead Of CES",2016-12-28 14:18:00-05:00,NVDA,2016-12-28
Should You Be Buying 2016 Market Leaders Or Laggards Heading Into 2017?,2016-12-28 13:55:00-05:00,NVDA,2016-12-28
10 Biggest Mid-Day Losers For Wednesday,2016-12-28 12:44:00-05:00,NVDA,2016-12-28
NVIDIA's Pullback Might Not Last Very Long,2016-12-28 11:45:00-05:00,NVDA,2016-12-28
Ways To Play The AI Theme At CES 2017,2016-12-28 11:30:00-05:00,NVDA,2016-12-28
Looking To Get Some Automotive Exposure Ahead Of CES 2017? Here Are 9 Stocks To Consider,2016-12-28 11:21:00-05:00,NVDA,2016-12-28
Option Alert: Nvidia Dec 30th 120 Calls: 2540 @  ASK  $0.20: 6976 traded vs 2145 OI:  Earnings 2/15 After Close (est)  $111.74 Ref,2016-12-28 10:50:00-05:00,NVDA,2016-12-28
NVIDIA's 10-Day Win Streak Now In Danger,2016-12-28 10:48:00-05:00,NVDA,2016-12-28
Is NVIDIA Going Back To $90? Citron Thinks So,2016-12-28 10:42:00-05:00,NVDA,2016-12-28
NVIDIA Shares Down 4.7%,2016-12-28 10:18:00-05:00,NVDA,2016-12-28
Citron's Andrew Left To Appear On CNBC At 5:25pm ET To Discuss NVIDIA,2016-12-28 09:57:00-05:00,NVDA,2016-12-28
"Citron Research @CitronResearch 1m Citron readers know we have long been fans of $NVDA,but now the mkt is disregarding headwinds. In 2017 we will see $NVDA head back to $90",2016-12-28 09:41:00-05:00,NVDA,2016-12-28
Technical Alert: Nvidia Corp Looks To Extend Ten Day Win Streak,2016-12-28 09:37:00-05:00,NVDA,2016-12-28
CES 2017 Will Effectively Be A Car Show: A Look At Key Themes,2016-12-28 09:22:00-05:00,NVDA,2016-12-28
5 Biggest Price Target Changes For Wednesday,2016-12-28 09:19:00-05:00,NVDA,2016-12-28
NVIDIA Has Significant Room For Further Gains,2016-12-28 08:59:00-05:00,NVDA,2016-12-28
15 Stocks Moving In Wednesday's Pre-Market Session,2016-12-28 08:09:00-05:00,NVDA,2016-12-28
Nvidia +2.3% Premarket @$120,2016-12-28 04:35:00-05:00,NVDA,2016-12-28
Wall Street's Top Picks For 2017: All In One Place,2016-12-27 12:22:00-05:00,NVDA,2016-12-27
Mid-Day Market Update: Crude Oil Up Over 1%; Endologix Shares Slide,2016-12-27 12:17:00-05:00,NVDA,2016-12-27
Technical Alert: Nvidia Higher For Tenth Day In A Row,2016-12-27 10:35:00-05:00,NVDA,2016-12-27
6 Best Performing S&P 500 Stocks Of 2016,2016-12-27 08:13:00-05:00,NVDA,2016-12-27
Looking Toward Nvidia's 2016 Boom To Pick The Next Big Tech Stock,2016-12-22 11:59:00-05:00,NVDA,2016-12-22
15 Biggest Mid-Day Gainers For Tuesday,2016-12-20 12:43:00-05:00,NVDA,2016-12-20
18 Stocks Moving In Tuesday's Pre-Market Session,2016-12-20 08:32:00-05:00,NVDA,2016-12-20
"Mizuho Maintains Buy on NVIDIA, Raises Target from $80 to $115.00",2016-12-20 06:22:00-05:00,NVDA,2016-12-20
Why These Stocks Skyrocketed On Friday's Quad Witch,2016-12-19 15:33:00-05:00,NVDA,2016-12-19
Watch These 7 Huge Put Purchases In Monday Trade,2016-12-19 04:25:00-05:00,NVDA,2016-12-19
"Barron's Picks And Pans: Tech Infrastructure, Small Caps, DineEquity And More",2016-12-18 21:35:00-05:00,NVDA,2016-12-19
No Stopping NVIDIA,2016-12-15 11:03:00-05:00,NVDA,2016-12-15
Stocks Hitting 52-Week Highs,2016-12-15 10:51:00-05:00,NVDA,2016-12-15
Watch These 5 Huge Put Purchases In Thursday Trade,2016-12-15 04:25:00-05:00,NVDA,2016-12-15
"Watch NVIDIA Shares Here, Stock Up 5%; Benzinga Has Been Alerted to Traders Passing Concern on Possible Chip Recall",2016-12-14 13:24:00-05:00,NVDA,2016-12-14
NVIDIA Is Up 190% In 2016: Here's Why You Should 'Jump On Board' For 2017,2016-12-14 13:12:00-05:00,NVDA,2016-12-14
Option Alert: NVDA Dec16 95.0 Puts: 2542 @  ASK  $0.80: 3699 traded vs 678 OI:  Earnings 2/15 After Close (est)  $96.13 Ref,2016-12-14 13:09:00-05:00,NVDA,2016-12-14
15 Biggest Mid-Day Gainers For Wednesday,2016-12-14 12:29:00-05:00,NVDA,2016-12-14
NVIDIA Continues With Yo-Yo Action,2016-12-14 11:33:00-05:00,NVDA,2016-12-14
Advanced Micro Devices' Price Target Raised To 2007 Level At Canaccord,2016-12-14 09:46:00-05:00,NVDA,2016-12-14
"Benzinga's Top Upgrades, Downgrades For December 14, 2016",2016-12-14 09:11:00-05:00,NVDA,2016-12-14
The Market In 5 Minutes: All Eyes On The Fed,2016-12-14 09:02:00-05:00,NVDA,2016-12-14
"Evercore ISI Group Upgrades NVIDIA to Buy, Announces $120.00 Target",2016-12-14 07:25:00-05:00,NVDA,2016-12-14
Why The NVIDIA Story Is Still In Its Early Innings Despite Recent Run,2016-12-13 11:25:00-05:00,NVDA,2016-12-13
"Loop Capital Initiates Coverage On NVIDIA at Buy, Announces $109.00 Target",2016-12-13 09:14:00-05:00,NVDA,2016-12-13
Technical Alert: Nvidia Corp Lower As Pacific Crest Urges Caution On The Rapid Price Increase,2016-12-12 13:09:00-05:00,NVDA,2016-12-12
3 Factors Pushing NVIDIA Shares Lower,2016-12-12 12:10:00-05:00,NVDA,2016-12-12
"Pacific Crest Out Cautious On NVIDIA, Warning Of Potential Excess Inventory In Desktop Graphics Card Market",2016-12-12 09:46:00-05:00,NVDA,2016-12-12
The Biggest Players In Augmented Reality,2016-12-10 20:52:00-05:00,NVDA,2016-12-12
"10 Stocks That Rallied Four Days, Then Sold Off Yesterday",2016-12-09 05:01:00-05:00,NVDA,2016-12-09
Technical Alert: Nvidia Corp Makes New All-Time-High And Retreats,2016-12-08 15:26:00-05:00,NVDA,2016-12-08
"Facebook, Google Make Glassdoor's List Of Top 50 Places To Work",2016-12-07 15:03:00-05:00,NVDA,2016-12-07
Watch These 7 Huge Call Purchases In Wednesday Trade,2016-12-07 02:05:00-05:00,NVDA,2016-12-07
Option Alert: NVDA Fri 12/9 95.5 Calls (Wkly) Sweep: 2220 @  ASK  $0.30: 3758 traded vs 292 OI:  Earnings 2/15 After Close (est)  $92.15 Ref,2016-12-06 12:35:00-05:00,NVDA,2016-12-06
Chipmakers Trading High During Indian Conference,2016-12-05 11:13:00-05:00,NVDA,2016-12-05
"Chip Makers Trading Higher During India's GTCx Conference, NVIDIA up 2.04%",2016-12-05 07:15:00-05:00,NVDA,2016-12-05
NVIDIA's Crazy Run Begins To Slow Down,2016-12-01 15:18:00-05:00,NVDA,2016-12-01
Technical Alert: Nvidia Corp Finally Has A Bad Day,2016-12-01 11:39:00-05:00,NVDA,2016-12-01
"Intel, Nvidia to Announce New Platforms for CES 2017 -DigiTimes",2016-11-30 04:44:00-05:00,NVDA,2016-11-30
Technical Alert: Nvidia Corp Range Bound,2016-11-28 12:07:00-05:00,NVDA,2016-11-28
Scott Bauer's NVIDIA Options Trade,2016-11-28 06:42:00-05:00,NVDA,2016-11-28
Vetr Crowd Thinks AMD Is Running Hot,2016-11-22 16:44:00-05:00,NVDA,2016-11-23
7 Biggest Price Target Changes For Tuesday,2016-11-22 12:13:00-05:00,NVDA,2016-11-22
"MKM Partners Raising PT From $87 To $106 On NVIDIA, Says Thematic Attention Is Heating Up As Large Suppliers Crowding  Into AI As An Investment Theme With Non-GPU Solutions",2016-11-22 08:57:00-05:00,NVDA,2016-11-22
"Mobileye Stock Weakness Unwarranted, Wells Fargo Says Buy The Stock",2016-11-18 07:00:00-05:00,NVDA,2016-11-18
NVIDIA's Stock Is On Quite The Run,2016-11-18 06:56:00-05:00,NVDA,2016-11-18
10 Stocks With Highest Close In Three Weeks,2016-11-18 05:40:00-05:00,NVDA,2016-11-18
"Intel Corporation, Mobileye May Be Star-Crossed Lovers, But Chowdhry Calls Veronian Tragedy",2016-11-17 15:23:00-05:00,NVDA,2016-11-17
Mid-Afternoon Market Update: StemCells Climbs On Asset Purchase Agreement; Endologix Shares Drop,2016-11-16 14:30:00-05:00,NVDA,2016-11-16
Technical Alert: No Stopping Nvidia Corp,2016-11-16 12:29:00-05:00,NVDA,2016-11-16
Mid-Day Market Update: Dow Falls 75 Points; Shipping Stocks Spike Higher,2016-11-16 12:04:00-05:00,NVDA,2016-11-16
IC Insights Says Nvidia is Fastest Growing Semiconductor Co for 2016 -DigiTimes,2016-11-16 04:27:00-05:00,NVDA,2016-11-16
Vetr Crowd Downgrades NVIDIA After All-Time High,2016-11-14 15:38:00-05:00,NVDA,2016-11-14
"Worst Performing Industries For November 14, 2016",2016-11-14 11:20:00-05:00,NVDA,2016-11-14
Needham Upgrades NVIDIA Corporation - Common Stock to Buy,2016-11-14 09:25:00-05:00,NVDA,2016-11-14
The Market In 5 Minutes: A Couple Of Pharma Stocks Move 70% In Opposite Directions,2016-11-14 09:04:00-05:00,NVDA,2016-11-14
Can You Guess This Chart?,2016-11-14 07:44:00-05:00,NVDA,2016-11-14
"IBM, NVIDIA Collaborate on World's Fastest Deep Learning Enterprise Solution",2016-11-14 05:08:00-05:00,NVDA,2016-11-14
Nvidia's Big Win: Post-Earnings Sell-Side Sentiment,2016-11-13 15:24:00-05:00,NVDA,2016-11-13
NVIDIA's Blowout Quarter Helps It Remain A Top Pick At Jefferies,2016-11-11 14:48:00-05:00,NVDA,2016-11-11
Did NVIDIA's Ultra-Conservative Guidance Set It Up For Huge Beat?,2016-11-11 14:28:00-05:00,NVDA,2016-11-11
Mid-Afternoon Market Update: Gold Futures Down 3.5%; PTC Therapeutics Shares Spike Higher,2016-11-11 14:24:00-05:00,NVDA,2016-11-11
12 Biggest Mid-Day Gainers For Friday,2016-11-11 12:28:00-05:00,NVDA,2016-11-11
Trip Chowdhry's Top 4 Stock Picks,2016-11-11 12:26:00-05:00,NVDA,2016-11-11
Mid-Day Market Update: Crude Oil Down Over 3%; NVIDIA Shares Jump On Earnings Beat,2016-11-11 12:10:00-05:00,NVDA,2016-11-11
"After NVIDIA's Solid Q3, Analyst Sees 18% Upside",2016-11-11 11:38:00-05:00,NVDA,2016-11-11
NVIDIA Meets And Exceeds The Street's Great Expectations In Q3,2016-11-11 11:06:00-05:00,NVDA,2016-11-11
"Top Performing Industries For November 11, 2016",2016-11-11 10:48:00-05:00,NVDA,2016-11-11
Benzinga's Volume Movers,2016-11-11 10:33:00-05:00,NVDA,2016-11-11
The Technical Take: NVIDIA Makes New All-Time High After Q3 Beat,2016-11-11 10:23:00-05:00,NVDA,2016-11-11
Barclays Issues A Rare Post-Earnings Upgrade On NVIDIA,2016-11-11 10:11:00-05:00,NVDA,2016-11-11
Mid-Morning Market Update: Markets Mostly Lower; J C Penney Q3 Sales Miss Estimates,2016-11-11 10:04:00-05:00,NVDA,2016-11-11
7 Biggest Price Target Changes For Friday,2016-11-11 09:43:00-05:00,NVDA,2016-11-11
NVIDIA Delivers Second Consecutive Spectacular Quarter,2016-11-11 09:06:00-05:00,NVDA,2016-11-11
Benzinga's Top Upgrades,2016-11-11 08:59:00-05:00,NVDA,2016-11-11
"The Market In 5 Minutes: You Don't Really Care For Music, Do You?",2016-11-11 08:57:00-05:00,NVDA,2016-11-11
18 Stocks Moving In Friday's Pre-Market Session,2016-11-11 08:21:00-05:00,NVDA,2016-11-11
NVIDIA's Blowout Quarter: 'Machine Learning Is Like A Quicksand',2016-11-11 07:51:00-05:00,NVDA,2016-11-11
A Peek Into The Markets: U.S. Stock Futures Down Ahead Of Consumer Sentiment Report,2016-11-11 07:30:00-05:00,NVDA,2016-11-11
"7 Stocks To Watch For November 11, 2016",2016-11-11 04:52:00-05:00,NVDA,2016-11-11
"Nvidia +12.5% Premarket @$76.30 on Solid Earnings Beat, Share Buyback, Dividend Raise",2016-11-11 04:45:00-05:00,NVDA,2016-11-11
"Barclays Upgrades NVIDIA Corporation - Common Stock to Equal-Weight, Raises to $72.00",2016-11-11 04:30:00-05:00,NVDA,2016-11-11
"NVIDIA Spikes On Record Quarterly Results, Strong Guidance And Dividend Raise",2016-11-10 16:51:00-05:00,NVDA,2016-11-11
"NVIDIA Raises Qtr. Dividend From $0.115 To $0.14/Share, Authorizes Additional $2B Buyback",2016-11-10 16:22:00-05:00,NVDA,2016-11-11
NVIDIA Sees Q4 Sales $2.1B +/- 2%,2016-11-10 16:21:00-05:00,NVDA,2016-11-11
"NVIDIA Reports Q3 EPS $0.94 vs. Est. $0.57, Rev. $2B vs. Est. $1.69B",2016-11-10 16:20:00-05:00,NVDA,2016-11-11
Big Tech Is Getting Crushed Today,2016-11-10 11:56:00-05:00,NVDA,2016-11-10
12 Stocks You Should Be Watching Today,2016-11-10 06:04:00-05:00,NVDA,2016-11-10
"Earnings Scheduled For November 10, 2016",2016-11-10 04:16:00-05:00,NVDA,2016-11-10
Big Tech Is Leading The Stock Market Higher Today,2016-11-07 14:56:00-05:00,NVDA,2016-11-07
NVIDIA's Transformation Is Complete; Canaccord Lifts Price Target To $80,2016-11-07 10:35:00-05:00,NVDA,2016-11-07
M Science Out Negative On Nvidia,2016-11-07 09:33:00-05:00,NVDA,2016-11-07
David Bartosiak's NVIDIA Trade,2016-11-07 06:31:00-05:00,NVDA,2016-11-07
"NVIDIA Shares Spike Over $67.50 Level, Now Over $68 as Traders Passing Around Unconfirmed Takeover Chatter",2016-11-04 11:03:00-04:00,NVDA,2016-11-04
Jim Cramer Shares His Thoughts On Acacia Communications And Advanced Micro Devices,2016-11-04 06:21:00-04:00,NVDA,2016-11-04
Benzinga's Top Initiations,2016-11-02 09:54:00-04:00,NVDA,2016-11-02
"Jim Cramer Gives His Opinion On Acushnet, Nvidia And Realty Income",2016-11-02 06:26:00-04:00,NVDA,2016-11-02
"Citigroup Initiates Coverage On NVIDIA Corporation - Common Stock at Buy, Announces $90.00",2016-11-02 06:06:00-04:00,NVDA,2016-11-02
Apple's New MacBook Specs Take On Top Competitors,2016-10-27 15:57:00-04:00,NVDA,2016-10-27
"Traders Passing Around Comment on NXP Semi Call: When Asked Why Do A Deal Now?, Exec Responded A Need for Automotive Driver Assist Processing, Machine Learning Capabilities; Seen as Positives for NVIDIA, Mobileye",2016-10-27 09:05:00-04:00,NVDA,2016-10-27
"B. Riley Maintains Buy on NVIDIA Corporation - Common Stock, Raises to $85.00",2016-10-25 10:07:00-04:00,NVDA,2016-10-25
"WSJ.D Live Conference Continues Today; Presenters Include AT&T & Time Warner, Nvidia, Facebook, Paypal, Yelp, And Trian Fund Management's Nelson Peltz",2016-10-25 09:25:00-04:00,NVDA,2016-10-25
Technical Alert: Nvidia Corp Attempts To Make New All-Time-High,2016-10-24 11:32:00-04:00,NVDA,2016-10-24
Rambus Reports Licensing of DPA Countermeasures to NVIDIA,2016-10-24 08:08:00-04:00,NVDA,2016-10-24
"Hearing Jefferies Positive On NVIDIA On Heels Of Nintendo Switch, Raises PT From $73 To $80",2016-10-20 14:20:00-04:00,NVDA,2016-10-20
Tesla And The Era Of Intelligent Transportation,2016-10-20 07:48:00-04:00,NVDA,2016-10-20
Advanced Micro Devices' Improved Near-Term Sales Trends Earn It An Oppenheimer Upgrade,2016-10-17 15:50:00-04:00,NVDA,2016-10-17
What Autopilot 2.0 Means For Mobileye,2016-10-13 12:19:00-04:00,NVDA,2016-10-13
Electrek Reports Tesla is about to increase its lead in semi-autonomous driving w/ 'Tesla Vision': computer vision based on NVIDIA's parallel computing,2016-10-10 15:09:00-04:00,NVDA,2016-10-10
6 Stocks Which Plummeted Three Days On Increasing Volume,2016-10-07 06:44:00-04:00,NVDA,2016-10-07
Expect Pressure On Semi Stocks Amid Terminated KLA-Tencor/Lam Deal,2016-10-06 10:40:00-04:00,NVDA,2016-10-06
"Anadarko, NVIDIA, Royal Dutch Shell: Fast Money Picks For October 6",2016-10-06 07:32:00-04:00,NVDA,2016-10-06
Carter Worth Thinks That NVIDIA Is Too Expensive,2016-10-06 07:31:00-04:00,NVDA,2016-10-06
Watch These 5 Huge Put Purchases In Wednesday Trade,2016-10-05 03:09:00-04:00,NVDA,2016-10-05
"25 Stocks Which Rallied Four Days, Then Sold Off Yesterday",2016-10-04 11:13:00-04:00,NVDA,2016-10-04
Option Alert: NVDA Nov16 70.0 Puts Sweep: 1000 @  ASK  $5.10: 2024 traded vs 927 OI:  Earnings 11/3  $68.69 Ref,2016-10-04 10:59:00-04:00,NVDA,2016-10-04
Technical Alert: Nvidia Corp Makes A New All Time High For Third Day In A Rpw,2016-09-29 13:59:00-04:00,NVDA,2016-09-29
NVIDIA to Work with TomTom On a Self Driving Car System,2016-09-28 06:14:00-04:00,NVDA,2016-09-28
Jim Cramer Shares His Thoughts On Vonage And Intersil,2016-09-22 06:28:00-04:00,NVDA,2016-09-22
Benzinga's Top Initiations,2016-09-20 09:58:00-04:00,NVDA,2016-09-20
"Susquehanna Initiates Coverage on NVIDIA at Neutral, Announces $66.00 PT",2016-09-20 07:32:00-04:00,NVDA,2016-09-20
"SunTrust Robinson Humphrey Initiates Coverage on NVIDIA at Neutral, Announces $59.00 PT",2016-09-20 02:30:00-04:00,NVDA,2016-09-20
Delphi Automotive: The Less Heralded Autonomous Driving Play,2016-09-16 12:28:00-04:00,NVDA,2016-09-16
Chip Stocks Mostly Soar As Intel Raises Q3 Guidance,2016-09-16 12:11:00-04:00,NVDA,2016-09-16
"Mobileye Is A $10 Stock That's 'Hyper-Inflated', Could Collapse In 6 Months: Chowdhry",2016-09-16 10:02:00-04:00,NVDA,2016-09-16
"Intel Shares Up 4% Following Raised Q3 Outlook; AMD Shares Up 3.8%, Micron Up 3.4%, NVIDIA Up 0.9%, Texas Instruments Up 0.8%",2016-09-16 09:12:00-04:00,NVDA,2016-09-16
"NVIDIA Will Win Machine Learning, Trip Chowdhry Argues",2016-09-15 16:55:00-04:00,NVDA,2016-09-16
Cramer's 11 Stocks To Buy During Fed-Fear Selloffs,2016-09-13 12:21:00-04:00,NVDA,2016-09-13
Michigan Votes Unanimously To Remove Drivers From Autonomous Test Vehicles,2016-09-09 09:36:00-04:00,NVDA,2016-09-09
"NVIDIA Corp. Files Mixed Shelf Offering, Terms Not Disclosed",2016-09-06 16:53:00-04:00,NVDA,2016-09-07
"Nvidia, Baidu to Collaborate on Artificial Intelligence, Self-Driving Car -Wall Street Journal",2016-09-01 06:53:00-04:00,NVDA,2016-09-01
Advanced Micro Devices Gets A Price Target Bump At Canaccord,2016-08-25 14:09:00-04:00,NVDA,2016-08-25
6 Degrees Of Self-Driving Separation,2016-08-24 12:48:00-04:00,NVDA,2016-08-24
"Intel To Develop Autonomous Vehicle Solution To Compete Against Nvidia, Mobileye; CLSA Remains Unimpressed",2016-08-19 15:22:00-04:00,NVDA,2016-08-19
Tigress Financial Reiterates Buy Rating on NVIDIA,2016-08-18 15:12:00-04:00,NVDA,2016-08-18
More Room To Run For NVIDIA Shares,2016-08-15 10:15:00-04:00,NVDA,2016-08-15
18 Biggest Mid-Day Gainers For Friday,2016-08-12 12:39:00-04:00,NVDA,2016-08-12
Jefferies Expects More Upside Surprises From NVIDIA Over The Next Year,2016-08-12 11:33:00-04:00,NVDA,2016-08-12
"Apple, Nvidia, Tesla: Trip Chowdhry's 3 Best Stock Ideas",2016-08-12 11:01:00-04:00,NVDA,2016-08-12
Stocks Hitting 52-Week Highs,2016-08-12 10:12:00-04:00,NVDA,2016-08-12
10 Biggest Price Target Changes For Friday,2016-08-12 09:53:00-04:00,NVDA,2016-08-12
Benzinga's Top Upgrades,2016-08-12 09:01:00-04:00,NVDA,2016-08-12
Data Center Is The 'Most Exciting Aspect' Of NVIDIA's Story,2016-08-12 08:20:00-04:00,NVDA,2016-08-12
18 Stocks Moving In Friday's Pre-Market Session,2016-08-12 08:19:00-04:00,NVDA,2016-08-12
NVidia Guides For A Significant Estimate Beat In Q3,2016-08-12 08:18:00-04:00,NVDA,2016-08-12
A Peek Into The Markets: U.S. Stock Futures Edge Higher Ahead Of J C Penney Earnings,2016-08-12 07:26:00-04:00,NVDA,2016-08-12
RBC Capital Upgrades NVIDIA to Outperform,2016-08-12 06:28:00-04:00,NVDA,2016-08-12
10 Stocks You Should Be Watching Today,2016-08-12 04:23:00-04:00,NVDA,2016-08-12
"After-Hours Losers Aug. 11, 2016: ORIG Down %, XCOM 20%, RT 6.4%, PTX 4%, DDS 3.5%, NVDA 3%",2016-08-11 18:24:00-04:00,NVDA,2016-08-12
"Thursday's After-Hours Movers: 2 Stocks Spiking, 2 Stocks Tanking",2016-08-11 16:59:00-04:00,NVDA,2016-08-12
"Nvidia Beats Earnings And Revenue Estimates, Uplifting Forecasts",2016-08-11 16:41:00-04:00,NVDA,2016-08-12
NVIDIA Sees Q3 Sales $1.68B +/- 2% vs $1.45B Est.,2016-08-11 16:21:00-04:00,NVDA,2016-08-12
"NVIDIA Reports Q2 Adj. EPS $0.53 vs $0.37 Est., Sales $1.43B vs $1.35B Est.",2016-08-11 16:20:00-04:00,NVDA,2016-08-12
Option Alert: NVDA Jan17 40.0 Calls Sweep: 2000 @  ASK  $20.98: 2036 traded vs 2081 OI:  Earnings today After Close  $59.83 Ref,2016-08-11 15:56:00-04:00,NVDA,2016-08-11
"Forgot The FANG Trade, This Stock Outperformed The Group",2016-08-11 10:57:00-04:00,NVDA,2016-08-11
Can You Guess This Chart?,2016-08-11 06:49:00-04:00,NVDA,2016-08-11
10 Must Watch Stocks for Today,2016-08-11 05:18:00-04:00,NVDA,2016-08-11
"Earnings Scheduled For August 11, 2016",2016-08-11 04:06:00-04:00,NVDA,2016-08-11
4 Interesting Semiconductor Picks,2016-08-10 14:42:00-04:00,NVDA,2016-08-10
Apple's $300 Billion Opportunity,2016-08-10 10:48:00-04:00,NVDA,2016-08-10
Watch These 7 Huge Put Purchases In Wednesday Trade,2016-08-10 04:10:00-04:00,NVDA,2016-08-10
Option Alert: NVDA Aug16 58.0 Puts Sweep: 2500 @  ASK  $2.10: 2568 traded vs 212 OI:  Earnings 8/11 After Close  $59.06 Ref,2016-08-09 14:50:00-04:00,NVDA,2016-08-09
8 Biggest Price Target Changes For Monday,2016-08-08 09:58:00-04:00,NVDA,2016-08-08
"Jefferies Analysts Are Buyers Of NVIDIA Amid Sales Momentum, Probability Of Upside",2016-08-08 08:23:00-04:00,NVDA,2016-08-08
Watch These 5 Huge Put Purchases In Monday Trade,2016-08-08 02:50:00-04:00,NVDA,2016-08-08
"Walt Disney, Alibaba On Deck For Earnings Announcements",2016-08-07 09:56:00-04:00,NVDA,2016-08-07
Option Alert: NVDA Aug16 44.0 Puts Sweep: 3000 @  ASK  $0.13: 5002 traded vs 3287 OI:  Earnings 8/11 After Close  $57.90 Ref,2016-08-05 11:28:00-04:00,NVDA,2016-08-05
Watch These 7 Huge Call Purchases In Friday Trade,2016-08-05 02:48:00-04:00,NVDA,2016-08-05
Option Alert: NVDA Oct16 55.0 Calls Sweep: 5001 @  Above Ask!  $5.20: 5182 traded vs 885 OI:  Earnings 8/11 After Close  $56.97 Ref,2016-08-04 11:08:00-04:00,NVDA,2016-08-04
Xiaomi Takes On Another Tech Behemoth With 2 New Launches,2016-07-27 15:34:00-04:00,NVDA,2016-07-27
"Cramer Prefers CyberArk Over FireEye, Says NVIDIA Will Benefit From Pokemon Go",2016-07-27 06:45:00-04:00,NVDA,2016-07-27
"Disney, Time Warner Likely To Capitalize On Augmented Reality; Pokémon GO Prompts Other Game Proposals",2016-07-19 15:25:00-04:00,NVDA,2016-07-19
"Goldman Cautious on TXN & ADI, Favors Names W/ Structural & Content Growth Opportunity Such As NVDA, NXPI, AVGO, SWKS",2016-07-19 06:04:00-04:00,NVDA,2016-07-19
"UPDATE: Goldman Sees Augmented Reality Market Value Of $59B in 2025, Sees Virtual Reality Market Value Of $36B",2016-07-18 07:22:00-04:00,NVDA,2016-07-18
Goldman Raises 2025 Estimate For Expected Market Value Of Virtual Reality/Augmented Reality From $80B To $95B,2016-07-18 07:18:00-04:00,NVDA,2016-07-18
Benzinga's Top Initiations,2016-07-15 09:36:00-04:00,NVDA,2016-07-15
Benzinga's Top Downgrades,2016-07-15 09:14:00-04:00,NVDA,2016-07-15
12 Stocks Moving In Friday's Pre-Market Session,2016-07-15 08:26:00-04:00,NVDA,2016-07-15
Wells Fargo Downgrades NVIDIA to Underperform,2016-07-15 07:46:00-04:00,NVDA,2016-07-15
"Mizuho Securities Initiates Coverage on NVIDIA at Buy, Announces $60.00 PT",2016-07-15 07:45:00-04:00,NVDA,2016-07-15
Nvidia Downgraded to Underperform from Market Perform at Wells Fargo,2016-07-15 04:47:00-04:00,NVDA,2016-07-15
The Best Performing Stocks Since May 2015,2016-07-11 15:47:00-04:00,NVDA,2016-07-11
Option Alert: NVDA Jul16 50.0 Calls Sweep: 718 @  ASK  $1.05: 1547 traded vs 2031 OI:  Earnings 8/4  $50.41 Ref,2016-07-08 10:49:00-04:00,NVDA,2016-07-08
Gaming Stocks Are A Playground For Traders,2016-07-06 10:11:00-04:00,NVDA,2016-07-06
Taiwan Semiconductor Could Blow Street Estimates Away,2016-06-28 08:10:00-04:00,NVDA,2016-06-28
3 Companies Most Likely To Win When Virtual Reality Takes Over,2016-06-27 08:12:00-04:00,NVDA,2016-06-27
NVIDIA Says CAO David Shannon To Retire At End Of 2016,2016-06-21 16:21:00-04:00,NVDA,2016-06-22
Option Alert: NVDA Jul16 39.0 Puts Sweep: 1176 @  ASK  $0.11: 2405 traded vs 705 OI:  Earnings 8/4  $47.30 Ref,2016-06-21 14:32:00-04:00,NVDA,2016-06-21
"Machine Learning Conference Update: Amazon And NVIDIA Winning, IBM And Alphabet Losing",2016-06-21 13:13:00-04:00,NVDA,2016-06-21
Watch These 5 Huge Put Purchases In Monday Trade,2016-06-20 01:57:00-04:00,NVDA,2016-06-20
Option Alert: NVDA Fri 6/24 47.0 Puts (Wkly) Sweep: 689 @  ASK  $1.12: 3758 traded vs 136 OI:  Earnings 8/4  $46.69 Ref,2016-06-17 11:02:00-04:00,NVDA,2016-06-17
Option Alert: NVDA Fri 6/24 47.0 Puts (Wkly) Sweep: 749 @  ASK  $0.95: 2346 traded vs 136 OI:  Earnings 8/4  $46.92 Ref,2016-06-17 10:34:00-04:00,NVDA,2016-06-17
Should NVIDIA Be Trading At A Premium To Its Peers?,2016-06-16 11:56:00-04:00,NVDA,2016-06-16
Trip Chowdhry Shares Insights Into Apple's Machine Learning & Deep Learning Initiatives,2016-06-15 15:59:00-04:00,NVDA,2016-06-15
Nomura Comes Out Of Meeting With Nvidia CEO Convinced Stock Is Now A Buy,2016-06-14 14:31:00-04:00,NVDA,2016-06-14
Benzinga's Top Upgrades,2016-06-13 09:07:00-04:00,NVDA,2016-06-13
Nomura Upgrades NVIDIA to Buy,2016-06-13 09:04:00-04:00,NVDA,2016-06-13
"Argus Removes 3 Names To Focus List: Kroger, NVidia, United Parcel Services, Valero",2016-06-13 07:14:00-04:00,NVDA,2016-06-13
"You Can Hold NVIDIA Stock Now, Vetr Crowd Says",2016-06-03 14:36:00-04:00,NVDA,2016-06-03
Stocks Hitting 52-Week Highs,2016-06-02 10:19:00-04:00,NVDA,2016-06-02
Benzinga's Top Initiations,2016-06-02 09:59:00-04:00,NVDA,2016-06-02
"The Market In 5 Minutes: Draghi, iPhones And Warriors",2016-06-02 08:58:00-04:00,NVDA,2016-06-02
Nvidia Is A Buy With These Expanding Markets,2016-06-02 08:35:00-04:00,NVDA,2016-06-02
"Goldman Sachs Initiates Coverage on NVIDIA at Buy, Announces $54.00 PT",2016-06-02 04:31:00-04:00,NVDA,2016-06-02
Option Alert: NVDA Jun16 45.5 Puts Sweep: 1174 @  ASK  $1.24: 4447 traded vs 237 OI: $45.62 Ref,2016-05-26 15:59:00-04:00,NVDA,2016-05-26
Stocks Hitting 52-Week Highs,2016-05-20 10:12:00-04:00,NVDA,2016-05-20
"Invest Diva's Kiana Danial Likes Advanced Micro, Sees ~$9/Share On Lucrative VR Market Potential",2016-05-19 14:34:00-04:00,NVDA,2016-05-19
Option Alert: NVDA Jun16 42.0 Calls Sweep: 682 @  ASK  $2.36: 704 traded vs 12k OI: $43.50 Ref,2016-05-19 09:56:00-04:00,NVDA,2016-05-19
Option Alert: NVDA Fri 6/3 40.0 Calls (Wkly) Sweep: 500 @  ASK  $2.90: 502 traded vs 538 OI: $42.60 Ref,2016-05-16 14:13:00-04:00,NVDA,2016-05-16
Option Alert: NVDA Jun16 33.0 Puts Sweep: 2295 @  ASK  $0.11: 2397 traded vs 3462 OI: $41.65 Ref,2016-05-16 10:22:00-04:00,NVDA,2016-05-16
Stocks Hitting 52-Week Highs,2016-05-16 10:04:00-04:00,NVDA,2016-05-16
"Jefferies' Secular Trends Thesis In NVIDIA Just Starting, Remains A Top Pick",2016-05-13 14:50:00-04:00,NVDA,2016-05-13
Mid-Afternoon Market Update: Dow Tumbles 1%; Nordstrom Shares Down Following Earnings Miss,2016-05-13 14:33:00-04:00,NVDA,2016-05-13
"Tesla Demand Drove NVIDIA's Q1 Beat, Q2 Outlook",2016-05-13 14:17:00-04:00,NVDA,2016-05-13
NVIDIA Makes New All-Time High,2016-05-13 13:58:00-04:00,NVDA,2016-05-13
10 Biggest Mid-Day Market Gainers,2016-05-13 12:37:00-04:00,NVDA,2016-05-13
Mid-Day Market Update: NVIDIA Gains On Earnings Beat; ConforMIS Shares Drop,2016-05-13 12:09:00-04:00,NVDA,2016-05-13
"Top Performing Industries For May 13, 2016",2016-05-13 10:55:00-04:00,NVDA,2016-05-13
Benzinga's Volume Movers,2016-05-13 10:32:00-04:00,NVDA,2016-05-13
Mid-Morning Market Update: Markets Mixed; J C Penney Sales Miss Estimates,2016-05-13 10:08:00-04:00,NVDA,2016-05-13
Stocks Hitting 52-Week Highs,2016-05-13 10:03:00-04:00,NVDA,2016-05-13
NVIDIA Remains MKM's Top Pick,2016-05-13 09:56:00-04:00,NVDA,2016-05-13
The Market In 5 Minutes: Friday The 13th,2016-05-13 09:42:00-04:00,NVDA,2016-05-13
NVIDIA Just Hit It Out Of The Park...Again,2016-05-13 09:39:00-04:00,NVDA,2016-05-13
Brean Adjusts NVIDIA's Fair Value Range To $35-$40,2016-05-13 09:12:00-04:00,NVDA,2016-05-13
Benzinga's Top Upgrades,2016-05-13 09:07:00-04:00,NVDA,2016-05-13
10 Stocks Moving In Friday's Pre-Market Session,2016-05-13 08:32:00-04:00,NVDA,2016-05-13
"Roth Upgrades NVIDIA To Buy, Encouraged By 'Deep Learning' Growth",2016-05-13 08:10:00-04:00,NVDA,2016-05-13
Topeka Capital Upgrades NVIDIA to Buy,2016-05-13 07:24:00-04:00,NVDA,2016-05-13
"Roth Capital Upgrades NVIDIA to Buy, Raises PT to $40.00",2016-05-13 07:06:00-04:00,NVDA,2016-05-13
7 Must Watch Stocks for Today,2016-05-13 04:17:00-04:00,NVDA,2016-05-13
NVIDIA Q1'16 Earnings Conference Call: Full Transcript,2016-05-12 20:36:00-04:00,NVDA,2016-05-13
NVIDIA Sees Q2 Sales $1.35B +/- 2%,2016-05-12 16:21:00-04:00,NVDA,2016-05-13
"NVIDIA Reports Q1 EPS $0.46 vs. Est. $0.32, Rev. $1.3B vs. Est. $1.26B",2016-05-12 16:20:00-04:00,NVDA,2016-05-13
Option Alert: NVDA May16 32.5 Puts Sweep: 523 @  ASK  $0.54: 841 traded vs 205 OI:  Earnings today After Close  $35.56 Ref,2016-05-12 15:48:00-04:00,NVDA,2016-05-12
"Earnings Scheduled For May 12, 2016",2016-05-12 05:36:00-04:00,NVDA,2016-05-12
"10 Stocks To Watch For May 12, 2016",2016-05-12 04:28:00-04:00,NVDA,2016-05-12
These 3 Stocks Are Tied To Apple's Performance,2016-05-03 15:53:00-04:00,NVDA,2016-05-03
"NVIDIA, Samsung Agree to Settle All Outstanding IP Litigation, Terms Not Disclosed",2016-05-02 09:01:00-04:00,NVDA,2016-05-02
"3 Put Spread Strategies For The Next Week: McDonald's, Johnson & Johnson And Nvidia",2016-04-27 17:04:00-04:00,NVDA,2016-04-28
"Global Equities Trip Chowdhry Highlights Facebook & NVIDIA As Winners Of Facebook F8 Conference, Losers Are Old World Tech",2016-04-13 11:02:00-04:00,NVDA,2016-04-13
New Research Shows Apple Working Heavily On Machine Learning Before WWDC 2016,2016-04-08 12:33:00-04:00,NVDA,2016-04-08
10 Stocks Moving In Wednesday's Pre-Market Session,2016-04-06 08:19:00-04:00,NVDA,2016-04-06
Stifel Nicolaus Downgrades NVIDIA to Neutral,2016-04-06 07:14:00-04:00,NVDA,2016-04-06
Nvidia Suit Says was Forced to Shut Icera Unit Due Qualcomm's 'Unlawful Abuse of Dominance' -Bloomberg,2016-04-06 06:54:00-04:00,NVDA,2016-04-06
Stocks Hitting 52-Week Highs,2016-04-04 10:02:00-04:00,NVDA,2016-04-04
"This Quant's Favorite Stock Picks Are Nvidia, Marvell, Amazon And Two Others",2016-04-04 09:26:00-04:00,NVDA,2016-04-04
"Jefferies Maintains Buy on NVIDIA, Raises PT to $42.00",2016-04-04 07:06:00-04:00,NVDA,2016-04-04
This Derivatives Strategist Is Long NVIDIA Ahead Of Key Data Releases,2016-03-29 13:00:00-04:00,NVDA,2016-03-29
"MK M Partners Long NVDA Going Into Analyst Day, Semiconductor Analyst Maintains Buy ANd $135 PT, Says Core Gaming Business Is Strong",2016-03-29 09:01:00-04:00,NVDA,2016-03-29
Jim Strugger's NVIDIA Trade,2016-03-29 06:42:00-04:00,NVDA,2016-03-29
"AMD, Nvidia Working to Meet Demand for VR Devices -DigiTimes",2016-03-24 04:49:00-04:00,NVDA,2016-03-24
"The Stocks That Moved The S&P, Dow And Nasdaq Today",2016-03-23 16:40:00-04:00,NVDA,2016-03-24
UPDATE: Chowdhry Says 'For every 1 INTC Chip 7 NVDA Chips are deployed in Machine Learning Fabric',2016-03-23 10:18:00-04:00,NVDA,2016-03-23
Global Equities Trip Chowdhry Says Nvidia Business Extremely Strong,2016-03-23 10:14:00-04:00,NVDA,2016-03-23
NVIDIA Corp. Enters Acclerated Buyback With Barclays Of $500M,2016-03-23 08:30:00-04:00,NVDA,2016-03-23
15 Bullish Technical Charts MKM Analysts Are Watching,2016-03-21 11:52:00-04:00,NVDA,2016-03-21
"BoA Likes Avago, Intel And Others Semiconductor Giants After Meeting Asian Investors",2016-03-21 09:48:00-04:00,NVDA,2016-03-21
Benzinga's Top Initiations,2016-03-18 09:12:00-04:00,NVDA,2016-03-18
"Argus Research Initiates Coverage on NVIDIA at Buy, Announces $39.00 PT",2016-03-18 07:19:00-04:00,NVDA,2016-03-18
Option Alert: NVDA Apr16 32.0 Calls Sweep: 1274 @  ASK  $1.46: 2373 traded vs 1404 OI:  Earnings 5/5  $32.24 Ref,2016-03-14 14:41:00-04:00,NVDA,2016-03-14
Option Alert: NVDA Apr16 33.0 Calls Sweep: 576 @  ASK  $0.89: 3843 traded vs 502 OI:  Earnings 5/5  $32.19 Ref,2016-03-14 14:38:00-04:00,NVDA,2016-03-14
>  Option Alert: NVDA Apr16 26.0 Puts Sweep: 1170 @  ASK  $0.17: 3868 traded vs 729 OI: $31.89 Ref,2016-03-08 11:47:00-05:00,NVDA,2016-03-08
Option Alert: NVDA Mar16 26.0 Puts Sweep: 1178 @  ASK  $0.04: 1178 traded vs 2363 OI: $31.75 Ref,2016-03-08 10:38:00-05:00,NVDA,2016-03-08
These Insiders Were Making Moves Last Week,2016-02-29 12:17:00-05:00,NVDA,2016-02-29
"AMD Share in GPU, PC Markets Could Hit Record Lows in Q1 -DigiTimes",2016-02-24 04:14:00-05:00,NVDA,2016-02-24
Roth Capital Weighs in on Glu Mobile Inc. (GLUU) and NVIDIA Corporation (NVDA) Following a Game Release and Earnings,2016-02-19 09:57:00-05:00,NVDA,2016-02-19
NVIDIA Soars After Q4 Report,2016-02-18 13:19:00-05:00,NVDA,2016-02-18
"Top Performing Industries For February 18, 2016",2016-02-18 10:33:00-05:00,NVDA,2016-02-18
Benzinga's Volume Movers,2016-02-18 10:19:00-05:00,NVDA,2016-02-18
10 Stocks Moving In Thursday's Pre-Market Session,2016-02-18 08:27:00-05:00,NVDA,2016-02-18
"Brean Liked NVIDIA's Q4, But Remains On Sidelines",2016-02-18 07:54:00-05:00,NVDA,2016-02-18
"Macquarie Maintains Outperform On NVIDIA, Sees Graphics Processing As 'killer app' For Majority Of VR/AR Workloads",2016-02-18 07:39:00-05:00,NVDA,2016-02-18
"Brean Remains On NVIDIA Sidelines, Says Shares Trade Near Peak Earnings Multiple From Past 2 Years",2016-02-18 06:05:00-05:00,NVDA,2016-02-18
10 Stocks You Should Be Watching Today,2016-02-18 04:46:00-05:00,NVDA,2016-02-18
"After-Hours Movers Led By NVIDIA, NetApp And Marriott",2016-02-17 17:03:00-05:00,NVDA,2016-02-18
"NVIDIA Sees Q4 Sales $1.26B +/- 2, CapEx $35M-$45M",2016-02-17 16:21:00-05:00,NVDA,2016-02-18
"NVIDIA Reports Q4 Non-GAAP $0.52, GAAP EPS $0.35 Vs Est $0.32, Sales $1.4B Vs Est $1.31B",2016-02-17 16:21:00-05:00,NVDA,2016-02-18
Option Alert: NVDA Feb16 24.0 Puts Sweep: 516 @  ASK  $0.22: 1612 traded vs 1977 OI:  Earnings today After Close  $27.53 Ref,2016-02-17 15:39:00-05:00,NVDA,2016-02-17
Can NVIDIA Continue Its String Of Strong Earnings? Here's What To Expect,2016-02-17 12:49:00-05:00,NVDA,2016-02-17
Option Alert: NVDA Feb16 28.5 Puts Sweep: 1046 @  ASK  $1.70: 1054 traded vs 271 OI:  Earnings today After Close  $27.76 Ref,2016-02-17 12:46:00-05:00,NVDA,2016-02-17
"10 Stocks To Watch For February 17, 2016",2016-02-17 04:28:00-05:00,NVDA,2016-02-17
"Earnings Scheduled For February 17, 2016",2016-02-17 04:08:00-05:00,NVDA,2016-02-17
Option Alert: NVDA Jun16 21.0 Puts: 10000 @  ASK  $1.20: 10k traded vs 126 OI:  Earnings 2/17 After Close  $25.52 Ref,2016-02-12 11:25:00-05:00,NVDA,2016-02-12
David Bartosiak's NVIDIA Corporation Trade,2016-02-05 06:42:00-05:00,NVDA,2016-02-05
NVIDIA's Deal With Alibaba Highlights Cloud Opportunity,2016-01-22 10:34:00-05:00,NVDA,2016-01-22
Nvidia Details New Partnership With Alibaba's Alicloud,2016-01-21 15:04:00-05:00,NVDA,2016-01-21
EARLIER: Jefferies' Mark Lipacis on NVIDIA's Partnership with Alibaba: 'Big Data Partnership Highlights Cloud Opportunity'; Reiterate Buy,2016-01-21 13:30:00-05:00,NVDA,2016-01-21
NVIDIA Announces Cloud Partnership with Alibaba's Alicloud,2016-01-21 09:05:00-05:00,NVDA,2016-01-21
"JMP Sees NVIDIA Slide From $33.44 2 Weeks Ago To Current Share Price Of $27.35 Ahead Of VR, AI, And Autonomous Driving",2016-01-20 07:14:00-05:00,NVDA,2016-01-20
Option Alert: NVDA Feb16 27.0 Puts Sweep: 612 @  ASK  $1.46: 1131 traded vs 194 OI:  Earnings 2/10  $27.35 Ref,2016-01-19 15:19:00-05:00,NVDA,2016-01-19
Intel Starts Off Earnings Season For Chip-Maker Group With A Thud,2016-01-15 07:38:00-05:00,NVDA,2016-01-15
11 Different Ways To Play The Bear Market (From 11 Traders),2016-01-14 14:38:00-05:00,NVDA,2016-01-14
"Barclays Downgrades Nvidia, Likes Skyworks, Cirrus And Others",2016-01-14 10:35:00-05:00,NVDA,2016-01-14
Benzinga's Top Downgrades,2016-01-14 09:03:00-05:00,NVDA,2016-01-14
"Barclays Downgrades NVIDIA to Underweight, Raises PT to $25.00",2016-01-14 05:23:00-05:00,NVDA,2016-01-14
Option Alert: NVDA Feb16 32.0 Calls Sweep: 2499 @  ASK  $1.05: 2500 traded vs 2233 OI:  Earnings 2/10  $30.40 Ref,2016-01-13 09:32:00-05:00,NVDA,2016-01-13
"Deutsche Bank Is Buying Mobileye On VW And GM Support, Expects Stock To Double",2016-01-06 09:32:00-05:00,NVDA,2016-01-06
Fast Money Picks For January 6,2016-01-06 06:26:00-05:00,NVDA,2016-01-06
"Fast Money Halftime Report Traders Share Their Thoughts On NVIDIA, Microsoft, Walt Disney, GoPro And Fitbit",2016-01-05 16:44:00-05:00,NVDA,2016-01-06
The Best Stock Ideas Of 2015,2016-01-05 08:38:00-05:00,NVDA,2016-01-05
Stocks Hitting 52-Week Highs,2015-12-30 10:20:00-05:00,NVDA,2015-12-30
Option Alert: NVDA Jan16 33.5 Calls Sweep: 2519 @  ASK  $1.23: 5952 traded vs 217 OI:  Earnings 2/10  $33.71 Ref,2015-12-29 15:36:00-05:00,NVDA,2015-12-29
Option Alert: NVDA Fri 1/8 33.0 Calls (Wkly) Sweep: 700 @  ASK  $0.80: 1205 traded vs 3130 OI:  Earnings 2/10  $32.94 Ref,2015-12-28 14:25:00-05:00,NVDA,2015-12-28
UPDATE: B. Riley on Semi Industry Into '16: 'Analysis Suggests Another Intense Year Of M&A In CY16',2015-12-28 10:10:00-05:00,NVDA,2015-12-28
UPDATE: B. Riley on Semi Industry Into '16: 'Bottoms-up tally (57 co's) suggests a double-digit CY16 FCF rebound',2015-12-28 10:09:00-05:00,NVDA,2015-12-28
"B. Riley on Semi Industry Into '16: 'Ample fuel to build on CY15's record M&A (31+ deals), dividend pay-outs ($16.0B+), and buy-backs ($31.0B+)'",2015-12-28 10:07:00-05:00,NVDA,2015-12-28
"Shares Of Nvidia Slightly Higher Following Report Of Shortages, Higher Pricing",2015-12-24 08:18:00-05:00,NVDA,2015-12-24
"High-end Nvidia Graphics Card Pricing Up 15% Due to Shortages, Strong Demand -DigiTimes",2015-12-24 04:40:00-05:00,NVDA,2015-12-24
"UPDATE: Argus Names Three Top Ideas for 'The Connected Car' Thesis: Sirius XM, Panasonic, SunnyOptical; Highlights Supply Chain Implications at NVIDIA, Qualcomm, Murata",2015-12-22 09:24:00-05:00,NVDA,2015-12-22
UPDATE: Argus Sees 75+% of Autos Being LTE-Enabled by '20,2015-12-22 09:21:00-05:00,NVDA,2015-12-22
"Argus Sees the Global Connected Car Market Reaching ~$150B, Telematics as $50B Market Opportunity by 2020",2015-12-22 09:15:00-05:00,NVDA,2015-12-22
The Top 20 Wall Street Analysts Of 2015,2015-12-17 10:44:00-05:00,NVDA,2015-12-17
"MKM Partners Top Picks For 2016: ACE, CTXS, EA, FIVE, GOOGL, INFN, LB, MYCC, NVDA, TOL, VIAV",2015-12-16 07:49:00-05:00,NVDA,2015-12-16
FAA: Unregistered Drones Could Soon Mean Jail Time,2015-12-14 11:41:00-05:00,NVDA,2015-12-14
Option Alert: NVDA Jan16 36.0 Calls Sweep: 959 @  ASK  $0.48: 972 traded vs 2975 OI: $33.37 Ref,2015-12-09 10:11:00-05:00,NVDA,2015-12-09
Option Alert: $NVDA Jan $32 Call Sweep; 1385 Contracts @Ask @$1.11,2015-11-30 09:54:00-05:00,NVDA,2015-11-30
Why Canaccord Is Buying Nvidia's Long-Term Picture,2015-11-16 09:22:00-05:00,NVDA,2015-11-16
Benzinga's Top Upgrades,2015-11-16 08:54:00-05:00,NVDA,2015-11-16
"Canaccord Genuity Upgrades NVIDIA to Buy, Raises to $35.00",2015-11-16 06:44:00-05:00,NVDA,2015-11-16
Option Alert: $NVDA Nov 27 $13 Call Sweep; 1256 Contracts @Ask @$0.29; Ref $29.85,2015-11-13 10:49:00-05:00,NVDA,2015-11-13
These 11 Companies Are Betting On The Drone Revolution,2015-11-07 17:01:00-05:00,NVDA,2015-11-09
Wall Street Weighs In On Pricy NVIDIA After Stellar Earnings,2015-11-06 15:50:00-05:00,NVDA,2015-11-06
Nvidia Sharply Higher After Q3 Beat,2015-11-06 12:59:00-05:00,NVDA,2015-11-06
"Top Performing Industries For November 6, 2015",2015-11-06 10:31:00-05:00,NVDA,2015-11-06
Stocks Hitting 52-Week Highs,2015-11-06 10:13:00-05:00,NVDA,2015-11-06
Morning Market Gainers,2015-11-06 09:43:00-05:00,NVDA,2015-11-06
MKM: It's Time To Buy Nvidia,2015-11-06 09:14:00-05:00,NVDA,2015-11-06
Benzinga's Top Upgrades,2015-11-06 09:00:00-05:00,NVDA,2015-11-06
"UPDATE: MKM Upgrades NVIDIA, Calls 'Expensive,' But 'Worth It'; Sees Opportunities as 'Never Greater'",2015-11-06 08:22:00-05:00,NVDA,2015-11-06
Benzinga's Top #PreMarket Gainers,2015-11-06 08:09:00-05:00,NVDA,2015-11-06
MKM Partners Upgrades NVIDIA to Buy,2015-11-06 07:23:00-05:00,NVDA,2015-11-06
"7 Stocks To Watch For November 6, 2015",2015-11-06 04:23:00-05:00,NVDA,2015-11-06
4 Stocks Moving In Thursday's After-Hours Session,2015-11-05 17:22:00-05:00,NVDA,2015-11-06
UPDATE: NVIDIA Q4 Analyst Consensus Estimate for Sales $1.21B,2015-11-05 16:23:00-05:00,NVDA,2015-11-06
NVIDIA Raises Qtr. Dividend from $0.0975 to $0.115/Share,2015-11-05 16:22:00-05:00,NVDA,2015-11-06
NVIDIA Sees Q4 Rev. $1.27B-$1.326B vs $1.21B Est.,2015-11-05 16:22:00-05:00,NVDA,2015-11-06
"NVIDIA Reports Q3 EPS $0.46 vs. Est. $0.25, Rev. $1.305B vs. Est. $1.18B",2015-11-05 16:20:00-05:00,NVDA,2015-11-06
Option Alert: $NVDA Dec $28 Call Sweep; 1774 Contracts @Ask @$1.51,2015-11-05 13:07:00-05:00,NVDA,2015-11-05
NVIDIA Shares Falling,2015-11-05 12:34:00-05:00,NVDA,2015-11-05
"Strategist Discusses Options And Volatility In Disney, NVIDIA And Weight Watchers Ahead Of Earnings",2015-11-05 11:29:00-05:00,NVDA,2015-11-05
"Must Watch Stocks for November 5, 2015",2015-11-05 04:40:00-05:00,NVDA,2015-11-05
"Earnings Scheduled For November 5, 2015",2015-11-05 04:29:00-05:00,NVDA,2015-11-05
NVIDIA Shares Falling,2015-11-04 10:11:00-05:00,NVDA,2015-11-04
"Nvidia Thesis 'Played Out,' Needham Cautions",2015-11-03 11:13:00-05:00,NVDA,2015-11-03
Benzinga's Top Downgrades,2015-11-03 09:30:00-05:00,NVDA,2015-11-03
Needham Downgrades NVIDIA to Hold,2015-11-03 07:39:00-05:00,NVDA,2015-11-03
Benzinga's Top Upgrades,2015-10-30 09:10:00-04:00,NVDA,2015-10-30
US Stock Futures Edge Higher Ahead Economic Data,2015-10-30 07:56:00-04:00,NVDA,2015-10-30
"Morgan Stanley Upgrades NVIDIA to Equal-weight, Raises PT to $28.00",2015-10-30 05:37:00-04:00,NVDA,2015-10-30
Short Sellers Like These Three Top Semiconductor Stocks,2015-10-28 15:26:00-04:00,NVDA,2015-10-28
The Street's Take On Advanced Micro Devices' Earnings Report,2015-10-16 14:23:00-04:00,NVDA,2015-10-16
Hearing Unconfirmed Market Chatter of Intel Bid for Nvidia,2015-10-16 10:25:00-04:00,NVDA,2015-10-16
"Watch Other Semiconductor Stocks After Bloomberg Report, NVIDIA Shares Spiking To $27.52/Share",2015-10-14 15:35:00-04:00,NVDA,2015-10-14
Stocks Hitting 52-Week Highs,2015-10-14 10:09:00-04:00,NVDA,2015-10-14
"UPDATE: Roth Capital Transfers Coverage on NVIDIA, Sets Neutral Rating, $26 Price Target",2015-10-12 09:09:00-04:00,NVDA,2015-10-12
"Roth Capital Initiates Coverage on NVIDIA at Neutral, Announces $26.00 PT",2015-10-12 09:07:00-04:00,NVDA,2015-10-12
Nvidia Shares Rebounding Off LOD Following Announcement Co. Lost First Round Of Patent Dispute With Samsung And Qualcomm,2015-10-09 13:27:00-04:00,NVDA,2015-10-09
Stocks Hitting 52-Week Highs,2015-10-05 10:19:00-04:00,NVDA,2015-10-05
Hear That? It's Tech Earnings Season Sneaking In,2015-10-01 14:02:00-04:00,NVDA,2015-10-01
Stocks Hitting 52-Week Highs,2015-09-30 10:15:00-04:00,NVDA,2015-09-30
5 Semiconductor Stocks To Love (And 6 To Worry About),2015-09-28 11:08:00-04:00,NVDA,2015-09-28
Stocks Hitting 52-Week Highs,2015-09-25 10:25:00-04:00,NVDA,2015-09-25
Nvidia Might Be The Best Way To Play Virtual Realty That's 'Just Around The Corner',2015-09-23 08:56:00-04:00,NVDA,2015-09-23
"Macquarie's Nag Says NVIDIA Remains the Firm's Top Growth Idea, Notes 'Graphics is a better market than you think, and VR is just around the corner'",2015-09-23 08:11:00-04:00,NVDA,2015-09-23
Jefferies Upgrades NVIDIA On Virtual Reality 'Kicker',2015-09-17 11:41:00-04:00,NVDA,2015-09-17
Benzinga's Top Upgrades,2015-09-17 09:28:00-04:00,NVDA,2015-09-17
US Stock Futures Edge Lower; All Eyes On Fed Decision,2015-09-17 06:48:00-04:00,NVDA,2015-09-17
"Jefferies Upgrades NVIDIA to Buy, Raises PT to $30.00",2015-09-17 05:53:00-04:00,NVDA,2015-09-17
"Semiconductors Struggling, These Names Down 2% Or More; Ambarella To Report After Market Closes, Down 6.24% On The Day",2015-09-01 14:46:00-04:00,NVDA,2015-09-01
3 Semiconductor Stocks With Big Swings In Short Interest,2015-08-27 08:10:00-04:00,NVDA,2015-08-27
"Watch Large Cap Semiconductor Stocks, These Names Up Around 4% And Higher As Of Mid Afternoon Trading",2015-08-26 14:27:00-04:00,NVDA,2015-08-26
"Taiwan Semiconductor Gains Customers for 16nm FinFET Chips, Including Apple, AMD, Avago, Broadcom, Nvidia, Xilinx, Loses Qualcomm Mobile Chips -DigiTimes",2015-08-24 05:19:00-04:00,NVDA,2015-08-24
"Not So Fast, Chip Investors: Sector Could Be 'Hit Hard,' Says Analyst",2015-08-21 15:14:00-04:00,NVDA,2015-08-21
Tigress Financial's Feinseth Reiterates Buy Rating on NVIDIA in Intraday Research Note; He's Convicted Co.'s 'premier position in the graphics chip space will continue to unlock shareholder value',2015-08-13 13:15:00-04:00,NVDA,2015-08-13
20 Stocks With The Highest Exposure To China's Lagging Economy,2015-08-11 11:09:00-04:00,NVDA,2015-08-11
Unusual Option Opportunity In Nvidia,2015-08-11 08:31:00-04:00,NVDA,2015-08-11
Fast Money Picks For August 10,2015-08-09 17:10:00-04:00,NVDA,2015-08-10
Benzinga's Volume Movers,2015-08-07 10:30:00-04:00,NVDA,2015-08-07
Morning Market Gainers,2015-08-07 09:46:00-04:00,NVDA,2015-08-07
Benzinga's Top Upgrades,2015-08-07 09:06:00-04:00,NVDA,2015-08-07
Benzinga's Top #PreMarket Gainers,2015-08-07 08:22:00-04:00,NVDA,2015-08-07
"Roth Capital Upgrades NVIDIA to Buy, Raises PT to $25.00",2015-08-07 08:19:00-04:00,NVDA,2015-08-07
"Brean's Burton Commends NVIDIA on 'Executing in a Tough Environment,' But Sees Valuation as Full; Maintains Hold Rating Following Q2 Results",2015-08-07 07:18:00-04:00,NVDA,2015-08-07
"Morgan Stanley Maintains Underweight on NVIDIA, Raises PT to $21.00",2015-08-07 07:17:00-04:00,NVDA,2015-08-07
"Morgan Stanley 'less negative' On NVIDIA, Says Valuation Is High And Gaming Growth Overstates Longer Terms Growth Possibilities",2015-08-07 07:16:00-04:00,NVDA,2015-08-07
"Wedbush's Van Hees on NVIDIA: 'Underestimation of Demand from PC Gamers Drove Big Upside to Top Line FQ2 Print & FQ3 Guide,' Reiterate Outperform, $24 Price Target",2015-08-07 06:29:00-04:00,NVDA,2015-08-07
"Brean Sees Yellow Flags At Nvidia, Cites Expected FCF Contraction Following Final Intel Royalty Pmt In Q1 2018, Notes Nvidia Litigation Efforts Against Samsung & Qualcomm To Secure Additional IP Revenue Streams",2015-08-07 06:15:00-04:00,NVDA,2015-08-07
7 Stocks You Should Be Watching Today,2015-08-07 04:18:00-04:00,NVDA,2015-08-07
"NVIDIA Beats Q2 Views, Shares Jump",2015-08-06 17:23:00-04:00,NVDA,2015-08-07
"Thursday's After-Hours Movers Led By Zynga, Nvidia, Nuance And Monster Beverage",2015-08-06 17:20:00-04:00,NVDA,2015-08-07
NVIDIA Sees Q3 Sales $1.18B +/- 2%,2015-08-06 16:21:00-04:00,NVDA,2015-08-07
"NVIDIA Reports Q2 Adj. EPS $0.34, GAAP EPS $0.05, Sales $1.153B vs $1.01B Est.",2015-08-06 16:21:00-04:00,NVDA,2015-08-07
10 Must Watch Stocks for Today,2015-08-06 05:02:00-04:00,NVDA,2015-08-06
"Earnings Scheduled For August 6, 2015",2015-08-06 04:15:00-04:00,NVDA,2015-08-06
Benzinga's Top Upgrades,2015-08-03 09:18:00-04:00,NVDA,2015-08-03
"PC Market Be Damned, NVIDIA Stock Is A Buy",2015-08-03 09:08:00-04:00,NVDA,2015-08-03
"Trip Chowdhry Discusses Tesla's Auto-Pilot & Software Updates, Thinks NVIDIA & Mobileye Will Benefit",2015-08-03 09:02:00-04:00,NVDA,2015-08-03
Macquarie Upgrades NVIDIA to Outperform,2015-08-03 07:31:00-04:00,NVDA,2015-08-03
"Global Equities' Trip Chowdhry Sees Tesla Rolling Out Advanced Auto-Pilot, Driver Assistance Software Update Before Aug. 22; Highlights NVIDIA, Mobileye as Cos. Benefiting",2015-08-03 07:07:00-04:00,NVDA,2015-08-03
Cramer Versus Citron: The Ambarella Debate Rages On,2015-07-29 17:54:00-04:00,NVDA,2015-07-30
TitleTec Partners with NIADA to Help Dealerships Tackle Out-Of-State Titling,2015-07-20 08:02:00-04:00,NVDA,2015-07-20
Needham Slashes Semiconductor Estimates On 'Muted' Second Half Recovery,2015-07-17 14:28:00-04:00,NVDA,2015-07-17
"Oppenheimer Likes Avago, Skyworks Solutions; Upgrades Marvell And Downgrades Broadcom",2015-07-07 10:22:00-04:00,NVDA,2015-07-07
"IBM, NVIDIA and Mellanox Launch Design Center for Big Data and High Performance Computing",2015-07-02 09:00:00-04:00,NVDA,2015-07-02
MediaTek Declines Comment on Rumor of Merger With Nvidia -DigiTimes,2015-07-02 04:50:00-04:00,NVDA,2015-07-02
Morgan Stanley On 'What's Moving Semi Stocks',2015-06-29 11:27:00-04:00,NVDA,2015-06-29
"Weekly Tech Highlights: Sony Beat Apple To The Punch, Twitter M&A Rumors And More",2015-06-20 11:39:00-04:00,NVDA,2015-06-20
Tigress Financial Upgrades NVIDIA to Buy,2015-06-17 09:06:00-04:00,NVDA,2015-06-17
Why Advanced Micro Devices And NVIDIA Are Worth Watching,2015-06-15 13:54:00-04:00,NVDA,2015-06-15
Wedbush Met With Nvidia's CFO; Here's What Happened,2015-06-12 10:02:00-04:00,NVDA,2015-06-12
"Wedbush On Nvidia: Impact Of Drop In General Purpose PC Has Minimal Impact, NVDA Focused On 'differentiated markets like gaming to drive growth'",2015-06-12 07:22:00-04:00,NVDA,2015-06-12
NVDA Sells Proprietary Cross-Platform Portability Tech To TransGaming For $3.75M,2015-06-11 08:32:00-04:00,NVDA,2015-06-11
Benzinga's Top Downgrades,2015-06-10 09:01:00-04:00,NVDA,2015-06-10
Nomura Downgrades NVIDIA To  Neutral,2015-06-10 08:46:00-04:00,NVDA,2015-06-10
Nomura Downgrades NVIDIA to Neutral,2015-06-10 08:05:00-04:00,NVDA,2015-06-10
"FBR Downgrades Xilinx, Altera In Massive M&A Note",2015-06-04 12:14:00-04:00,NVDA,2015-06-04
Goldman Sachs Met With Semiconductor Giants; Here's What Happened,2015-05-28 12:40:00-04:00,NVDA,2015-05-28
Option Alert: Nvidia Jul $22 Call; 1111 Contract Trade at Ask @$0.40,2015-05-27 10:10:00-04:00,NVDA,2015-05-27
Nvidia Remains JMP's 'Best Idea'...Here's Why,2015-05-27 08:43:00-04:00,NVDA,2015-05-27
3 Semiconductor Stocks With Soaring Short Interest,2015-05-14 15:39:00-04:00,NVDA,2015-05-14
Nvidia Falls Short...And Wall Street Reacts,2015-05-11 11:34:00-04:00,NVDA,2015-05-11
Analysts: NVIDIA Still Tied To PC Demand,2015-05-08 15:17:00-04:00,NVDA,2015-05-08
Morning Market Losers,2015-05-08 10:02:00-04:00,NVDA,2015-05-08
"NVIDIA'S Shareholder Returns Increased $800M, Wedbush Lowers PT",2015-05-08 08:50:00-04:00,NVDA,2015-05-08
"NVIDIA's July Revenue Guided 15% Lower, Adds To Morgan Stanley's Valuation Concerns",2015-05-08 08:47:00-04:00,NVDA,2015-05-08
Benzinga's Top #PreMarket Losers,2015-05-08 08:23:00-04:00,NVDA,2015-05-08
"Roth Capital Downgrades NVIDIA to Neutral, Lowers PT to $22.00",2015-05-08 08:13:00-04:00,NVDA,2015-05-08
US Stock Futures Gain; All Eyes On Jobs Report,2015-05-08 07:39:00-04:00,NVDA,2015-05-08
NVIDIA Beats Q1 EPS Expectations,2015-05-08 07:28:00-04:00,NVDA,2015-05-08
NVIDIA Issues Weak Q2 Revenue Forecast,2015-05-08 05:50:00-04:00,NVDA,2015-05-08
7 Stocks You Should Be Watching Today,2015-05-08 05:39:00-04:00,NVDA,2015-05-08
"NVIDIA Says Auto, Gaming, Hi-Pewrformance Computing Remains Health, Sees Very Soft Market For PC OEMS, Gaming Business Growing YoY In Q2",2015-05-07 17:24:00-04:00,NVDA,2015-05-08
NVIDIA Raises Qtr. Dividend from $0.085 to $0.0975/Share,2015-05-07 16:22:00-04:00,NVDA,2015-05-08
NVIDIA Sees Q2 Sales $1.01B +/- 2%,2015-05-07 16:21:00-04:00,NVDA,2015-05-08
"Lukewarm Results Expected At NVIDIA Despite Strong Demand, Continued Gains",2015-05-07 14:27:00-04:00,NVDA,2015-05-07
"Must Watch Stocks for May 7, 2015",2015-05-07 05:16:00-04:00,NVDA,2015-05-07
"Earning & Economic Calendar for Thursday May 7, 2015",2015-05-07 04:50:00-04:00,NVDA,2015-05-07
"Earnings Scheduled For May 7, 2015",2015-05-07 04:41:00-04:00,NVDA,2015-05-07
Morgan Stanley Comments On Nividia Winding Down Icera,2015-05-06 12:49:00-04:00,NVDA,2015-05-06
NVIDIA Announces Will Wind Down Icera Modem Operations,2015-05-05 16:00:00-04:00,NVDA,2015-05-06
Wedbush Offers 4 Semiconductor Stocks To Watch Ahead Of Next Week's Earnings,2015-05-01 12:08:00-04:00,NVDA,2015-05-01
Option Alert: Nvidia Apr 24 $22.5 Call; 2853 Contract Trade at Ask @$0.23,2015-04-17 16:00:00-04:00,NVDA,2015-04-20
"Intel Shares Up 3% Following Qtr. Results, Guidance; AMD, H-P, NVIDIA, Lam Research, KLA-Tencor Shares Also Seeing Volatility",2015-04-14 16:23:00-04:00,NVDA,2015-04-15
"NVIDIA Gets Favorable Ruling In Patent  Dispute With Samsung, Qualcomm",2015-04-06 11:13:00-04:00,NVDA,2015-04-06
Bank Of America's 10 Most Explosive Stock Picks,2015-04-01 12:29:00-04:00,NVDA,2015-04-01
BlackBerry Could Be An M&A Target For These 10 Companies,2015-03-30 07:20:00-04:00,NVDA,2015-03-30
Fast Money Traders Share Their Thoughts On NVIDIA And Micron Technology,2015-03-24 07:00:00-04:00,NVDA,2015-03-24
Why Goldman Is Downgrading Nvidia (And The Stock Is Down 2%),2015-03-23 10:53:00-04:00,NVDA,2015-03-23
"Goldman Sachs Downgrades NVIDIA to Sell, Maintains $20.00 PT",2015-03-23 06:11:00-04:00,NVDA,2015-03-23
Canaccord Genuity Sees Solid Growth Potential For NVIDIA,2015-03-19 10:19:00-04:00,NVDA,2015-03-19
CNBC's Stock Pops & Drops From March 18,2015-03-19 06:55:00-04:00,NVDA,2015-03-19
Why Is Wall Street Talking About Nvidia?,2015-03-18 16:59:00-04:00,NVDA,2015-03-19
Option Alert: Nvidia Apr 2 $22 Call; 2070 Contract Trade at Ask @$1.22,2015-03-17 11:26:00-04:00,NVDA,2015-03-17
Wedbush Securities Maintains Positive View On NVIDIA,2015-03-16 08:44:00-04:00,NVDA,2015-03-16
"Watch Intel Peers Following Reduced Outlook: AMD, NVIDIA, Micron, TI, Seagate, H-P",2015-03-12 09:08:00-04:00,NVDA,2015-03-12
Stocks Hitting 52-Week Highs,2015-03-10 10:08:00-04:00,NVDA,2015-03-10
Bank of America Upgrades NVIDIA to Buy,2015-03-10 06:58:00-04:00,NVDA,2015-03-10
Nvidia invites Tesla CEO Musk to Participate at GPU Technology Conference -DigiTimes,2015-03-05 05:47:00-05:00,NVDA,2015-03-05
Big Short Interest Swings In Semiconductor Stocks,2015-02-27 10:41:00-05:00,NVDA,2015-02-27
"Top Performing Industries For February 12, 2015",2015-02-12 10:38:00-05:00,NVDA,2015-02-12
NVIDIA Posts Strong Quarter Despite Weakness In Tegra,2015-02-12 10:19:00-05:00,NVDA,2015-02-12
Stocks Hitting 52-Week Highs,2015-02-12 10:18:00-05:00,NVDA,2015-02-12
7 Risks Deutsche Bank Sees At NVIDIA,2015-02-12 10:03:00-05:00,NVDA,2015-02-12
Morning Market Gainers,2015-02-12 09:43:00-05:00,NVDA,2015-02-12
"Morning-Movers Led By Orbitz, Tripadvisor & NVIDIA",2015-02-12 09:41:00-05:00,NVDA,2015-02-12
"After-Hours Movers Led By Zulily, Tripadvisor & Whole Foods",2015-02-11 18:46:00-05:00,NVDA,2015-02-12
NVIDIA Sees Q1 Sales $1.16V +/- 2% vs $1.15B Est.,2015-02-11 16:21:00-05:00,NVDA,2015-02-12
UPDATE: NVIDIA Shares Spike ~8% Following Earnings Release,2015-02-11 16:21:00-05:00,NVDA,2015-02-12
"NVIDIA Reports Q4 EPS $0.43 Vs Est $0.29, Sales $1.25B Vs Est $1.20B",2015-02-11 16:20:00-05:00,NVDA,2015-02-12
"Option Alert: NVDA Feb $19.5 Put; 10,000 Contracts On Ask @$0.24",2015-02-11 12:59:00-05:00,NVDA,2015-02-11
"Earnings Scheduled For February 11, 2015",2015-02-11 05:13:00-05:00,NVDA,2015-02-11
"10 Must Watch Stocks for February 11, 2015",2015-02-11 04:29:00-05:00,NVDA,2015-02-11
"Wedbush Previews NVIDIA's Q4 Results, Expects 'Solid' Beat",2015-02-09 11:10:00-05:00,NVDA,2015-02-09
"From Coca-Cola To Tesla, Here Are The 68 Most Important Earnings Expectations For The Week",2015-02-08 10:43:00-05:00,NVDA,2015-02-08
Option Alert: Nvidia Feb $20 Call; 8189 Contract Trade at Ask @$0.46; Now $19.48,2015-01-29 12:15:00-05:00,NVDA,2015-01-29
Morgan Stanley Weighs In On Semiconductor Space,2015-01-23 10:20:00-05:00,NVDA,2015-01-23
"Barclays: Connected Cars Take Center Stage At CES, 3 Themes Emerge",2015-01-09 09:35:00-05:00,NVDA,2015-01-09
Will NVIDIA's Tegra X1 Dethrone The PlayStation 4 And Xbox One?,2015-01-06 09:29:00-05:00,NVDA,2015-01-06
"S&P 500 Stocks With Most Active Options Today: CHRW, MUR, HAR, IP, NVDA",2015-01-05 15:14:00-05:00,NVDA,2015-01-05
"KrebsOnSecurity's Brian Krebs Tweets: 'Heads up gamers: Nvidia discloses password breach. Change 'em, and if you used elsewhere (like email) change that http://ow.ly/GkZOi'",2014-12-23 08:07:00-05:00,NVDA,2014-12-23
Bank Of America Analyst Sees Slower FY15 Growth For Semiconductor Group,2014-12-19 11:53:00-05:00,NVDA,2014-12-19
UPDATE: Bank Of America Upgrades NVIDIA,2014-12-19 10:51:00-05:00,NVDA,2014-12-19
Benzinga's Top Upgrades,2014-12-19 09:28:00-05:00,NVDA,2014-12-19
"#PreMarket Movers From December 19, 2014: NQ Mobile, BlackBerry, CarMax And More",2014-12-19 09:20:00-05:00,NVDA,2014-12-19
Bank of America Upgrades NVIDIA To Neutral,2014-12-19 08:18:00-05:00,NVDA,2014-12-19
"Bank of America Upgrades NVIDIA to Neutral, Raises PT to $22.00",2014-12-19 07:00:00-05:00,NVDA,2014-12-19
Notable Option Activity For December 8,2014-12-08 15:37:00-05:00,NVDA,2014-12-08
"Option Alert: Nvidia Dec $21.5 Call; 1,349 Contract Trade at Ask @$0.26",2014-12-08 09:45:00-05:00,NVDA,2014-12-08
"If Qualcomm Can't Revolutionize Car Tech, Nobody Can",2014-11-21 14:13:00-05:00,NVDA,2014-11-21
"UPDATE: In 10-Q Filing, Nvidia Reiterates Patent Infringement Complaint Filed by Samsung; Says has Not Yet Responded to Complaint",2014-11-19 06:40:00-05:00,NVDA,2014-11-19
"All Quiet On The Market Front: Dow, S&P 500, Nasdaq Virtually Flat",2014-11-12 16:38:00-05:00,NVDA,2014-11-13
UPDATE: Stifel Reiterates On NVIDIA As Strategy Is Playing Out In All Markets,2014-11-07 08:40:00-05:00,NVDA,2014-11-07
NVIDIA Posts Record Revenue,2014-11-07 08:09:00-05:00,NVDA,2014-11-07
"Stifel Nicolaus Maintains Buy on NVIDIA Corporation, Raises PT to $24.50",2014-11-07 07:37:00-05:00,NVDA,2014-11-07
NVIDIA Corporation Reports Q3 EPS of $0.39 vs $0.29 Est; Revenue of $1.23B vs $1.20B Est,2014-11-06 16:20:00-05:00,NVDA,2014-11-07
"Option Alert: Nvidia Nov 14 $19 Call; 2,000 Contract Trade at Ask @$1.54; Currently $20.15",2014-11-06 13:14:00-05:00,NVDA,2014-11-06
"Earning, Economic & IPO Calendar for Thursday November 6, 2014",2014-11-06 06:16:00-05:00,NVDA,2014-11-06
"Earnings Scheduled For November 6, 2014",2014-11-06 05:42:00-05:00,NVDA,2014-11-06
"Must Watch Stocks for November 6, 2014",2014-11-06 05:04:00-05:00,NVDA,2014-11-06
Deutsche Bank Expects In-Line Revenues For NVIDIA,2014-11-04 09:59:00-05:00,NVDA,2014-11-04
"CNBC's Stock Pops & Drops From November 3: GoPro, Gilead Sciences And More",2014-11-03 20:17:00-05:00,NVDA,2014-11-04
Pacific Crest Upgrades NVIDIA Ahead Of Earnings,2014-11-03 15:42:00-05:00,NVDA,2014-11-03
Pacific Crest Upgraded NVIDIA Corporation to Sector Perform,2014-11-03 09:43:00-05:00,NVDA,2014-11-03
US Stock Futures Drop Ahead Of Economic Data,2014-11-03 07:28:00-05:00,NVDA,2014-11-03
Pacific Crest Upgrades NVIDIA Corp To Sector Perform,2014-11-03 06:23:00-05:00,NVDA,2014-11-03
"Benzinga's M&A Chatter for Tuesday October 21, 2014",2014-10-21 20:34:00-04:00,NVDA,2014-10-22
Intel Declines Comment on Chatter of Potential Bid for Nvidia,2014-10-21 14:21:00-04:00,NVDA,2014-10-21
Hearing Unconfirmed Market Chatter of Potential Intel Bid for Nvidia,2014-10-21 10:42:00-04:00,NVDA,2014-10-21
NVIDIA Shares Tick Higher as JMP Adds to 'Best Ideas' List,2014-10-13 08:20:00-04:00,NVDA,2014-10-13
Semiconductors Moving Lower Amid Microchip Lowered Guidance,2014-10-10 12:08:00-04:00,NVDA,2014-10-10
"Option Alert: Nvidia Oct 10 $18.5 Call; 1,000 Contract Trade at Ask @$0.11; Currently $17.83",2014-10-02 11:50:00-04:00,NVDA,2014-10-02
"VMware, NVIDIA, Google Report Collaboration for 'Graphics-Rich Applications Delivered on Enterprise Cloud Desktops'",2014-08-26 12:01:00-04:00,NVDA,2014-08-26
UPDATE: Potentinal EU Investigation Comes Four Years After Nvidia's Icera Unit Filed Complaint Against Qualcomm,2014-08-26 08:33:00-04:00,NVDA,2014-08-26
"Reuters Reports EU Antitrust Regulators Considering Investigation Into Qualcomm, According to Sources",2014-08-26 08:31:00-04:00,NVDA,2014-08-26
CNBC's Stock Pops & Drops From August 8,2014-08-09 09:36:00-04:00,NVDA,2014-08-09
Markets Up As Russia Seeks To End Military Activity Near Ukraine,2014-08-08 16:58:00-04:00,NVDA,2014-08-11
NVIDIA Q2 Earnings Analyst Roundup,2014-08-08 15:43:00-04:00,NVDA,2014-08-08
Sotheby's Slips On Downbeat Earnings; NVIDIA Shares Surge,2014-08-08 12:54:00-04:00,NVDA,2014-08-08
Markets Rise; Zynga Lowers 2014 Forecast,2014-08-08 11:14:00-04:00,NVDA,2014-08-08
UPDATE: Morgan Stanley Reiterates On NVIDIA On Margin Upside From GPUs,2014-08-08 10:41:00-04:00,NVDA,2014-08-08
FBR Capital Markets Is Surprised By Stronger 3Q14 GPU Shipments From NVIDIA,2014-08-08 10:01:00-04:00,NVDA,2014-08-08
Morning Market Movers ,2014-08-08 09:43:00-04:00,NVDA,2014-08-08
Benzinga's Top Upgrades,2014-08-08 08:41:00-04:00,NVDA,2014-08-08
Benzinga's Top #PreMarket Gainers,2014-08-08 08:08:00-04:00,NVDA,2014-08-08
NVIDIA Higher Following Earnings,2014-08-08 07:51:00-04:00,NVDA,2014-08-08
Needham Upgrades NVIDIA To Buy,2014-08-08 07:17:00-04:00,NVDA,2014-08-08
Needham Upgrades NVIDIA Corporation to Buy,2014-08-08 06:57:00-04:00,NVDA,2014-08-08
NVIDIA Corporation Sees Q3 Sales $1.20B +/- 2% vs $1.16B Est,2014-08-07 16:21:00-04:00,NVDA,2014-08-08
NVIDIA Corporation Reports Q2 EPS of $0.30 vs $0.20 Est; Revenue of $1.10B vs $1.10B Est,2014-08-07 16:20:00-04:00,NVDA,2014-08-08
"Earnings Scheduled For August 7, 2014",2014-08-07 05:35:00-04:00,NVDA,2014-08-07
Morgan Stanley: Nvidia's Gaming Growth Unsustainable,2014-08-04 14:21:00-04:00,NVDA,2014-08-04
NVIDIA Renews Data Centre Partnership with NTT Communications,2014-08-04 05:02:00-04:00,NVDA,2014-08-04
Top 4 Large-Cap Stocks In The Semiconductor-Specialized Industry With The Lowest PEG Ratio,2014-07-17 04:24:00-04:00,NVDA,2014-07-17
Morning Market Losers ,2014-06-23 09:44:00-04:00,NVDA,2014-06-23
Benzinga's Top #PreMarket Losers,2014-06-23 08:14:00-04:00,NVDA,2014-06-23
Benzinga's Top Downgrades,2014-06-23 07:44:00-04:00,NVDA,2014-06-23
"#PreMarket Primer: Monday, June 23: BNP Expected To Pay $9 Billion For Sanctions Violations",2014-06-23 07:27:00-04:00,NVDA,2014-06-23
Pacific Crest Downgrades NVIDIA Corporation to Underperform,2014-06-23 06:18:00-04:00,NVDA,2014-06-23
Morning Market Losers ,2014-06-19 09:44:00-04:00,NVDA,2014-06-19
Benzinga's Top #PreMarket Losers,2014-06-19 08:13:00-04:00,NVDA,2014-06-19
UPDATE: Bank Of America Downgrades NVIDIA,2014-06-19 08:02:00-04:00,NVDA,2014-06-19
Benzinga's Top Downgrades,2014-06-19 07:54:00-04:00,NVDA,2014-06-19
"Bank of America Downgrades NVIDIA Corporation to Underperform, Maintains $19.00 PO",2014-06-19 07:09:00-04:00,NVDA,2014-06-19
"Option Alert: Nvidia Jun $21 Call; 10,477 Contracts Traded vs 98 OI;; Currently $19.18",2014-06-09 12:27:00-04:00,NVDA,2014-06-09
Nvidia Shares Moving on Wednesday Report Being Circulated on  64-bit Nvidia Tegra ARM CPU in Google Nexus 8 Tablet,2014-05-28 14:23:00-04:00,NVDA,2014-05-28
"RBC Report: ""Cash is Becoming King, and Semis are Wearing the Crown""",2014-05-19 15:49:00-04:00,NVDA,2014-05-19
UPDATE: RBC Upgrades NVDA,2014-05-19 12:20:00-04:00,NVDA,2014-05-19
"RBC Capital Upgrades NVIDIA Corporation to Outperform, Raises PT to $26.00",2014-05-19 06:42:00-04:00,NVDA,2014-05-19
NVIDIA Corporation Reports Q2 EPS of $0.29 vs $0.20 Est; Revenue of $1.10B vs $1.08B Est,2014-05-08 16:20:00-04:00,NVDA,2014-05-09
4 Compelling Trades Ahead Of Thursday's Earnings,2014-05-07 09:17:00-04:00,NVDA,2014-05-07
NVIDIA Announces Q1 2015 Results Early After 'Inadvertent' Internal Email,2014-05-06 11:34:00-04:00,NVDA,2014-05-06
"UPDATE: Nvidia to Provide Full Q1 Results, Outlook on Thursday as Initially Scheduled",2014-05-06 09:05:00-04:00,NVDA,2014-05-06
NVIDIA Corporation Reports Q1 EPS of $0.29 vs $0.17 Est,2014-05-06 09:02:00-04:00,NVDA,2014-05-06
"ISI Bullish on Semi-Conductors, Offers Top Picks",2014-04-11 12:50:00-04:00,NVDA,2014-04-11
ISI Initiates Coverage on Semi/Semi Equip. Stocks,2014-04-10 16:28:00-04:00,NVDA,2014-04-11
"NVIDIA Shares Rally Amid Rumor of Greenlight Stake, Einhorn Spokesperson Declines Comment",2014-04-03 10:50:00-04:00,NVDA,2014-04-03
UPDATE: Nvidia Spokesperson Says Company Does Not Comment on Who They Meet With,2014-04-03 10:50:00-04:00,NVDA,2014-04-03
UPDATE: Einhorn Spokesperson Declines Comment on Rumor of Nvidia Meeting. Long Position,2014-04-03 10:26:00-04:00,NVDA,2014-04-03
Hearing Unconfirmed Market Chatter of David Einhorn Long Position in Nvidia,2014-04-03 09:43:00-04:00,NVDA,2014-04-03
Morning Market Movers ,2014-04-01 09:43:00-04:00,NVDA,2014-04-01
Benzinga's Top Upgrades,2014-04-01 07:45:00-04:00,NVDA,2014-04-01
"JMP Securities Upgrades NVIDIA Corporation to Market Outperform, Announces $26.00 PT",2014-04-01 07:41:00-04:00,NVDA,2014-04-01
"GE Intelligent Platforms Announces Will Work with NVIDIA for Tegra K1-based, High Performance Embedded Computing Solution ",2014-03-25 15:02:00-04:00,NVDA,2014-03-25
Nvidia Announces Pascal Chip,2014-03-25 12:33:00-04:00,NVDA,2014-03-25
NVIDIA Shares Volatile as FBR Issues Mid-Day Note Suggesting Co. Could Offer LT Goals for Returning Cash to Holders at Investor Day Tomorrow (Tuesday),2014-03-24 14:28:00-04:00,NVDA,2014-03-24
FBR Capital Markets Expects News About NVIDIA from Annual Investor Day,2014-03-24 08:58:00-04:00,NVDA,2014-03-24
"Market Wrap For March 21: Markets End Friday On A Negative Note, But Still Positive For The Week",2014-03-21 16:38:00-04:00,NVDA,2014-03-24
"CLSA Initiates Coverage on NVIDIA Corporation at Underperform, Announces $19.00 PT",2014-03-21 08:42:00-04:00,NVDA,2014-03-21
Market Wrap For March 19: Yellen Hints of Higher Rates & Sooner Than Expected End To Taper,2014-03-19 18:03:00-04:00,NVDA,2014-03-20
UPDATE: Stifel Reiterates on NVIDIA Ahead of 2014 Investor Day,2014-03-19 08:13:00-04:00,NVDA,2014-03-19
"Stifel Nicolaus Maintains Buy on NVIDIA Corporation, Raises PT to $21.00",2014-03-19 06:47:00-04:00,NVDA,2014-03-19
"Option Alert: Nvidia Jun $20 Call; 10,000 Contract Trade Between Bid and Ask @$0.67; Currently $18.74",2014-02-24 11:05:00-05:00,NVDA,2014-02-24
Stocks Hitting 52-Week Highs,2014-02-21 09:59:00-05:00,NVDA,2014-02-21
"Form 8-K from NVIDIA Shows Accelerated Buyback Plan,Will Make Upfront Payment 4500M, Will Receive 20.6M Shares",2014-02-14 08:19:00-05:00,NVDA,2014-02-14
NVIDIA Reports Strong EPS and Revenue,2014-02-13 10:37:00-05:00,NVDA,2014-02-13
Morgan Stanley Sees Limited Upside for NVIDIA,2014-02-13 10:10:00-05:00,NVDA,2014-02-13
Stocks Hitting 52-Week Highs,2014-02-13 10:04:00-05:00,NVDA,2014-02-13
UPDATE: Evercore Group Upgrades NVIDIA on Progress in Growth Drivers,2014-02-13 08:37:00-05:00,NVDA,2014-02-13
Benzinga's Top #PreMarket Gainers,2014-02-13 08:11:00-05:00,NVDA,2014-02-13
Benzinga's Top Upgrades,2014-02-13 08:03:00-05:00,NVDA,2014-02-13
"B. Riley & Co. Upgrades NVIDIA Corporation to Buy, Raises PT to $21.00",2014-02-13 07:59:00-05:00,NVDA,2014-02-13
"FBR Capital Maintains Market Perform on NVIDIA Corporation, Raises PT to $17.00",2014-02-13 07:35:00-05:00,NVDA,2014-02-13
"Stifel Nicolaus Maintains Buy on NVIDIA Corporation, Raises PT to $19.00",2014-02-13 07:34:00-05:00,NVDA,2014-02-13
NVIDIA Corporation Sees Q1 Sales $1.05B +/- 2% vs $1.0B Est,2014-02-12 16:21:00-05:00,NVDA,2014-02-13
NVIDIA Corporation Reports Q4 EPS of $0.32 vs $0.24 Est; Revenue of $1.14B vs $1.05B Est,2014-02-12 16:20:00-05:00,NVDA,2014-02-13
"Earnings Scheduled For February 12, 2014",2014-02-12 05:20:00-05:00,NVDA,2014-02-12
"Earnings Expectations For The Week Of February 10: AIG, Cisco, Deere, PepsiCo And More",2014-02-10 06:33:00-05:00,NVDA,2014-02-10
"Susquehanna Upgrades NVIDIA Corporation to Neutral, Raises PT to $14.00",2014-02-03 08:17:00-05:00,NVDA,2014-02-03
Benzinga's Top Upgrades,2014-01-21 08:36:00-05:00,NVDA,2014-01-21
UPDATE: Evercorp Upgrades NVIDIA,2014-01-21 07:59:00-05:00,NVDA,2014-01-21
US Stock Futures Signal Higher Start On Wall Street,2014-01-21 06:56:00-05:00,NVDA,2014-01-21
"Evercore Partners Upgrades NVIDIA Corporation to Equal-weight, Announces $16.00 PT",2014-01-21 06:28:00-05:00,NVDA,2014-01-21
"NVIDIA Names Cabrera General Counsel, Names Shannon as Chief Administrative Officer",2014-01-14 09:31:00-05:00,NVDA,2014-01-14
"CES 2014 Review: Announcements, Products & Surprises",2014-01-13 08:33:00-05:00,NVDA,2014-01-13
Shares of NVIDIA Fall 4.2% Following Canaccord's Downgrade,2014-01-09 14:20:00-05:00,NVDA,2014-01-09
"Is NVIDIA's Tegra K1 On Par With PlayStation 4, Xbox One?",2014-01-09 14:05:00-05:00,NVDA,2014-01-09
"Canaccord Genuity Downgrades NVIDIA Corporation to Hold, Maintains $16.00 PT",2014-01-09 08:55:00-05:00,NVDA,2014-01-09
Intel Worried About Google's Plan to Make Server Processors,2013-12-18 16:38:00-05:00,NVDA,2013-12-19
"comScore Says US Online Holiday Sales to Date $31.5B, Sales from Desktops on Dec. 9th Up 10% to $1.4B",2013-12-11 12:10:00-05:00,NVDA,2013-12-11
IHS Says Expecting Semi Sales Up Almost 5% to Around $317.9B in '13,2013-12-03 09:25:00-05:00,NVDA,2013-12-03
"IDC Expecting PC Shipments to Decline in Double Digit Percent Range During 2013, Cuts Global Shipments Outlook, from 9.7% to 10.1%",2013-12-02 16:40:00-05:00,NVDA,2013-12-03
"NVIDIA Reports Pricing of $1.3B of Convertible Senior Notes, Says Net Proceeds Will Be Used Primarily to Fund Capital Return",2013-11-26 07:33:00-05:00,NVDA,2013-11-26
Sony's $399 PlayStation 4 Costs $381 To Produce,2013-11-19 15:10:00-05:00,NVDA,2013-11-19
Mid-Morning Market Update: Markets Mixed; Tyson Posts Higher Profit,2013-11-18 10:17:00-05:00,NVDA,2013-11-18
Benzinga's Top Downgrades,2013-11-18 08:24:00-05:00,NVDA,2013-11-18
Benzinga's Top #PreMarket Losers,2013-11-18 08:16:00-05:00,NVDA,2013-11-18
UPDATE: Morgan Stanley Downgrades NVIDIA On Projections Of Significant Headwinds,2013-11-18 07:41:00-05:00,NVDA,2013-11-18
"Morgan Stanley Downgrades NVIDIA Corporation to Underweight, Announces $13.00 PT",2013-11-18 06:23:00-05:00,NVDA,2013-11-18
"Short Interest Rises In Marvell, Falls In Qualcomm (MRVL, QCOM, TXN)",2013-11-13 14:42:00-05:00,NVDA,2013-11-13
Panasonic's New 4K Tablet Is 12X More Expensive Than Apple's iPad Air,2013-11-08 14:50:00-05:00,NVDA,2013-11-08
"FBR Capital Maintains Market Perform on NVIDIA Corporation, Raises PT to $15.00",2013-11-08 08:39:00-05:00,NVDA,2013-11-08
NVIDIA Corporation Sees Q4 Sales $1.05B +/- 2% vs $1.05B Est; Reports Added $1B Buyback Plan,2013-11-07 16:22:00-05:00,NVDA,2013-11-08
NVIDIA Corporation Reports Q3 EPS of $0.26 vs $0.20 Est; Revenue of $1.05B vs $1.05B Est,2013-11-07 16:21:00-05:00,NVDA,2013-11-08
"Earnings Scheduled For November 7, 2013",2013-11-07 04:22:00-05:00,NVDA,2013-11-07
Nvidia Shield Can Now Download Games on Google Play Store,2013-10-28 16:12:00-04:00,NVDA,2013-10-29
"Short Sellers Pile On Applied Materials and STMicroelectronics (AMAT, MU, STM)",2013-10-26 15:53:00-04:00,NVDA,2013-10-26
Apple Says New Mac Pro Desktop Has AMD Firepro Graphics,2013-10-22 13:33:00-04:00,NVDA,2013-10-22
Shares of NVIDIA Not Yet Moving Following News of Intel Chip in New Macbook Pro,2013-10-22 13:30:00-04:00,NVDA,2013-10-22
UPDATE: Macquarie Downgraded Intel and NVIDIA Based on Thundering Cloud Computing,2013-10-11 11:35:00-04:00,NVDA,2013-10-11
UPDATE: Macquarie Downgrades NVIDIA on Potential Impact of Cloud Computing,2013-10-11 09:44:00-04:00,NVDA,2013-10-11
"Applied Materials, Marvell Technology Face Rising Short Interest (AMAT, MRVL, STM)",2013-10-11 09:08:00-04:00,NVDA,2013-10-11
Benzinga's Top Pre-Market Losers,2013-10-11 08:17:00-04:00,NVDA,2013-10-11
"Macquarie Downgrades NVIDIA Corporation to Underperform, Lowers PT to $14.00",2013-10-11 07:26:00-04:00,NVDA,2013-10-11
"Nvidia Cuts Prices, Will Release New Graphics Card -DigiTimes",2013-10-09 06:27:00-04:00,NVDA,2013-10-09
"Rising Short Interest For Broadcom And Other Semiconductor Stocks (BRCM, KLAC, MRVL)",2013-09-27 12:17:00-04:00,NVDA,2013-09-27
Release of AMD Radeon R9 and R7 GPUs Expected to Pressure Nvidia to Offer Price Cuts -Digitimes,2013-09-27 06:03:00-04:00,NVDA,2013-09-27
UPDATE: NVIDIA Appoints Colette Kress as Chief Financial Officer ,2013-09-16 16:36:00-04:00,NVDA,2013-09-17
NVIDIA Names Colette Kress as CFO,2013-09-16 16:35:00-04:00,NVDA,2013-09-17
Microsoft 'Surface 2' Rumor Roundup,2013-09-15 14:10:00-04:00,NVDA,2013-09-15
"Short Sellers Load Up On Applied Materials And Other Chip Stocks (AMAT, MU, NVDA)",2013-09-12 12:50:00-04:00,NVDA,2013-09-12
Microsoft To Unveil New Surface Tablet September 23 (MSFT),2013-09-09 14:30:00-04:00,NVDA,2013-09-09
"Nvidia Gets Orders for Microsoft's Surface RT, Asustek, Toshiba and Hewlett-Packard Tablets -DigiTImes",2013-09-09 06:29:00-04:00,NVDA,2013-09-09
"Short Sellers Gang Up On Marvell Technology (MRVL, QCOM, STM)",2013-08-27 15:13:00-04:00,NVDA,2013-08-27
"NVIDIA, Ubisoft form Gaming Alliance",2013-08-22 05:48:00-04:00,NVDA,2013-08-22
Intel's Plan To Overtake Qualcomm's Snapdragon Platform,2013-08-21 12:33:00-04:00,NVDA,2013-08-21
NVIDIA Shares Volatile as Co. Announces Gaming Alliance with Ubisoft for Fall Season,2013-08-21 12:12:00-04:00,NVDA,2013-08-21
"Will Apple, Dell And Hewlett-Packard Follow Lenovo And Build Notebooks In-House?",2013-08-19 15:10:00-04:00,NVDA,2013-08-19
"Amazon To Launch New Game Console Alongside PlayStation 4, Xbox One",2013-08-12 14:43:00-04:00,NVDA,2013-08-12
Will Shield Stop Nvidia's Growth From Fading?,2013-08-09 16:08:00-04:00,NVDA,2013-08-12
Benzinga's Top Pre-Market Losers,2013-08-09 08:19:00-04:00,NVDA,2013-08-09
"Nomura Maintains Buy on NVIDIA Corporation, Raises PT to $17.00",2013-08-09 07:34:00-04:00,NVDA,2013-08-09
Nvidia Reports Lower Q2 Profit (NVDA),2013-08-08 17:27:00-04:00,NVDA,2013-08-09
NVIDIA Corporation Reports Q2 EPS of $0.23 vs $0.13 Est; Revenue of $977.20M,2013-08-08 16:20:00-04:00,NVDA,2013-08-09
"Earnings Scheduled For August 8, 2013",2013-08-08 04:27:00-04:00,NVDA,2013-08-08
Google's Second-Gen Nexus 7 May Be Limited To 3.5 Million Units (GOOG),2013-08-07 12:17:00-04:00,NVDA,2013-08-07
"Google, IBM, NVIDIA, Mellanox Announce Development Group for IBM Chips, Consortium Will Build Server and Storage Technology",2013-08-06 13:12:00-04:00,NVDA,2013-08-06
Tablet Shipments to Increase 17.7% on-Year in H2 2013 -DigiTImes,2013-08-06 06:12:00-04:00,NVDA,2013-08-06
Earnings Expectations For The Week Of August 5,2013-08-04 16:19:00-04:00,NVDA,2013-08-05
"Option Alert: Nvidia January 16 Call; Block Trade: 7,795 Contracts @$0.59; Currently $14.49",2013-08-01 11:44:00-04:00,NVDA,2013-08-01
"Stocks to Watch for July 31, 2013",2013-07-31 11:59:00-04:00,NVDA,2013-07-31
Wells Fargo Downgrades NVIDIA Corporation to Market Perform,2013-07-31 07:57:00-04:00,NVDA,2013-07-31
"Short Sellers Continue to Pile on KLA-Tencor (AMAT, KLAC, TXN)",2013-07-25 12:29:00-04:00,NVDA,2013-07-25
"Will Google's $229 Nexus 7 Upgrade Dethrone Apple's iPad Mini? (AAPL, GOOG)",2013-07-24 15:36:00-04:00,NVDA,2013-07-24
Google to Unveil Second-Generation Nexus 7 Today,2013-07-24 09:56:00-04:00,NVDA,2013-07-24
NVIDIA Appoints Former PepsiCo. Exec Dawn Hudson to Its Board of Directors,2013-07-23 09:04:00-04:00,NVDA,2013-07-23
"Short Sellers Jump on KLA-Tencor, Marvell Technology (ARMH, KLAC, MRVL)",2013-07-11 14:21:00-04:00,NVDA,2013-07-11
"Can Microsoft's Surface 2 Save NVIDIA's Tegra 4? (MSFT, NVDA)",2013-07-05 11:05:00-04:00,NVDA,2013-07-05
UPDATE: NVIDIA Says the Mechanical Component Has Issues,2013-06-26 15:18:00-04:00,NVDA,2013-06-26
Shares of NVIDIA Not Responding to Headlines Shipment of SHIELD Gaming Device Delayed til Next Month,2013-06-26 15:18:00-04:00,NVDA,2013-06-26
"Short Sellers Jump on ARM Holdings, Broadcom (AMAT, ARMH, BRCM)",2013-06-26 13:15:00-04:00,NVDA,2013-06-26
Microsoft's Next Tablet Could Include Qualcomm Chips,2013-06-19 11:10:00-04:00,NVDA,2013-06-19
NVIDIA Says Will Begin Licensing GPU Technology,2013-06-18 17:08:00-04:00,NVDA,2013-06-19
"Microsoft Said to Add Qualcomm as Supplier for Surface RT, Nvidia to Remain Supplier for Some Versions",2013-06-18 15:45:00-04:00,NVDA,2013-06-18
One Simple Measure for Investing in a Volatile Market,2013-06-18 09:28:00-04:00,NVDA,2013-06-18
"Short Sellers Less Keen on Applied Materials, Marvell Technology (AMAT, NVDA, MRVL)",2013-06-14 06:46:00-04:00,NVDA,2013-06-14
NVIDIA Shares Lower Despite WSJ Headline 'NVIDIA Open to Deals That Fit Into Businesses',2013-06-04 08:12:00-04:00,NVDA,2013-06-04
"Broadcom, Nvidia See Upswings in Short Interest",2013-05-28 16:16:00-04:00,NVDA,2013-05-29
UPDATE: Topeka Capital Markets Initiates NVIDIA Corporation at Hold,2013-05-23 10:40:00-04:00,NVDA,2013-05-23
"Topeka Capital Initiates Coverage on NVIDIA Corporation at Hold, Announces $15.00 PT",2013-05-23 07:50:00-04:00,NVDA,2013-05-23
"IDC Report Shows Worldwide Semi Market Contracted 2.2% in 2012, Expecting 3.5% Growth This Year",2013-05-22 08:35:00-04:00,NVDA,2013-05-22
NVIDIA Begins Taking Orders for Shielf Portable-Gaming Device,2013-05-14 09:00:00-04:00,NVDA,2013-05-14
Nvidia Partners up with Goldman to Repurchase $750 Million Worth of its Shares,2013-05-14 08:49:00-04:00,NVDA,2013-05-14
NVIDIA Announces $750M Accelerated Buyback with Goldman Sachs,2013-05-14 07:50:00-04:00,NVDA,2013-05-14
Sony to Increase LCD TV Shipments by 19%,2013-05-13 10:26:00-04:00,NVDA,2013-05-13
"Short Sellers Retreat from Micron Technology, Other Semiconductor Stocks",2013-05-10 13:42:00-04:00,NVDA,2013-05-10
"Benzinga Market Primer: Friday, May 10",2013-05-10 06:40:00-04:00,NVDA,2013-05-10
Nvidia Beats Q1 Estimates; Provides Weak Guidance ,2013-05-10 06:24:00-04:00,NVDA,2013-05-10
NVIDIA Corporation Sees Q2 Sales $955.50-994.50,2013-05-09 16:23:00-04:00,NVDA,2013-05-10
NVIDIA Corporation Reports Q1 EPS of $0.18 vs $0.15 Est; Revenue of $954.70M vs $940.70M Est,2013-05-09 16:22:00-04:00,NVDA,2013-05-10
"Earnings Scheduled For May 9, 2013",2013-05-09 04:02:00-04:00,NVDA,2013-05-09
"The Week Ahead: Host of Earnings on Tap; Investors Watching Anadarko, Activision, and Whole Foods",2013-05-03 18:43:00-04:00,NVDA,2013-05-06
"AMD, Texas Instruments See Short Interest Surge",2013-04-26 13:17:00-04:00,NVDA,2013-04-26
"Stocks to Watch for April 25, 2013",2013-04-25 09:12:00-04:00,NVDA,2013-04-25
SanDisk Earnings Preview: Solid First-Quarter Results Expected,2013-04-16 07:21:00-04:00,NVDA,2013-04-16
"NVIDIA to Return $1B to Investors this FY, Says $100M in Stock to be Bought Back this Year -Bloomberg",2013-04-11 13:52:00-04:00,NVDA,2013-04-11
"NVIDIA to Increase Share Buyback, Will Add $750M by Q4 -Bloomberg",2013-04-11 13:49:00-04:00,NVDA,2013-04-11
NVIDIA CEO Speaking at Annual Investor Day: Says Business Condtions Muted in 1H,2013-04-11 12:24:00-04:00,NVDA,2013-04-11
"Stocks to Watch for April 11, 2013",2013-04-11 08:54:00-04:00,NVDA,2013-04-11
Short Sellers Pile on ARM Holdings and Nvidia,2013-04-10 13:26:00-04:00,NVDA,2013-04-10
Google's New Nexus 7 Could Sell for $149,2013-04-03 09:40:00-04:00,NVDA,2013-04-03
Here are a Few Setups to Watch Next Week,2013-04-01 10:15:00-04:00,NVDA,2013-04-01
"Big Short Interest Swings in Chip Makers (ARMH, MU, NVDA)",2013-03-31 10:39:00-04:00,NVDA,2013-03-31
NVIDIA Shakes Up Sub-$200 Graphics Market With New GeForce GTX 650 Ti BOOST GPU ,2013-03-26 08:00:00-04:00,NVDA,2013-03-26
Top 4 Mid-Cap Stocks In The Semiconductor-Specialized Industry With The Highest Cash,2013-03-25 04:31:00-04:00,NVDA,2013-03-25
"From NVIDIA Investor Session: CEO Says Windows RT Disappointing, Hasn't Sold Enough in Windows RT",2013-03-19 16:19:00-04:00,NVDA,2013-03-20
"UPDATE: Seeing Comments from NVIDIA's Huang, Says New Version of Tegra Mobile Processor Due Next Year",2013-03-19 13:26:00-04:00,NVDA,2013-03-19
NVIDIA Shares Pushing to Session Lows Ahead of Investor Session on NVIDIA's Business with CEO Jen-Hsun Huang,2013-03-19 13:25:00-04:00,NVDA,2013-03-19
Qualcomm to Replace NVIDIA for Google's Next-Gen Nexus 7,2013-03-19 10:13:00-04:00,NVDA,2013-03-19
"Tigress Financial's Ivan Feinseth Initiated Coverage on QUALCOMM with Strong Buy Rating, NVIDIA with Neutral Rating, Texas Instruments with Underperform",2013-03-18 12:34:00-04:00,NVDA,2013-03-18
"Arm Holdings Workng on Plan to Help Second-Tier IC Designers Catch up with Qualcomm, Nvidia -DigiTimes",2013-03-15 07:41:00-04:00,NVDA,2013-03-15
PlayStation 4 was Too Expensive for NVIDIA,2013-03-14 14:27:00-04:00,NVDA,2013-03-14
Wednesday March 13th Watchlist,2013-03-13 14:19:00-04:00,NVDA,2013-03-13
"Big Short Interest Swings in Chip Makers (AMAT, ARM, BRCM)",2013-03-13 13:41:00-04:00,NVDA,2013-03-13
Benzinga's Top Pre-Market Losers,2013-03-11 08:28:00-04:00,NVDA,2013-03-11
"Susquehanna Downgrades NVIDIA Corporation to Negative, Announces $10.50 PT",2013-03-11 06:46:00-04:00,NVDA,2013-03-11
Top 4 Mid-Cap Stocks In The Semiconductor-Specialized Industry With The Highest ROE,2013-03-07 04:21:00-05:00,NVDA,2013-03-07
"Unusual Option Action: 16,000 March $13.00 Nvidia Calls Trade Hands on Heavy Volume",2013-03-06 10:13:00-05:00,NVDA,2013-03-06
Wednesday March 6th Watchlist,2013-03-06 09:19:00-05:00,NVDA,2013-03-06
8 Stocks On Watch For Monday,2013-03-04 14:05:00-05:00,NVDA,2013-03-04
"Short Interest in Chip Makers on the Rise (AMAT, ARM, QCOM)",2013-03-02 09:55:00-05:00,NVDA,2013-03-02
Wednesday February 27th watchlist,2013-02-27 09:23:00-05:00,NVDA,2013-02-27
AMD Could Make Billions on Sony's PlayStation 4,2013-02-21 12:28:00-05:00,NVDA,2013-02-21
Friday February 15th Watchlist,2013-02-15 11:57:00-05:00,NVDA,2013-02-15
Market Wrap for Thursday February 14: Stocks Close Near Unchanged ,2013-02-14 16:12:00-05:00,NVDA,2013-02-15
"UPDATE: Stifel Nicolaus Cuts PT to $18 on NVIDIA Corporation on Raising OpEx, Product Transition",2013-02-14 11:49:00-05:00,NVDA,2013-02-14
"Needham Downgrades NVIDIA Corporation to Hold, Removes $17.00 PT",2013-02-14 09:31:00-05:00,NVDA,2013-02-14
"Stifel Nicolaus Maintains Buy on NVIDIA Corporation, Lowers PT to $18.00",2013-02-14 08:40:00-05:00,NVDA,2013-02-14
"BMO Capital Maintains Market Perform on NVIDIA Corporation, Lowers PT to $12.00",2013-02-14 08:16:00-05:00,NVDA,2013-02-14
"Nomura Maintains Buy on NVIDIA Corporation, Lowers PT to $15.00",2013-02-14 07:42:00-05:00,NVDA,2013-02-14
"Deutsche Bank Maintains Hold on NVIDIA Corporation, Lowers PT to $13.00",2013-02-14 07:35:00-05:00,NVDA,2013-02-14
Nvidia Little Changed After Q4 Results ,2013-02-13 17:02:00-05:00,NVDA,2013-02-14
NVIDIA Corporation Sees Q1 Sales $940.0M +/- 2% vs $1.07B Est,2013-02-13 16:21:00-05:00,NVDA,2013-02-14
NVIDIA Corporation Reports Q4 EPS of $0.35 vs $0.24 Est; Revenue of $1.11B vs $1.10B Est,2013-02-13 16:20:00-05:00,NVDA,2013-02-14
"Apple to Phase Out Standard, Retina-Free MacBook Pro",2013-02-13 10:44:00-05:00,NVDA,2013-02-13
"Short Interest in Chip Makers on the Rise (AMAT, ARM, NVDA)",2013-02-13 07:27:00-05:00,NVDA,2013-02-13
US Stock Futures Higher Ahead Of Retail Sales Data,2013-02-13 06:06:00-05:00,NVDA,2013-02-13
"Earnings Scheduled For February 13, 2013",2013-02-13 02:13:00-05:00,NVDA,2013-02-13
"FBR Capital Maintains Market Perform on NVIDIA Corporation, Lowers PT to $14.00",2013-02-12 08:18:00-05:00,NVDA,2013-02-12
Wednesday February 6th Watchlist,2013-02-06 12:54:00-05:00,NVDA,2013-02-06
Intel's New Strategy to Take on Apple's MacBook Air,2013-02-01 13:49:00-05:00,NVDA,2013-02-01
Rumor: NVIDIA Building iPhone and iPad Competitors,2013-01-29 14:59:00-05:00,NVDA,2013-01-29
Tuesday January 29th Watchlist,2013-01-29 07:43:00-05:00,NVDA,2013-01-29
6 Stocks to Watch Out For Next Week,2013-01-28 09:31:00-05:00,NVDA,2013-01-28
AMD is on Life Support While these Semiconductor Stocks Thrive,2013-01-23 07:25:00-05:00,NVDA,2013-01-23
Wednesday January 9th Watchlist,2013-01-09 11:49:00-05:00,NVDA,2013-01-09
Did NVIDIA Steal Apple's Retina Display?,2013-01-07 16:29:00-05:00,NVDA,2013-01-08
The 5 Coolest Things You'll See at CES,2013-01-07 14:11:00-05:00,NVDA,2013-01-07
Why is NVIDIA Building a Portable Game Machine?,2013-01-07 11:00:00-05:00,NVDA,2013-01-07
6 High Momentum Stocks to Watch next Week,2013-01-07 07:39:00-05:00,NVDA,2013-01-07
Nvidia Announces Six Coud-Gaming Companies to Use GRID Platform,2013-01-07 06:31:00-05:00,NVDA,2013-01-07
"Stocks on my Watch List for Thursday, January 3",2013-01-03 09:24:00-05:00,NVDA,2013-01-03
Another Executive Jumps Off AMD's Sinking Ship,2012-12-28 13:21:00-05:00,NVDA,2012-12-28
Short Term Trading Ideas for Christmas Week,2012-12-26 09:37:00-05:00,NVDA,2012-12-26
Top Stocks on my Watch List for Thursday December 20th,2012-12-20 08:58:00-05:00,NVDA,2012-12-20
Wednesday December 19th watchlist,2012-12-19 08:00:00-05:00,NVDA,2012-12-19
6 stocks to watch in the week ahead,2012-12-17 11:54:00-05:00,NVDA,2012-12-17
Benzinga's Top Pre-Market Gainers,2012-12-14 08:13:00-05:00,NVDA,2012-12-14
Wednesday December 12th Watchlist,2012-12-12 15:40:00-05:00,NVDA,2012-12-12
NVIDIA Wins $20M DARPA Contract for High-Performance Embedded Processor Research,2012-12-12 09:03:00-05:00,NVDA,2012-12-12
"Option Alert: Nvidia January 14 Call; Block Trade: 6,469 Contracts @$0.22; Currently $12.75",2012-12-11 14:45:00-05:00,NVDA,2012-12-11
UPDATE: Oppenheimer Holdings Downgrades NVIDIA Corporation to Perform,2012-12-05 13:16:00-05:00,NVDA,2012-12-05
"Oppenheimer Downgrades NVIDIA Corporation to Perform, Removes $(aN) PT",2012-12-05 07:10:00-05:00,NVDA,2012-12-05
One Semiconductor Stock That Could Benefit from Apple's Next iPad,2012-11-28 13:30:00-05:00,NVDA,2012-11-28
"Tablet Roundup: iPad Mini, Surface, Nexus 10 and More",2012-11-18 18:53:00-05:00,NVDA,2012-11-19
UPDATE: Nomura Cuts PT to $16 on NVIDIA on Weak Guidance  ,2012-11-09 12:29:00-05:00,NVDA,2012-11-09
"UPDATE: Jefferies & Company Reiterates Hold Rating, Lowers PT on NVIDIA Corporation",2012-11-09 09:37:00-05:00,NVDA,2012-11-09
"FBR Capital Markets Maintains Nvidia at Market Perform, Raises PT from $14 to $16",2012-11-09 08:12:00-05:00,NVDA,2012-11-09
"Nomura Maintains Nvidia at Buy, Lowers PT from $18 to $16",2012-11-09 08:06:00-05:00,NVDA,2012-11-09
"Jefferies & Company Maintains Nvidia at Hold, Raises PT from $16 to $14",2012-11-09 07:31:00-05:00,NVDA,2012-11-09
NVIDIA Sees Q4 Sales $1.025-1.175B vs $1.21B Est,2012-11-08 16:21:00-05:00,NVDA,2012-11-09
"NVIDIA Extends Buyback of $2.7B Through 2014, Initiates $0.075/Share Qtr. Dividend",2012-11-08 16:21:00-05:00,NVDA,2012-11-09
Nvidia Reports Q3 EPS $0.39 vs $0.30 Est; Revenues $1.2B vs $1.19B Est,2012-11-08 16:21:00-05:00,NVDA,2012-11-09
"Futures Flat, Euro Falls Ahead of Central Banks",2012-11-08 06:19:00-05:00,NVDA,2012-11-08
"US Stock Futures Flat; ECB, Economic Data In Focus",2012-11-08 05:50:00-05:00,NVDA,2012-11-08
"Earnings Scheduled For November 8, 2012",2012-11-08 02:34:00-05:00,NVDA,2012-11-08
UPDATE: Wedbush Securities Reduces PT to $17 on Macro Uncertainties  ,2012-11-07 13:15:00-05:00,NVDA,2012-11-07
"Wedbush Securities Maintains Nvidia at Outperform, Lowers PT from $20 to $17",2012-11-07 12:14:00-05:00,NVDA,2012-11-07
"UBS Maintains Nvidia at Buy, Lowers PT from $17.50 to $16.50",2012-11-06 10:36:00-05:00,NVDA,2012-11-06
"UPDATE: BMO Capital Markets Reiterates Market Perform Rating, Lowers PT on NVIDIA Corporation",2012-11-05 12:05:00-05:00,NVDA,2012-11-05
"BMO Capital Markets Maintains Nvidia at Market Perform, Lowers PT from $16 to $13",2012-11-05 08:24:00-05:00,NVDA,2012-11-05
The Week Ahead: More Earnings and the U.S. Election,2012-11-02 16:35:00-04:00,NVDA,2012-11-05
"UPDATE: Apple New iMac Has Nvidia Graphics, Intel Quad-Core Ivy Bridge",2012-10-23 13:36:00-04:00,NVDA,2012-10-23
UPDATE: FBR Capital Markets Downgrades NVIDIA to Market Perform on PC Weakness  ,2012-10-19 12:49:00-04:00,NVDA,2012-10-19
"FBR Capital Markets Downgrades Nvidia from Outperform to Market Perform, Lowers PT from $17.50 to $14",2012-10-19 08:12:00-04:00,NVDA,2012-10-19
Can Microsoft's $499 Surface Defeat Apple's iPad?,2012-10-16 13:33:00-04:00,NVDA,2012-10-16
"Deutsche Bank Maintains Nvidia at Hold, Lowers PT from $15 to $14",2012-10-10 07:08:00-04:00,NVDA,2012-10-10
Benzinga's Top Pre-Market Gainers,2012-10-05 08:07:00-04:00,NVDA,2012-10-05
Former SAC Capital Analyst Horvath Pleads Guilty to Insider Trading,2012-10-01 15:00:00-04:00,NVDA,2012-10-01
Brean Murray Initiates Coverage Nvidia at Hold,2012-09-28 07:46:00-04:00,NVDA,2012-09-28
"Short Interest in Chip Makers on the Rise (AMD, BRCM, NVDA)",2012-09-26 16:28:00-04:00,NVDA,2012-09-27
Benzinga's Top Initiations,2012-09-25 08:08:00-04:00,NVDA,2012-09-25
Short Interest in Chip Makers on the Rise,2012-09-13 14:56:00-04:00,NVDA,2012-09-13
NVIDIA Guides Q3 Revenue $1.15-1.25B vs $1.23B Est,2012-09-13 09:37:00-04:00,NVDA,2012-09-13
"UPDATE: NVIDIA Says Kepler, Tegra Driving Growth in 2H",2012-09-13 09:07:00-04:00,NVDA,2012-09-13
UPDATE: NVIDIA Says Supply Situation Improving,2012-09-13 09:07:00-04:00,NVDA,2012-09-13
NVIDIA Now Presenting at ThinkEquity,2012-09-13 09:03:00-04:00,NVDA,2012-09-13
"Citigroup Maintains Nvidia at Neutral, Lowers PT from $16.50 to $15.25",2012-09-13 05:57:00-04:00,NVDA,2012-09-13
Intel Falls on Revised Guidance,2012-09-07 10:55:00-04:00,NVDA,2012-09-07
Amazon Ends Apple's Monopoly,2012-09-06 17:09:00-04:00,NVDA,2012-09-07
"Amazon Unveils $299 Kindle Fire HD, $499 with 4G LTE",2012-09-06 15:26:00-04:00,NVDA,2012-09-06
Setups for the first week of September,2012-09-04 09:20:00-04:00,NVDA,2012-09-04
Benzinga's Top Pre-Market Losers,2012-08-27 08:22:00-04:00,NVDA,2012-08-27
How to Trade a $200 Microsoft Surface Tablet,2012-08-21 15:25:00-04:00,NVDA,2012-08-21
Will Microsoft Really Sell Surface for $199?,2012-08-15 14:27:00-04:00,NVDA,2012-08-15
Short Sellers Shy Away from Qualcomm and Texas Instruments,2012-08-13 06:15:00-04:00,NVDA,2012-08-13
Barron's Recap (8/11/12): China's Top Brands,2012-08-13 06:14:00-04:00,NVDA,2012-08-13
"Barclays Maintains Nvidia at Equal-weight, Raises PT from $15 to $16",2012-08-10 14:23:00-04:00,NVDA,2012-08-10
"UPDATE: Wedbush Reiterates Outperform Rating, Raises PT on Nvidia Corporation",2012-08-10 11:40:00-04:00,NVDA,2012-08-10
"UBS Maintains Nvidia at Buy, Raises PT from $15.50 to $17.50",2012-08-10 10:06:00-04:00,NVDA,2012-08-10
"Stifel Nicolaus Maintains Nvidia at Buy, Raises PT from $19 to $21",2012-08-10 08:19:00-04:00,NVDA,2012-08-10
"FBR Capital Markets Maintains Nvidia at Outperform, Raises PT from $17 to $20",2012-08-10 08:00:00-04:00,NVDA,2012-08-10
"Wedbush Securities Maintains Nvidia at Outperform, Raises PT from $18 to $20",2012-08-10 07:05:00-04:00,NVDA,2012-08-10
US Stock Futures Down After China Trade Data,2012-08-10 06:35:00-04:00,NVDA,2012-08-10
"Jefferies & Company Maintains Nvidia at Hold, Raises PT from $14 to $16",2012-08-10 06:30:00-04:00,NVDA,2012-08-10
"Citigroup Maintains Nvidia at Hold, Raises PT from $14 to $15",2012-08-10 06:23:00-04:00,NVDA,2012-08-10
"UPDATE: Nvidia Posts Better-Than-Expected Q2 Profit, Issues Upbeat Revenue Forecast",2012-08-10 04:20:00-04:00,NVDA,2012-08-10
"Stocks To Watch For August 10, 2012",2012-08-10 02:50:00-04:00,NVDA,2012-08-10
Nvidia Reports Q2 EPS $0.27 May Not Compare to $0.14 Est; Revenues $1.04B vs $1.01B Est,2012-08-09 16:21:00-04:00,NVDA,2012-08-10
US Stock Futures Slightly Higher Ahead Of Economic Data,2012-08-09 06:36:00-04:00,NVDA,2012-08-09
"Earnings Scheduled For August 9, 2012",2012-08-09 04:45:00-04:00,NVDA,2012-08-09
AMD Gains on Rumored Acquisition by Samsung,2012-08-08 15:34:00-04:00,NVDA,2012-08-08
AMD's Workstation Graphics Line Could Challenge Nvidia,2012-08-08 14:16:00-04:00,NVDA,2012-08-08
"FBR Capital Markets Maintains Nvidia at Outperform, Raises PT from $15 to $17",2012-08-07 08:16:00-04:00,NVDA,2012-08-07
Sony Developing a Microsoft Surface-Inspired Tablet,2012-07-31 08:38:00-04:00,NVDA,2012-07-31
"Sony Launches iPod Touch Clone, Calls it a ""Walkman""",2012-07-19 13:16:00-04:00,NVDA,2012-07-19
Today's Top Winners in Mid-Cap Tech,2012-07-18 15:28:00-04:00,NVDA,2012-07-18
Societe Generale Upgrades Qualcomm to Hold; What Chip Companies Could Benefit?,2012-07-16 15:29:00-04:00,NVDA,2012-07-16
"UPDATE: FBR Capital Markets Reiterates Outperform Rating, Lowers PT on Nvidia Corporation",2012-07-16 10:21:00-04:00,NVDA,2012-07-16
"Raymond James Maintains Nvidia at Strong Buy, Lowers PT from $22 to $20",2012-07-10 09:32:00-04:00,NVDA,2012-07-10
Will AMD's Decline Create an Opportunity for NVIDIA?,2012-07-10 09:11:00-04:00,NVDA,2012-07-10
"Google Nexus 7 iFixit Teardown Shows NVIDIA, NXP Semi, Broadcom, InvenSense Chips",2012-07-03 10:46:00-04:00,NVDA,2012-07-03
Lazard Capital Initiates Coverage On Nvidia at Neutral,2012-06-28 08:55:00-04:00,NVDA,2012-06-28
"Did Google Humiliate Apple, Amazon and Microsoft with New Product Announcements?",2012-06-27 15:36:00-04:00,NVDA,2012-06-27
UPDATE: Google's Tegra 3 Chipset is Manufactured by Nvidia,2012-06-27 13:24:00-04:00,NVDA,2012-06-27
Is Google's Tablet a $200 iPad-Killer?,2012-06-27 10:30:00-04:00,NVDA,2012-06-27
"Benzinga's Upgrade Summary for June 25, 2012",2012-06-25 15:37:00-04:00,NVDA,2012-06-25
UPDATE: Canaccord Genuity Upgrades NVIDIA Corporation to Buy on 2012 Tablet Ramp-Up,2012-06-25 09:00:00-04:00,NVDA,2012-06-25
"Canaccord Upgrades Nvidia from Hold to Buy, Raises PT from $13 to $16",2012-06-25 06:59:00-04:00,NVDA,2012-06-25
Is NVIDIA's Tablet-Fueled Rally Sustainable?,2012-06-20 15:49:00-04:00,NVDA,2012-06-20
"Was Dell, HP Surprised or Angered by Microsoft's New Tablet?",2012-06-20 13:39:00-04:00,NVDA,2012-06-20
"Forget Apple: Microsoft's Surface Tablet Aimed at Dell, HP",2012-06-19 14:22:00-04:00,NVDA,2012-06-19
NVIDIA up 7% After Microsoft Tablet Announcment,2012-06-19 12:22:00-04:00,NVDA,2012-06-19
Top 4 Mid-Cap Stocks In The Semiconductor-Specialized Industry With The Highest EPS,2012-06-19 01:41:00-04:00,NVDA,2012-06-19
Chip Vendors Gearing Up For Next-generation iPhone -DigiTimes,2012-06-15 11:58:00-04:00,NVDA,2012-06-15
"An Investor's Perspective on Apple's Announcements (Plus, What the Company Didn't Say)",2012-06-13 12:49:00-04:00,NVDA,2012-06-13
"Canaccord Says Nvidia Chip in New MacBook Lineup is Nice Win for Company, Demand Continues to Outstrip Supply for Nvidia Chips",2012-06-11 14:51:00-04:00,NVDA,2012-06-11
Apple's Next-Gen MacBook Pro Might Change the World of Portable Computing,2012-06-11 14:20:00-04:00,NVDA,2012-06-11
Apple's Next Macbook Pro Will Feature an Nvidia Graphics Card,2012-06-11 13:36:00-04:00,NVDA,2012-06-11
Nvidia Spiking on Chip Inclusion in MacBook Pro,2012-06-11 13:24:00-04:00,NVDA,2012-06-11
Apple: MacBook Pros Using A New Generation Nvidia GeForce GT 650m Graphics,2012-06-11 13:23:00-04:00,NVDA,2012-06-11
New Nvidia Chip to Appear in New Apple Macbook Pro,2012-06-11 13:23:00-04:00,NVDA,2012-06-11
"UBS Upgrades Nvidia from Neutral to Buy, Maintains PT at $15.5",2012-06-11 12:30:00-04:00,NVDA,2012-06-11
"Nvidia Spiking on Chatter of Apple Product Inclusion, Nvidia Spokesperson Says Only Apple Would be Able to Make that Announcement",2012-06-11 12:28:00-04:00,NVDA,2012-06-11
Nvidia Spiking on Chatter of Apple Product Inclusion,2012-06-11 12:22:00-04:00,NVDA,2012-06-11
New Mac Pros and MacBooks About to be Unveiled,2012-06-11 08:12:00-04:00,NVDA,2012-06-11
Benzinga's Top Upgrades,2012-06-11 07:37:00-04:00,NVDA,2012-06-11
UPDATE: FBR Capital Markets Cuts PT to $18 on NVIDIA Corporation on Weakening PC Checks  ,2012-06-07 11:38:00-04:00,NVDA,2012-06-07
"FBR Capital Markets Lowers PT on NVIDIA from $20 to $18, Maintains Outperform",2012-06-07 08:12:00-04:00,NVDA,2012-06-07
Can Sony and LL Cool J Compete with Apple?,2012-06-04 12:21:00-04:00,NVDA,2012-06-04
"Benzinga's Initiation Summary for May 31, 2012",2012-05-31 12:42:00-04:00,NVDA,2012-05-31
UPDATE: Morgan Stanley Initiates Coverage on NVIDIA,2012-05-31 08:56:00-04:00,NVDA,2012-05-31
Morgan Stanley Initiates Coverage on Nvidia at Equal-weight,2012-05-31 06:54:00-04:00,NVDA,2012-05-31
"Benzinga's M&A Chatter for Tuesday May 29, 2012",2012-05-29 16:44:00-04:00,NVDA,2012-05-30
Nvidia Spokesperson Would Not Comment on Note from Nomura Saying the Company is a Possible Takeover Target of Intel,2012-05-29 11:23:00-04:00,NVDA,2012-05-29
"Barron's Recap (5/26/12): The Top 50 Annuities, and Tech Firms Hoard Cash",2012-05-27 08:05:00-04:00,NVDA,2012-05-27
Today's Movers and Shakers,2012-05-25 14:56:00-04:00,NVDA,2012-05-25
MacBook Retina Displays to Raise Consumer Price by $300?,2012-05-21 07:55:00-04:00,NVDA,2012-05-21
"UPDATE: NVIDIA Introduces World's First Virtualized GPU, Accelerating Graphics for Cloud Computing  ",2012-05-15 14:40:00-04:00,NVDA,2012-05-15
Nvidia Announces Graphics Chip for Cloud Computing,2012-05-15 14:34:00-04:00,NVDA,2012-05-15
New MacBook Pros Will Have Nvidia Graphics -The Verge,2012-05-14 21:09:00-04:00,NVDA,2012-05-15
"Salman Partners Maintains Nvidia at Buy, Lowers PT from $18.75 to $16.75",2012-05-14 11:28:00-04:00,NVDA,2012-05-14
NVIDIA and Intellectual Ventures Partner to Acquire Portfolio,2012-05-14 09:02:00-04:00,NVDA,2012-05-14
UPDATE: Jefferies Cuts PT to $15 on NVIDIA Corporation; 28nm Capacity Constrainta   ,2012-05-14 07:42:00-04:00,NVDA,2012-05-14
"Jefferies & Company Maintains Nvidia at Hold, Lowers PT from $16 to $15",2012-05-14 06:20:00-04:00,NVDA,2012-05-14
Stocks To Watch For May 14,2012-05-14 02:17:00-04:00,NVDA,2012-05-14
Nvidia Jumps 7% After Q1 Results ,2012-05-11 14:30:00-04:00,NVDA,2012-05-11
NVIDIA Up 8.5% on Strong Q1 Earnings ,2012-05-11 11:27:00-04:00,NVDA,2012-05-11
"Social Media Outlook for Friday May 11 (NVDA, INSP, JPM, CSCO)",2012-05-11 10:35:00-04:00,NVDA,2012-05-11
"UPDATE: Nvidia Posts Better-Than-Expected Q1 Revenue, Issues Upbeat Q2 Revenue Forecast",2012-05-11 07:54:00-04:00,NVDA,2012-05-11
UPDATE: Nvidia Guides Q2 Rev $990M-$1.05B vs $976.2M Est,2012-05-11 07:36:00-04:00,NVDA,2012-05-11
Nvidia Rises 7% Pre-Market on Earnings Beat,2012-05-11 07:31:00-04:00,NVDA,2012-05-11
Nvidia Reports Q1 EPS $0.16 vs $0.10 Est; Revenues $924.9M vs $916.17M Est,2012-05-11 07:30:00-04:00,NVDA,2012-05-11
US Stock Futures Down; JPMorgan Shares Drop In Pre-Market Trading,2012-05-11 06:34:00-04:00,NVDA,2012-05-11
Stocks To Watch For May 11,2012-05-11 03:44:00-04:00,NVDA,2012-05-11
Earnings Scheduled For May 11,2012-05-11 03:14:00-04:00,NVDA,2012-05-11
"Stock Watch List for Thursday May 10, 2012",2012-05-09 17:33:00-04:00,NVDA,2012-05-10
"Earnings Expectations for the Week of May 7 (DIS, M, CSCO)",2012-05-06 08:44:00-04:00,NVDA,2012-05-06
Nvidia to Make Special Announcement Saturday April 28 at 10:30pm EDT,2012-04-24 12:28:00-04:00,NVDA,2012-04-24
Hearing Pacific Crest Negative on Nvidia,2012-04-16 10:40:00-04:00,NVDA,2012-04-16
Four Stocks for Apple's Secret Project,2012-04-13 13:01:00-04:00,NVDA,2012-04-13
"UPDATE: Cantor Fitzgerald Initiates NVIDIA with Buy, $20 PT  ",2012-04-05 10:27:00-04:00,NVDA,2012-04-05
"Cantor Fitzgerald Initiates Coverage on Nvidia at Buy, Announces PT of $20",2012-04-05 07:07:00-04:00,NVDA,2012-04-05
"Benzinga's M&A Chatter for Monday April 2, 2012",2012-04-02 18:01:00-04:00,NVDA,2012-04-03
Nvidia Spokesperson Declines Comment on Earlier Chatter of Intel Offer,2012-04-02 14:40:00-04:00,NVDA,2012-04-02
Positive Rumors Circulate About Nvidia,2012-04-02 14:05:00-04:00,NVDA,2012-04-02
Apple Drops Nvidia Kepler From Large Numbers Of Laptops -Semi Accurate,2012-03-13 10:25:00-04:00,NVDA,2012-03-13
"SemiAccurate: TSMC Suddenly Halts 28nm Production; Potentially Negative for NVDA, QCOM, ALTR, XLNX",2012-03-07 11:14:00-05:00,NVDA,2012-03-07
"Evercore Partners Reiterates Underweight, $12 PT on NVIDIA",2012-02-22 08:31:00-05:00,NVDA,2012-02-22
UPDATE: Bank of America Downgrades NVIDIA to Neutral,2012-02-16 12:31:00-05:00,NVDA,2012-02-16
UPDATE: Bank of America Downgrades NVIDIA to Neutral,2012-02-16 10:41:00-05:00,NVDA,2012-02-16
"Evercore Partners Maintains Nvidia at Underweight, Raises PT from $11 to $12",2012-02-16 07:30:00-05:00,NVDA,2012-02-16
"Bank of America Downgrades Nvidia from Buy to Neutral, Maintains PO at $16.5",2012-02-16 06:34:00-05:00,NVDA,2012-02-16
Nvidia CEO Sees 50% Growth in Tegra Revenue This Year,2012-02-15 17:50:00-05:00,NVDA,2012-02-16
Nvidia Says PC Market Will Face Headwinds; Full-Year Forecast No Longer Valid,2012-02-15 17:19:00-05:00,NVDA,2012-02-16
Nvidia Guides Q1 Revenue $900-930M vs $940.40M Est,2012-02-15 16:22:00-05:00,NVDA,2012-02-16
Nvidia Reports Q4 EPS $0.26 vs $0.19 Est; Revenues $953.20M vs $950.51M Est	 				,2012-02-15 16:20:00-05:00,NVDA,2012-02-16
UPDATE: FBR Upgrades Nvidia to Outperform,2012-02-13 10:42:00-05:00,NVDA,2012-02-13
NVIDIA up 2% Pre-Market Following Analyst Upgrade ,2012-02-13 08:24:00-05:00,NVDA,2012-02-13
"FBR Capital Markets Upgrades Nvidia from Market Perform to Outperform, Raises PT from $17 to $20",2012-02-13 08:21:00-05:00,NVDA,2012-02-13
"FBR Capital Markets Upgrades Nvidia from Outperform to Market Perform, Raises PT from $17 to $20",2012-02-13 07:57:00-05:00,NVDA,2012-02-13
Benzinga's Top Upgrades,2012-02-13 07:44:00-05:00,NVDA,2012-02-13
Earnings Expectations for the Week of February 13,2012-02-12 14:39:00-05:00,NVDA,2012-02-12
"Benzinga's Top ETF Decliners, February 8th",2012-02-08 18:39:00-05:00,NVDA,2012-02-09
"Benzinga's Top ETF Gainers, February 8th",2012-02-08 18:12:00-05:00,NVDA,2012-02-09
Rambus Up 12% After Signing Patent Agreement,2012-02-08 08:57:00-05:00,NVDA,2012-02-08
Rambus Rises 14% Pre-Market on Patent License Agreement with NVIDIA,2012-02-08 08:06:00-05:00,NVDA,2012-02-08
Rambus and NVIDIA Sign Patent License Agreement  ,2012-02-08 08:00:00-05:00,NVDA,2012-02-08
Top 4 Mid-Cap Stocks In The Semiconductor-Specialized Industry With The Highest Cash,2012-02-06 04:12:00-05:00,NVDA,2012-02-06
Apple Earnings: Outstanding Achievement in the Field of Excellence,2012-01-25 12:46:00-05:00,NVDA,2012-01-25
FBR Capital Maintains Market Perform on NVIDIA After Guidance Cut,2012-01-25 10:12:00-05:00,NVDA,2012-01-25
UPDATE: Jefferies Lowers Target to $16 on NVIDIA,2012-01-25 09:35:00-05:00,NVDA,2012-01-25
"UPDATE: Deutsche Bank Lowers PT to $14 on NVIDIA, Maintains Hold",2012-01-25 08:42:00-05:00,NVDA,2012-01-25
From Earlier: NVIDIA Lowers Q4 Revenue Expectations to $950M vs 1.066B Prior ,2012-01-25 06:38:00-05:00,NVDA,2012-01-25
"Benzinga's Top ETF Gainers, January 24th (EGPT, DRN, DBB, ZSL)",2012-01-24 17:24:00-05:00,NVDA,2012-01-25
Should AMD Blame Itself for its Losses?,2012-01-24 17:19:00-05:00,NVDA,2012-01-25
Keep The Semiconductors On The Radar,2012-01-17 10:21:00-05:00,NVDA,2012-01-17
"Evercore Partners Maintains Underweight, $11 Price Target on NVIDIA",2012-01-11 10:38:00-05:00,NVDA,2012-01-11
Nvidia: The Mobile Company,2012-01-11 04:17:00-05:00,NVDA,2012-01-11
"Benzinga's Top ETF Decliners, January 5th (GAZ, TVIX, SGG, SOXS)",2012-01-05 18:31:00-05:00,NVDA,2012-01-06
"Benzinga's Top ETF Gainers, January 5th (AGA, SOXL, FAS, XBI)",2012-01-05 18:19:00-05:00,NVDA,2012-01-06
Semiconductor Stock Outlook for 2012,2011-12-23 13:43:00-05:00,NVDA,2011-12-23
"Benzinga's Top ETF Decliners, December 22nd (SOXS, FAZ, DRV, EDZ)",2011-12-22 19:42:00-05:00,NVDA,2011-12-23
Oppenheimer Maintains Outperform on Nvidia,2011-12-19 08:27:00-05:00,NVDA,2011-12-19
"Broadcom Says ""That's How it's Done"" to Tech Companies",2011-12-14 09:57:00-05:00,NVDA,2011-12-14
Is There a Good Excuse to Explain Intel's 4Q Revenue Miss?,2011-12-12 12:28:00-05:00,NVDA,2011-12-12
"Advanced Micro Devices, Western Digital, Nvdia Seeing Weakness Due to Intel's Revenue Miss",2011-12-12 09:05:00-05:00,NVDA,2011-12-12
Semiaccurate Questioning Nvidia's Ability to Supply Apple,2011-12-01 13:35:00-05:00,NVDA,2011-12-01
Benzinga's Top Pre-Market Losers,2011-12-01 08:33:00-05:00,NVDA,2011-12-01
"IBM, Mastercard, Nike and Four Other Stocks Worth a Look Now",2011-12-01 07:05:00-05:00,NVDA,2011-12-01
"FBR Capital Markets Maintains Market Perform, Target of $20 on NVIDIA ",2011-11-28 08:29:00-05:00,NVDA,2011-11-28
Semiconductors Are Down But Not Out,2011-11-22 10:59:00-05:00,NVDA,2011-11-22
NVIDIA Short Term Bullish Reversal,2011-11-22 09:08:00-05:00,NVDA,2011-11-22
"Needham Upgrades Nvidia to Buy, $18 PT",2011-11-22 07:45:00-05:00,NVDA,2011-11-22
NVIDIA Forms Bullish Reversal,2011-11-21 14:01:00-05:00,NVDA,2011-11-21
Nvidia Spiking Higher on Heavy Volume,2011-11-21 11:22:00-05:00,NVDA,2011-11-21
Apple Swapping GSU Supplier to Nvidia -Semiaccurate,2011-11-21 10:43:00-05:00,NVDA,2011-11-21
Nvidia Guides FY2013 GAAP Revenue $4.7-5.0B,2011-11-17 11:56:00-05:00,NVDA,2011-11-17
Choppy Action  11-14-2011,2011-11-14 15:19:00-05:00,NVDA,2011-11-14
Premarket: Cray Lands $188 Million Contract,2011-11-14 09:31:00-05:00,NVDA,2011-11-14
Italians on Diet  11-11-2011,2011-11-11 14:55:00-05:00,NVDA,2011-11-11
"Why ""Wintel"" is Going To Be ""WinArm""",2011-11-11 12:35:00-05:00,NVDA,2011-11-11
"Sterne Agee Retains Neutral on NVIDIA, Tweaks Estimates ",2011-11-11 09:24:00-05:00,NVDA,2011-11-11
UPDATE: FBR Raises EPS Estimates and PT on NVIDIA to $20,2011-11-11 09:14:00-05:00,NVDA,2011-11-11
"Oppenheimer Maintains Outperform, $25 PT on NVIDIA ",2011-11-11 09:14:00-05:00,NVDA,2011-11-11
"JP Morgan Maintains Neutral, PT of $17 on NVIDIA ",2011-11-11 08:32:00-05:00,NVDA,2011-11-11
Wedbush Maintains Outperform Rating and $18 PT on NVIDIA ,2011-11-11 08:25:00-05:00,NVDA,2011-11-11
"Financial Breakfast: Morning News Summary for November 11, 2011",2011-11-11 07:37:00-05:00,NVDA,2011-11-11
Jefferies Raises EPS Estimates on NVIDIA ,2011-11-11 07:26:00-05:00,NVDA,2011-11-11
UPDATE: Citi Raises Price Target on NVIDIA to $17,2011-11-11 07:18:00-05:00,NVDA,2011-11-11
US Stock Futures Up; All Eyes On Disney,2011-11-11 06:31:00-05:00,NVDA,2011-11-11
Citigroup Raises PT on NVIDIA to $17,2011-11-11 06:13:00-05:00,NVDA,2011-11-11
Stocks To Watch For November 11,2011-11-11 04:05:00-05:00,NVDA,2011-11-11
NVIDIA's Profit Rises in Tandem With Healthy Revenue,2011-11-10 16:57:00-05:00,NVDA,2011-11-11
NVIDIA Corporation Pops on Q3 Results,2011-11-10 16:36:00-05:00,NVDA,2011-11-11
UPDATE: NVidia Sees Q4 Revenues $1.04B-$1.09B vs $1.07B Est,2011-11-10 16:24:00-05:00,NVDA,2011-11-11
NVidia Guides Q4 Gross Margin Unchanged at 52.5%; Depreciation & Amortization $53M-$57M,2011-11-10 16:22:00-05:00,NVDA,2011-11-11
NVIDIA Corporation Reports Q3 EPS $0.35 vs $0.26 Est; Revenues $1.07B vs $1.06B Est		,2011-11-10 16:20:00-05:00,NVDA,2011-11-11
US Stock Futures Up; Jobless Claims Data In Focus,2011-11-10 06:15:00-05:00,NVDA,2011-11-10
Earnings Scheduled For November 10,2011-11-10 04:28:00-05:00,NVDA,2011-11-10
"NVIDIA Earnings Preview: Analysts Expect Higher EPS, Revenue",2011-11-08 09:39:00-05:00,NVDA,2011-11-08
"Benzinga's Top ETF Gainers, November 3rd (SOXL, TNA, ERX, NUGT)",2011-11-03 18:56:00-04:00,NVDA,2011-11-04
"Canaccord Downgrades NVIDIA to Hold, $15 PT",2011-11-01 08:33:00-04:00,NVDA,2011-11-01
Goldman Sachs Maintains Neutral Rating and $14 PT on Nvidia ,2011-10-31 09:34:00-04:00,NVDA,2011-10-31
AMD on Deck: Spotlight on New CEO,2011-10-27 13:33:00-04:00,NVDA,2011-10-27
Microsoft: Searching for Signs of Life,2011-10-21 11:50:00-04:00,NVDA,2011-10-21
"Benzinga's Top ETF Decliners, October 20th (EDC, SOXL, FAZ, DBB)",2011-10-20 18:59:00-04:00,NVDA,2011-10-21
"Benzinga's Top ETF Gainers, October 20th (BOM, EDZ, SOXS, FAS)",2011-10-20 18:45:00-04:00,NVDA,2011-10-21
"Benzinga's Top ETF Decliners, October 13th (SOXS, FAS, AGQ, NUGT)",2011-10-13 20:01:00-04:00,NVDA,2011-10-14
"Benzinga's Top ETF Gainers, October 13th (SOXL, FAZ, ZSL, SGG)",2011-10-13 19:51:00-04:00,NVDA,2011-10-14
Oppenheimer Publishes 3Q Earnings Preview for Semiconductors,2011-10-11 07:57:00-04:00,NVDA,2011-10-11
Cray Lands $97 Million Contract to Upgrade Supercomputer at Oak Ridge National Laboratory  ,2011-10-11 07:00:00-04:00,NVDA,2011-10-11
Can Apple and Amazon Save Christmas?  ,2011-10-05 12:39:00-04:00,NVDA,2011-10-05
"Benzinga's Top ETF Decliners, October 3rd (TNA, DRN, FAS, SOXL)",2011-10-03 19:34:00-04:00,NVDA,2011-10-04
Oppenheimer Reiterates Underperform on Advanced Micro Devices,2011-09-29 08:51:00-04:00,NVDA,2011-09-29
Hearing NVIDIA Mentioned Positively by Wedge Partners,2011-09-28 12:55:00-04:00,NVDA,2011-09-28
Did Apple Just Take a Bite Out of Itself?,2011-09-26 09:31:00-04:00,NVDA,2011-09-26
Benzinga's Top Pre-Market Losers,2011-09-20 07:37:00-04:00,NVDA,2011-09-20
Benzinga's Top Pre-Market Losers,2011-09-19 07:49:00-04:00,NVDA,2011-09-19
"Benzinga's Top ETF Decliners, September 14th (SOXS, TVIX, TZA, FSG)",2011-09-14 19:45:00-04:00,NVDA,2011-09-15
"Benzinga's Top ETF Gainers, September 14th (SOXL, TNA, UPV, TQQQ)",2011-09-14 19:34:00-04:00,NVDA,2011-09-15
Nvidia Receives Positive Mad Money/Jim Cramer Mention -CNBC,2011-09-13 18:31:00-04:00,NVDA,2011-09-14
These 5 Stocks Will Benefit From Windows 8,2011-09-13 12:18:00-04:00,NVDA,2011-09-13
"Winifred Jiau, First Woman Arrested In FBI Insider Trading Probe, Should Get Sentence of Up to 10 Years, US Says",2011-09-12 13:55:00-04:00,NVDA,2011-09-12
Taiwan Semiconductor Raising Prices on Products on Vanilla Wafers - SemiAccurate,2011-09-08 12:24:00-04:00,NVDA,2011-09-08
J.P. Morgan Releases SMid Semiconductors Report,2011-09-08 09:51:00-04:00,NVDA,2011-09-08
J.P. Morgan Maintains Neutral on NVIDIA,2011-09-07 07:49:00-04:00,NVDA,2011-09-07
Benzinga's Top Pre-Market Gainers,2011-09-07 07:36:00-04:00,NVDA,2011-09-07
UPDATE: Nvidia Spiking Higher After Hours After Raising Guidance,2011-09-06 17:07:00-04:00,NVDA,2011-09-07
Nvidia Expects FY2013 Revenue to be $4.7-5B,2011-09-06 16:58:00-04:00,NVDA,2011-09-07
Nvidia CEO Says Quad Core Tablets Coming This Year - Bloomberg,2011-09-06 16:13:00-04:00,NVDA,2011-09-07
Earnings Expectations for the Week of September 5,2011-09-04 16:54:00-04:00,NVDA,2011-09-05
Earnings Expectations for the Week of September 5,2011-09-04 16:46:00-04:00,NVDA,2011-09-05
Here's Why The iPad's Dominance Is About To End,2011-08-31 12:48:00-04:00,NVDA,2011-08-31
"Benzinga's Top ETF Gainers, August 26th (RUSL, SOXL, TQQQ, TYH)",2011-08-26 22:20:00-04:00,NVDA,2011-08-29
"Benzinga's Top ETF Decliners, August 23rd (SOXS, ERY, FSG, SQQQ)",2011-08-23 19:29:00-04:00,NVDA,2011-08-24
"Benzinga's Top ETF Gainers, August 23rd (SOXL, TNA, ERX, TQQQ)",2011-08-23 19:10:00-04:00,NVDA,2011-08-24
Morning Gainers; Vonage up on Heavy Volume,2011-08-23 10:35:00-04:00,NVDA,2011-08-23
The Long ARM Of The Law Of Portfolio Gains,2011-08-23 09:07:00-04:00,NVDA,2011-08-23
Nvidia Raised to 'Outperform' by Wells Fargo,2011-08-23 07:59:00-04:00,NVDA,2011-08-23
Technical Set-Up - Death Cross  08-12-2011,2011-08-15 15:16:00-04:00,NVDA,2011-08-15
"Home, Home on the Range  08-12-2011",2011-08-15 15:12:00-04:00,NVDA,2011-08-15
Can Support Hold?  08-11-2011,2011-08-15 15:08:00-04:00,NVDA,2011-08-15
Movin' On Up  08-11-2011,2011-08-15 15:05:00-04:00,NVDA,2011-08-15
NVIDIA Continues Slide,2011-08-12 15:13:00-04:00,NVDA,2011-08-12
"FBR Capital Markets Maintains NVIDIA Market Perform, $19 PT",2011-08-12 13:53:00-04:00,NVDA,2011-08-12
Friday's Mid-Day Options Volume Leaders,2011-08-12 13:00:00-04:00,NVDA,2011-08-12
"NVIDIA Beats, Then Gets Beaten",2011-08-12 11:39:00-04:00,NVDA,2011-08-12
NVIDIA Moving to New Session Lows on Above Average Volume,2011-08-12 10:51:00-04:00,NVDA,2011-08-12
Oppenheimer Reiterates Outperform on NVIDIA,2011-08-12 09:14:00-04:00,NVDA,2011-08-12
"UPDATE:  Citi Reiterates Hold on NVIDIA, Reduces PT to $18",2011-08-12 08:44:00-04:00,NVDA,2011-08-12
"Stifel Nicolaus Lowers PT On ENS, NVDA",2011-08-12 08:06:00-04:00,NVDA,2011-08-12
Benzinga's Top Pre-Market Gainers,2011-08-12 08:01:00-04:00,NVDA,2011-08-12
"News Summary for August 12, 2011",2011-08-12 07:50:00-04:00,NVDA,2011-08-12
UPDATE: J.P. Morgan Lowers Price Target On Nvidia To $18,2011-08-12 07:34:00-04:00,NVDA,2011-08-12
"Nvidia is Trading Up over 13% in Pre-Market Trading, After Reporting Earnings Thursday After the Close",2011-08-12 07:28:00-04:00,NVDA,2011-08-12
Bank Of America Maintains Buy Rating On Nvidia,2011-08-12 07:20:00-04:00,NVDA,2011-08-12
Citigroup Lowers PT On NVIDIA To $18,2011-08-12 06:51:00-04:00,NVDA,2011-08-12
US Stock Futures Slightly Up; Economic Data In Focus,2011-08-12 06:08:00-04:00,NVDA,2011-08-12
JP Morgan Lowers PT On NVIDIA To $18,2011-08-12 06:04:00-04:00,NVDA,2011-08-12
Stocks To Watch For August 12,2011-08-12 03:21:00-04:00,NVDA,2011-08-12
NVIDIA Tops Estimates,2011-08-11 17:03:00-04:00,NVDA,2011-08-12
NVIDIA Screams Higher on Q2 Earnings Beat,2011-08-11 16:31:00-04:00,NVDA,2011-08-12
NVIDIA Guides Q3 Revenue $1.06-1.08B vs $1.05B Est; Guides Q3 Tax Rate 15-17%,2011-08-11 16:24:00-04:00,NVDA,2011-08-12
Nvidia Spiking Higher After Earnings Release,2011-08-11 16:23:00-04:00,NVDA,2011-08-12
NVIDIA Corp. Reports Q2 EPS $0.32 vs $0.25 Est; Revenues 1.02B$ vs $1.01B Est				,2011-08-11 16:21:00-04:00,NVDA,2011-08-12
Intel's Ultra-Secret Defense Against ARM Holdings,2011-08-11 12:34:00-04:00,NVDA,2011-08-11
Benzinga's Top Pre-Market Gainers,2011-08-11 07:42:00-04:00,NVDA,2011-08-11
Tablet Thursday: Top 5 Contenders You Should Know About,2011-08-11 05:59:00-04:00,NVDA,2011-08-11
US Stock Futures Up; Cisco Shares Jump In Pre-Market,2011-08-11 05:56:00-04:00,NVDA,2011-08-11
Earnings Scheduled For August 11,2011-08-11 03:43:00-04:00,NVDA,2011-08-11
NVIDIA Taps Industry Veteran Steve Scott to Help Shape the Future of High Performance Computing ,2011-08-10 16:20:00-04:00,NVDA,2011-08-11
NVIDIA and Samsung Expand GALAXY Smartphones With New GALAXY R Smartphone ,2011-08-10 09:05:00-04:00,NVDA,2011-08-10
"Earnings Preview: NVIDIA's EPS, Revenue Expected to Rise",2011-08-08 14:21:00-04:00,NVDA,2011-08-08
"Fusion-io Teams Up With NVIDIA, Tweak Software and Thinkbox Software to Accelerate Entertainment Production",2011-08-08 08:32:00-04:00,NVDA,2011-08-08
Earnings Expectations for the Week of August 8,2011-08-07 12:02:00-04:00,NVDA,2011-08-07
"Benzinga's Top ETF Decliners, August 3rd (ZSL, PALL, SOXS, UGA)",2011-08-03 20:11:00-04:00,NVDA,2011-08-04
"Benzinga's Top ETF Gainers, August 3rd (AGQ, BZQ, SOXL, AGA)",2011-08-03 19:55:00-04:00,NVDA,2011-08-04
"Aw Snap, Is Market Gonna Crackle or Pop?",2011-08-02 15:53:00-04:00,NVDA,2011-08-02
Tuesday's Mid-Day Options Volume Leaders,2011-08-02 12:30:00-04:00,NVDA,2011-08-02
"Fast Money Picks For August 2nd (TTM, LLL, TKR, NVDA)",2011-08-01 20:47:00-04:00,NVDA,2011-08-02
"Take That, iPad 3: Amazon Prepping 4 Million Tablets For 2011",2011-07-28 10:16:00-04:00,NVDA,2011-07-28
Benzinga's Top Pre-Market Losers,2011-07-26 07:48:00-04:00,NVDA,2011-07-26
Negative Analyst Comments About NVIDIA Circulate,2011-07-21 13:15:00-04:00,NVDA,2011-07-21
Top 4 NASDAQ Stocks In The Semiconductor-Specialized Industry With The Highest Cash,2011-07-21 02:53:00-04:00,NVDA,2011-07-21
"Jefferies Initiates NVIDIA At Hold, $16 PT",2011-07-19 06:35:00-04:00,NVDA,2011-07-19
"Benzinga's Top ETF Decliners, July 18th (ZSL, TNA, SOXL, FAS)",2011-07-18 19:17:00-04:00,NVDA,2011-07-19
"Benzinga's Top ETF Gainers, July 18th (AGQ, TZA, TVIX, SOXS)",2011-07-18 19:06:00-04:00,NVDA,2011-07-19
Sterne Agee Neutral On Nvidia ,2011-07-05 09:39:00-04:00,NVDA,2011-07-05
"Evercore Initiates NVIDIA At Underweight, $12 PT",2011-06-30 07:36:00-04:00,NVDA,2011-06-30
NVIDIA Hints at Major Product Announcement Tuesday,2011-06-27 16:53:00-04:00,NVDA,2011-06-28
J.P.  Morgan Discusses Semiconductors,2011-06-27 07:35:00-04:00,NVDA,2011-06-27
"Benzinga's Top ETF Decliners, June 23rd (DRN, AGQ, UCO, SOXS)",2011-06-23 18:55:00-04:00,NVDA,2011-06-24
"Benzinga's Top ETF Gainers, June 23rd (ZSL, DRV, SCO, SOXL)",2011-06-23 18:46:00-04:00,NVDA,2011-06-24
"NVIDIA Corporation Spiking Lower, Hearing Google Nexus won't feature Nividia",2011-06-15 10:42:00-04:00,NVDA,2011-06-15
"Blueshift Ideas Positive On ARM Holdings, Tablets As A Whole",2011-06-09 14:44:00-04:00,NVDA,2011-06-09
3 Stocks With Recent Dividend Boosts,2011-06-09 13:42:00-04:00,NVDA,2011-06-09
S&P 500's Technology Sector Update 6/9/2011,2011-06-09 12:41:00-04:00,NVDA,2011-06-09
Qualcomm CEO Blames Nvidia for Delaying Debut of Android Tablets -Bloomberg,2011-06-02 14:25:00-04:00,NVDA,2011-06-02
What Nokia's Implosion Means for Microsoft's Smartphone Assault,2011-06-01 14:17:00-04:00,NVDA,2011-06-01
Auriga Reports on Nvidia,2011-05-31 08:44:00-04:00,NVDA,2011-05-31
"Auriga Upgrades NVIDIA To Buy, Raises PT To $24",2011-05-31 06:47:00-04:00,NVDA,2011-05-31
YouTube + NVIDIA = 3D Love,2011-05-26 14:06:00-04:00,NVDA,2011-05-26
"Nvidia Amends Bylaws, Divides Board Into 3 Classes -Bloomberg",2011-05-24 16:26:00-04:00,NVDA,2011-05-25
Amazon Rising On Tablet Rumors ,2011-05-23 12:01:00-04:00,NVDA,2011-05-23
"Key Takeaways From Dell, HP Recent Earnings Reports",2011-05-18 12:12:00-04:00,NVDA,2011-05-18
Semiconductors Throttled! ,2011-05-17 14:55:00-04:00,NVDA,2011-05-17
Positive Rumors About Nvidia Corp Circulate (NVDA),2011-05-17 10:33:00-04:00,NVDA,2011-05-17
Positive Rumors About Nvidia Corp Circulate (NVDA),2011-05-17 10:20:00-04:00,NVDA,2011-05-17
Nvidia Falling Again (NVDA),2011-05-16 09:53:00-04:00,NVDA,2011-05-16
"Should i buy Suburban Propane, Nucor, Olin Corporation- SPH, NUE, OLN today?",2011-05-16 07:52:00-04:00,NVDA,2011-05-16
Friday the 13th Somewhat Scary in the Markets  05-13-2011,2011-05-13 18:23:00-04:00,NVDA,2011-05-16
Focus is on Dollar & Greece  05-13-2011,2011-05-13 15:11:00-04:00,NVDA,2011-05-13
"Top Percentage Gainers and Losers as of 2pm 05/13/11 (ABIO, GFRE, DDS, APL, DF, VRML, DAR, SWSH, ONTY, GS, RMBS, LPHI, GGS, CA, NVDA, IMRS, MNTX, MPG, GTY)",2011-05-13 14:00:00-04:00,NVDA,2011-05-13
"Top Percentage Gainers and Losers as of 12pm 5/13/11 (ABIO, DDS, GFRE, APL, VRML, DF, SWSH, CLSN, AERL, CA, NVDA, QTWW, IMRS, FFHL, MPG, GENE)",2011-05-13 12:04:00-04:00,NVDA,2011-05-13
4 Big Takeaways From NVIDIA's Q1 Results,2011-05-13 11:56:00-04:00,NVDA,2011-05-13
"Top day traders Stocks and nalyst Upgrades & Downgrades on 5/13/11- NVDA, PNSN, VRML, A, YHOO, DF",2011-05-13 09:49:00-04:00,NVDA,2011-05-13
"Market update- AmerisourceBergen, ABC, TOT, Exxon, XOM, Nvidia, NVDA",2011-05-13 09:11:00-04:00,NVDA,2011-05-13
Deutsche Bank Reports GPU Driven Upside For NVDA,2011-05-13 08:59:00-04:00,NVDA,2011-05-13
Sterne Agee Maintains Neutral Rating On NVIDIA,2011-05-13 08:42:00-04:00,NVDA,2011-05-13
"Benzinga's Top Downgrades (AHII, NVDA)",2011-05-13 08:32:00-04:00,NVDA,2011-05-13
"Benzinga's Top Pre-Market NASDAQ Losers (NVDA, YHOO, SHOR, BMTI)",2011-05-13 08:24:00-04:00,NVDA,2011-05-13
"CEOWORLD Top Semiconductors Stocks on 5/13/11- SPRD, DSTI, MSPD, TXCC, CREE, FSLR, SPA, MTSN, NVLS, NVDA, KBALB, ASYS…",2011-05-13 08:17:00-04:00,NVDA,2011-05-13
"Bank of America Reduces PT on NVIDIA to $26, Maintains Buy (NVDA)",2011-05-13 08:15:00-04:00,NVDA,2011-05-13
Citi Reports NVIDIA 1Q11 Results,2011-05-13 07:53:00-04:00,NVDA,2011-05-13
"US Stock Futures Up After Strong Euro-Zone Growth; Gold, Silver Futures Rise",2011-05-13 06:35:00-04:00,NVDA,2011-05-13
Citigroup Lowers PT On NVIDIA To $22,2011-05-13 06:12:00-04:00,NVDA,2011-05-13
Bank of America Lowers PT On NVIDIA To $26,2011-05-13 05:48:00-04:00,NVDA,2011-05-13
"CEOWORLD Most Popular Stocks on 5/13/11- CA, NVDA, VRML, JWN, ENB, PNSN, SFIO, PAY, HYC, TREE",2011-05-13 03:49:00-04:00,NVDA,2011-05-13
"Stocks To Watch For May 13 (A, JWN, NVDA, YUM, FENG)",2011-05-13 00:25:00-04:00,NVDA,2011-05-13
Nvidia Running After Hours; Beats On Top And Bottom Lines (NVDA),2011-05-12 16:24:00-04:00,NVDA,2011-05-13
NVIDIA Expects Q2 Revenue to Grow 4% to 6%,2011-05-12 16:24:00-04:00,NVDA,2011-05-13
NVIDIA Corp Reports EPS of $0.27 vs. $0.19 Estimate; Revenues $962.0M vs. $946.89M Estimate (NVDA),2011-05-12 16:20:00-04:00,NVDA,2011-05-13
Auriga Maintains Hold Rating On Nvidia,2011-05-12 08:42:00-04:00,NVDA,2011-05-12
US Stock Futures Signal Lower Start On Wall Street; Weekly Jobless Claims Data In Focus; Cisco Shares Down In Pre-Market Trading ,2011-05-12 06:28:00-04:00,NVDA,2011-05-12
"Earnings Scheduled For May 12 (DRYS, JWN, AHII, KSS, DAR, NVDA, CACH, XIN, ACAT, BBOX, ESLR, CXPO, IRWD, CTFO, TREE, CYCC, CXDC)",2011-05-12 02:15:00-04:00,NVDA,2011-05-12
"Stocks To Watch For May 12 (JWN, CSCO, KSS, SYMC, NVDA)",2011-05-12 00:42:00-04:00,NVDA,2011-05-12
Earnings Preview for Nvidia (NVDA),2011-05-11 14:50:00-04:00,NVDA,2011-05-11
Goldman Sachs Maintains Neutral on Nvidia (NVDA),2011-05-10 09:40:00-04:00,NVDA,2011-05-10
"FBR Capital Markets Previews NVDA 1Q11 Earnings, 2Q11 Guidance",2011-05-10 07:52:00-04:00,NVDA,2011-05-10
Nvidia Buy Expands Product Portfolio (NVDA),2011-05-09 15:05:00-04:00,NVDA,2011-05-09
"Market Update- SRE, ISAT, THC, SYY, ONTY, TRMB, NVDA- Analysts Upgraded",2011-05-09 09:57:00-04:00,NVDA,2011-05-09
Sterne Agee Gives Earnings Preview On NVIDIA Corporation,2011-05-09 09:33:00-04:00,NVDA,2011-05-09
Goldman Sachs Neutral On Nvidia Corp. (NVDA),2011-04-29 10:14:00-04:00,NVDA,2011-04-29
Daily Long and Short Setup,2011-04-28 12:14:00-04:00,NVDA,2011-04-28
Nvidia Adds 2.50% (NVDA),2011-04-28 11:40:00-04:00,NVDA,2011-04-28
"CEOWORLD top 6 buy Materials stocks list for 28 April- SWC, SSRI, SLW, AAU, ROC, FCX",2011-04-28 09:26:00-04:00,NVDA,2011-04-28
"CEOWORLD Most Actives Technology Stocks by volume Watch on 4/27/11- AAPL, INTC, MSFT, CSCO, BIDU",2011-04-27 10:26:00-04:00,NVDA,2011-04-27
"CEOWORLD Magazine DAILY BUSINESS AND TECH ROUNDUP- JNJ, SNE, AMAT, AMZN, STX, NWS, MSFT, NDAQ, NYX, NVDA, BP, YHOO",2011-04-27 05:19:00-04:00,NVDA,2011-04-27
"Strong Price Action In NVDIA (NVDA, INTC)",2011-04-26 14:50:00-04:00,NVDA,2011-04-26
"Benzinga's Top ETF Decliners, April 18th (EDC, SOXL, EGPT, ERX)",2011-04-18 17:16:00-04:00,NVDA,2011-04-19
"Benzinga's Top ETF Gainers, April 18th (EDZ, DPK, SOXS, TVIX)",2011-04-18 16:59:00-04:00,NVDA,2011-04-19
"CEOWORLD Daily Business Roundup- JNJ, CHK, AMD, T, AXP, AAPL, INTC, JPM, GOOG, LLY, CSCO…",2011-04-16 07:47:00-04:00,NVDA,2011-04-16
Friday Stocks To Watch,2011-04-14 18:19:00-04:00,NVDA,2011-04-15
TiVo Rallies Back To Positive (TIVO),2011-04-12 15:32:00-04:00,NVDA,2011-04-12
"Technology Executives Sue Goldman Sachs Over Margin Fraud (GS, MRVL)",2011-04-12 05:53:00-04:00,NVDA,2011-04-12
"Nvidia Falls 3% On Tegra 2 Chatter (NVDA, AAPL)",2011-04-08 16:06:00-04:00,NVDA,2011-04-11
Nvidia Consolidating Intra-Day; Up 3.61% (NVDA),2011-04-07 12:29:00-04:00,NVDA,2011-04-07
"Morgan Stanley Discontinues Coverage Of ONNN, NVDA, MCHP, MXIM, INTC",2011-04-06 08:09:00-04:00,NVDA,2011-04-06
"Fast Money Pops & Drops, April 4th (NVDA, MOS, MCP, S, F)",2011-04-04 19:36:00-04:00,NVDA,2011-04-05
Nvidia Continues To Hit New Lows (NVDA),2011-04-04 11:59:00-04:00,NVDA,2011-04-04
"Chips Getting Hit Hard (NVDA, MRVL, INTC)",2011-03-30 10:44:00-04:00,NVDA,2011-03-30
Goldman Sachs Maintains Neutral on NVIDIA Corp. (NVDA),2011-03-29 07:48:00-04:00,NVDA,2011-03-29
Bottom May Be In For Nvidia (NVDA),2011-03-28 12:46:00-04:00,NVDA,2011-03-28
"Benzinga's Top Upgrades (NOK, ILMN, NVDA, T)",2011-03-28 08:21:00-04:00,NVDA,2011-03-28
"Benzinga's Top Pre-Market NASDAQ Gainers (JASO, NVDA, FFIV, CSIQ)",2011-03-28 08:09:00-04:00,NVDA,2011-03-28
JMP Securities Upgrades NVDA To Outperform,2011-03-28 06:47:00-04:00,NVDA,2011-03-28
"Benzinga's Top ETF Decliners, March 24th (SOXS, TVIX, SQQQ, SPXU)",2011-03-24 20:55:00-04:00,NVDA,2011-03-25
"Benzinga's Top ETF Gainers, March 24th (SOXL, TQQQ, DAG, EGPT)",2011-03-24 20:36:00-04:00,NVDA,2011-03-25
"NASDAQ Movers (NVDA, JDSU, MU)",2011-03-24 13:36:00-04:00,NVDA,2011-03-24
"Benzinga's Top ETF Decliners, March 22nd (EGPT, DTO, SOXL, DRN)",2011-03-22 20:34:00-04:00,NVDA,2011-03-23
Oppenheimer Comments On Intel & NVIDIA Following CFO Resignation,2011-03-16 07:13:00-04:00,NVDA,2011-03-16
"US Stock Futures Down, Economic Data In Focus; Japan's Nikkei Ends 5.7% Higher",2011-03-16 06:44:00-04:00,NVDA,2011-03-16
"Stocks To Watch For March 16 (PSUN, GES, RMBS, VRA, NVDA)",2011-03-16 02:38:00-04:00,NVDA,2011-03-16
NVIDIA Announces Resignation of CFO David White ,2011-03-15 16:20:00-04:00,NVDA,2011-03-16
Wells Fargo Initiates NVIDIA at Market Perform (NVDA),2011-03-15 09:53:00-04:00,NVDA,2011-03-15
"Mad Money Lightning Round: Cramer Likes Salesforce.com (NVDA, CLNE, RF, HBAN, C, NXPI, XLNX, QCOM, SWKS, NKE, CRM)",2011-03-15 02:39:00-04:00,NVDA,2011-03-15
"Benzinga's Top ETF Decliners, March 10th (ERX, EDC, URTY, SOXL)",2011-03-10 18:42:00-05:00,NVDA,2011-03-11
"Benzinga's Top ETF Gainers, March 10th (ERY, EDZ, TZA, SOXS)",2011-03-10 18:28:00-05:00,NVDA,2011-03-11
"FBR Capital Maintains Market Perform Rating, $22 PT On NVDA ",2011-03-09 09:34:00-05:00,NVDA,2011-03-09
"Deutsche Bank Retains NVIDIA Hold, $20 PT (NVDA)",2011-03-09 09:07:00-05:00,NVDA,2011-03-09
J.P. Morgan Neutral On NVIDIA Corporation (NVDA),2011-03-09 07:35:00-05:00,NVDA,2011-03-09
"JPM Says ""Our Bearish View on the Company's Execution Proved Wrong"" (NVDA)",2011-03-08 09:53:00-05:00,NVDA,2011-03-08
"Benzinga's Top Upgrades (NVDA, ANF, MIPS, WFT)",2011-03-08 08:23:00-05:00,NVDA,2011-03-08
J.P. Morgan Upgrades NVIDIA Corporation To Neutral (NVDA),2011-03-08 07:59:00-05:00,NVDA,2011-03-08
"JP Morgan Upgrades NVIDIA To Neutral, $21 PT",2011-03-08 07:24:00-05:00,NVDA,2011-03-08
"Goldman Sachs Gives Color On Semiconductors (NVDA, NSM, TXN)",2011-03-07 08:23:00-05:00,NVDA,2011-03-07
Auriga Still Not Sure Where Reality Lies For NVidia,2011-03-07 07:47:00-05:00,NVDA,2011-03-07
Nvidia Goes Negative (NVDA),2011-03-03 10:06:00-05:00,NVDA,2011-03-03
